YEAR,MONTH,SEX,educ_group,lf_wt,unemp_wt,n,date
1980,1,Male,Bachelor's+,11369388.59000001,189391.00999999998,8617,1980-01-01
1980,1,Male,HS diploma,16740851.629999982,812520.7800000003,12887,1980-01-01
1980,1,Male,Less than HS,11056988.069999957,840841.5899999995,8310,1980-01-01
1980,1,Male,Some college,8143675.570000037,308095.23000000004,6280,1980-01-01
1980,1,Female,Bachelor's+,6212444.1099999985,147382.34999999992,4877,1980-01-01
1980,1,Female,HS diploma,15169643.170000028,747420.5399999996,11789,1980-01-01
1980,1,Female,Less than HS,6591120.519999975,624556.6600000001,5090,1980-01-01
1980,1,Female,Some college,5690233.989999993,250186.32999999993,4565,1980-01-01
1980,2,Male,Bachelor's+,11359211.639999982,192272.37999999995,8671,1980-02-01
1980,2,Male,HS diploma,16757798.779999955,825472.4999999994,12924,1980-02-01
1980,2,Male,Less than HS,11070823.760000044,848849.7900000006,8345,1980-02-01
1980,2,Male,Some college,8294020.049999998,305429.9400000002,6442,1980-02-01
1980,2,Female,Bachelor's+,6158676.170000015,172288.98,4892,1980-02-01
1980,2,Female,HS diploma,15284135.400000045,775848.2999999998,11866,1980-02-01
1980,2,Female,Less than HS,6488914.64999998,591870.4300000002,5023,1980-02-01
1980,2,Female,Some college,5852370.870000003,257935.48000000019,4674,1980-02-01
1980,3,Male,Bachelor's+,11448422.589999994,192505.99000000002,8656,1980-03-01
1980,3,Male,HS diploma,16788696.89999992,861297.36,12879,1980-03-01
1980,3,Male,Less than HS,10975789.850000003,835186.3499999997,8260,1980-03-01
1980,3,Male,Some college,8253140.459999991,362324.36000000004,6350,1980-03-01
1980,3,Female,Bachelor's+,6215264.9999999795,139919.19999999998,4904,1980-03-01
1980,3,Female,HS diploma,15208698.620000001,738703.3900000008,11779,1980-03-01
1980,3,Female,Less than HS,6524380.6299999915,548003.5600000002,4956,1980-03-01
1980,3,Female,Some college,5804678.44000001,242516.0799999999,4648,1980-03-01
1980,4,Male,Bachelor's+,11401222.929999996,196775.39999999994,8712,1980-04-01
1980,4,Male,HS diploma,16850823.489999954,928048.3700000009,13101,1980-04-01
1980,4,Male,Less than HS,11104009.53999996,917571.6000000003,8434,1980-04-01
1980,4,Male,Some college,8220261.579999994,339653.45,6399,1980-04-01
1980,4,Female,Bachelor's+,6191199.2299999995,154993.93999999992,4952,1980-04-01
1980,4,Female,HS diploma,15320609.200000105,789724.5100000001,11958,1980-04-01
1980,4,Female,Less than HS,6542467.899999993,584218.95,4973,1980-04-01
1980,4,Female,Some college,5770042.529999985,219498.14999999997,4648,1980-04-01
1980,5,Male,Bachelor's+,11468008.780000072,171500.15999999997,8783,1980-05-01
1980,5,Male,HS diploma,16906054.87999999,919728.3300000003,13186,1980-05-01
1980,5,Male,Less than HS,11138835.899999999,886323.6699999997,8510,1980-05-01
1980,5,Male,Some college,8231429.150000009,338883.25000000006,6364,1980-05-01
1980,5,Female,Bachelor's+,6216798.280000005,140478.22,4966,1980-05-01
1980,5,Female,HS diploma,15105208.21000005,797067.7899999989,11823,1980-05-01
1980,5,Female,Less than HS,6615651.11,559965.1100000002,5040,1980-05-01
1980,5,Female,Some college,5744747.87999999,252527.24999999994,4600,1980-05-01
1980,6,Male,Bachelor's+,11600601.56999993,204792.12000000005,8804,1980-06-01
1980,6,Male,HS diploma,16873014.43000002,928397.1599999995,13069,1980-06-01
1980,6,Male,Less than HS,11181228.610000024,803564.7800000005,8510,1980-06-01
1980,6,Male,Some college,8169912.380000007,378688.42000000016,6284,1980-06-01
1980,6,Female,Bachelor's+,5997084.479999979,219574.93999999997,4717,1980-06-01
1980,6,Female,HS diploma,14995952.54999999,804686.5300000003,11665,1980-06-01
1980,6,Female,Less than HS,6478552.929999987,556700.0500000002,4902,1980-06-01
1980,6,Female,Some college,5684176.110000012,278181.00000000006,4498,1980-06-01
1980,7,Male,Bachelor's+,11512292.129999999,262194.81000000006,8778,1980-07-01
1980,7,Male,HS diploma,16841508.799999997,1006679.5700000001,13102,1980-07-01
1980,7,Male,Less than HS,11247641.319999984,877051.6899999997,8562,1980-07-01
1980,7,Male,Some college,8378801.900000017,407552.1700000001,6444,1980-07-01
1980,7,Female,Bachelor's+,5952746.849999993,260482.27000000005,4656,1980-07-01
1980,7,Female,HS diploma,14834890.60000001,876890.5000000003,11547,1980-07-01
1980,7,Female,Less than HS,6450580.800000004,569696.6500000003,4880,1980-07-01
1980,7,Female,Some college,5677183.589999999,296560.8500000001,4508,1980-07-01
1980,8,Male,Bachelor's+,11588163.330000032,244220.4500000001,8723,1980-08-01
1980,8,Male,HS diploma,16921741.46999998,973091.1599999991,13085,1980-08-01
1980,8,Male,Less than HS,11160936.320000025,872345.35,8440,1980-08-01
1980,8,Male,Some college,8382587.449999997,350085.16999999975,6408,1980-08-01
1980,8,Female,Bachelor's+,5962755.379999997,290846.5800000001,4571,1980-08-01
1980,8,Female,HS diploma,15090906.920000032,931008.1800000006,11629,1980-08-01
1980,8,Female,Less than HS,6451156.76000001,624925.0400000005,4840,1980-08-01
1980,8,Female,Some college,5811505.669999993,326982.67999999976,4576,1980-08-01
1980,9,Male,Bachelor's+,11637250.599999944,199611.28000000006,8877,1980-09-01
1980,9,Male,HS diploma,17014414.10999998,935579.7099999998,13192,1980-09-01
1980,9,Male,Less than HS,11157869.600000003,791751.45,8445,1980-09-01
1980,9,Male,Some college,8250067.959999991,327061.3900000001,6400,1980-09-01
1980,9,Female,Bachelor's+,6163238.91,212699.30999999997,4805,1980-09-01
1980,9,Female,HS diploma,15518507.060000025,942337.4499999996,12071,1980-09-01
1980,9,Female,Less than HS,6480263.610000021,556250.28,4909,1980-09-01
1980,9,Female,Some college,6046416.030000006,294851.49000000005,4846,1980-09-01
1980,10,Male,Bachelor's+,11707859.579999996,204972.38000000006,8929,1980-10-01
1980,10,Male,HS diploma,17162162.38000001,829230.7200000004,13384,1980-10-01
1980,10,Male,Less than HS,11082153.71,786142.6799999998,8370,1980-10-01
1980,10,Male,Some college,8275638.310000014,321114.25000000006,6445,1980-10-01
1980,10,Female,Bachelor's+,6378952.23,226801.56999999995,5015,1980-10-01
1980,10,Female,HS diploma,15530534.61999999,950679.2099999996,12109,1980-10-01
1980,10,Female,Less than HS,6598424.150000006,644021.8600000001,4989,1980-10-01
1980,10,Female,Some college,6090638.7099999925,317384.76000000007,4902,1980-10-01
1980,11,Male,Bachelor's+,11815355.939999992,192352.4199999999,9002,1980-11-01
1980,11,Male,HS diploma,17153142.660000056,911990.6200000001,13323,1980-11-01
1980,11,Male,Less than HS,10828904.049999997,795010.4999999997,8198,1980-11-01
1980,11,Male,Some college,8309902.240000021,345335.9100000003,6514,1980-11-01
1980,11,Female,Bachelor's+,6384554.21000001,218067.19999999995,5107,1980-11-01
1980,11,Female,HS diploma,15745994.240000037,895508.2899999988,12181,1980-11-01
1980,11,Female,Less than HS,6478945.559999999,621946.3599999999,4938,1980-11-01
1980,11,Female,Some college,6055473.359999985,291129.19,4877,1980-11-01
1980,12,Male,Bachelor's+,11713273.31999998,163873.52000000002,8858,1980-12-01
1980,12,Male,HS diploma,17108811.660000004,935029.4400000002,13178,1980-12-01
1980,12,Male,Less than HS,10847886.460000018,877967.8800000007,8112,1980-12-01
1980,12,Male,Some college,8405289.82000002,359409.0199999999,6482,1980-12-01
1980,12,Female,Bachelor's+,6239973.12999999,181131.32999999996,5012,1980-12-01
1980,12,Female,HS diploma,15704395.899999984,854175.8999999999,12061,1980-12-01
1980,12,Female,Less than HS,6507242.790000007,630529.4500000001,4947,1980-12-01
1980,12,Female,Some college,6069858.010000008,269799.03,4830,1980-12-01
1981,1,Male,Bachelor's+,11791498.389999961,239901.99000000014,8965,1981-01-01
1981,1,Male,HS diploma,17145476.47999989,1101380.4299999992,13225,1981-01-01
1981,1,Male,Less than HS,10872275.180000033,1039757.1299999993,8096,1981-01-01
1981,1,Male,Some college,8218391.020000027,413001.9700000002,6393,1981-01-01
1981,1,Female,Bachelor's+,6420760.409999994,226666.4000000001,5142,1981-01-01
1981,1,Female,HS diploma,15690706.659999944,962459.7400000003,12094,1981-01-01
1981,1,Female,Less than HS,6390009.220000001,660459.7499999992,4846,1981-01-01
1981,1,Female,Some college,6060582.309999984,283666.78000000014,4804,1981-01-01
1981,2,Male,Bachelor's+,11686564.24999999,216787.38,8894,1981-02-01
1981,2,Male,HS diploma,17251258.140000034,1152851.5200000005,13238,1981-02-01
1981,2,Male,Less than HS,10963722.34000001,1086632.88,8112,1981-02-01
1981,2,Male,Some college,8265150.099999997,398785.7799999999,6426,1981-02-01
1981,2,Female,Bachelor's+,6354271.040000011,161149.81999999998,5089,1981-02-01
1981,2,Female,HS diploma,15939908.959999988,918925.4200000005,12199,1981-02-01
1981,2,Female,Less than HS,6480642.870000004,692377.1699999999,4927,1981-02-01
1981,2,Female,Some college,6176612.650000009,292288.0800000001,4850,1981-02-01
1981,3,Male,Bachelor's+,11838455.199999975,207245.16999999993,8928,1981-03-01
1981,3,Male,HS diploma,17472021.46999988,1107896.0299999993,13201,1981-03-01
1981,3,Male,Less than HS,10788744.390000006,1028097.4599999993,7945,1981-03-01
1981,3,Male,Some college,8311230.770000013,360080.88,6327,1981-03-01
1981,3,Female,Bachelor's+,6420765.699999997,178474.87000000002,5025,1981-03-01
1981,3,Female,HS diploma,16086830.38999996,930718.0399999998,12217,1981-03-01
1981,3,Female,Less than HS,6409340.9300000025,596769.7700000004,4826,1981-03-01
1981,3,Female,Some college,6262939.570000003,282926.5600000001,4858,1981-03-01
1981,4,Male,Bachelor's+,11835101.5400001,223488.53999999992,8943,1981-04-01
1981,4,Male,HS diploma,17570267.939999994,894125.1199999996,13369,1981-04-01
1981,4,Male,Less than HS,10835789.579999983,899176.2400000003,8053,1981-04-01
1981,4,Male,Some college,8289379.44000001,351493.0799999999,6374,1981-04-01
1981,4,Female,Bachelor's+,6520970.910000003,161653.35000000003,5111,1981-04-01
1981,4,Female,HS diploma,16075151.290000021,835696.6000000004,12276,1981-04-01
1981,4,Female,Less than HS,6410115.019999992,564567.0300000001,4822,1981-04-01
1981,4,Female,Some college,6202610.5300000105,265125.05000000005,4862,1981-04-01
1981,5,Male,Bachelor's+,11834871.970000084,199302.66999999993,8101,1981-05-01
1981,5,Male,HS diploma,17686988.289999984,897704.8000000006,12255,1981-05-01
1981,5,Male,Less than HS,10771123.130000005,847864.2000000005,7328,1981-05-01
1981,5,Male,Some college,8431061.869999994,352908.93000000017,5846,1981-05-01
1981,5,Female,Bachelor's+,6470973.0200000135,192263.00999999992,4581,1981-05-01
1981,5,Female,HS diploma,15971572.989999944,879870.53,11135,1981-05-01
1981,5,Female,Less than HS,6574264.539999986,587358.8300000002,4508,1981-05-01
1981,5,Female,Some college,6299202.809999994,282125.06,4466,1981-05-01
1981,6,Male,Bachelor's+,11920926.259999968,245863.22999999998,8096,1981-06-01
1981,6,Male,HS diploma,17582230.77999989,869157.6200000007,12149,1981-06-01
1981,6,Male,Less than HS,10631826.329999948,784314.0700000004,7254,1981-06-01
1981,6,Male,Some college,8383279.110000007,367018.3600000003,5801,1981-06-01
1981,6,Female,Bachelor's+,6368947.42999998,200346.30000000005,4429,1981-06-01
1981,6,Female,HS diploma,15768527.50999993,846630.1900000003,10969,1981-06-01
1981,6,Female,Less than HS,6269508.440000005,573871.1199999999,4318,1981-06-01
1981,6,Female,Some college,6245018.390000012,299798.4399999997,4376,1981-06-01
1981,7,Male,Bachelor's+,11896141.579999985,227893.27000000002,8126,1981-07-01
1981,7,Male,HS diploma,17511389.06000002,851164,12195,1981-07-01
1981,7,Male,Less than HS,10656395.70999999,795506.3600000001,7293,1981-07-01
1981,7,Male,Some college,8546831.190000013,342762.5900000001,5906,1981-07-01
1981,7,Female,Bachelor's+,6330225.229999979,268103.6099999998,4420,1981-07-01
1981,7,Female,HS diploma,15511188.21000002,906272.9900000005,10880,1981-07-01
1981,7,Female,Less than HS,6320133.760000008,541909.7000000002,4353,1981-07-01
1981,7,Female,Some college,6190783.429999987,300407.86999999994,4379,1981-07-01
1981,8,Male,Bachelor's+,12029136.110000005,229473.99999999994,8167,1981-08-01
1981,8,Male,HS diploma,17329225.689999994,824844.5900000007,12096,1981-08-01
1981,8,Male,Less than HS,10580646.639999956,812117.0999999993,7239,1981-08-01
1981,8,Male,Some college,8706512.140000015,336712.0299999999,5978,1981-08-01
1981,8,Female,Bachelor's+,6502826.790000012,309754.6799999999,4531,1981-08-01
1981,8,Female,HS diploma,15351103.100000001,905451.6600000003,10811,1981-08-01
1981,8,Female,Less than HS,6313533.409999994,613861.9200000004,4331,1981-08-01
1981,8,Female,Some college,6272909.870000006,302971.5800000002,4428,1981-08-01
1981,9,Male,Bachelor's+,12201538.380000021,244414.80000000005,8319,1981-09-01
1981,9,Male,HS diploma,17209251.30000002,818809.14,11994,1981-09-01
1981,9,Male,Less than HS,10582198.250000015,708648.1300000002,7189,1981-09-01
1981,9,Male,Some college,8697900.899999997,330173.98999999976,6002,1981-09-01
1981,9,Female,Bachelor's+,6787804.069999978,286135.07999999996,4787,1981-09-01
1981,9,Female,HS diploma,15674146.469999999,967413.63,11046,1981-09-01
1981,9,Female,Less than HS,6388976.239999998,596608.3699999999,4400,1981-09-01
1981,9,Female,Some college,6360325.849999996,328233.92999999993,4564,1981-09-01
1981,10,Male,Bachelor's+,12256790.710000042,231188.52999999985,8342,1981-10-01
1981,10,Male,HS diploma,17217523.069999937,934356.0799999996,12004,1981-10-01
1981,10,Male,Less than HS,10602941.94000005,825278.2899999999,7209,1981-10-01
1981,10,Male,Some college,8831821.490000004,363723.5599999999,6118,1981-10-01
1981,10,Female,Bachelor's+,6926248.030000011,257289.6199999999,4914,1981-10-01
1981,10,Female,HS diploma,15902982.789999986,984709.2999999996,11224,1981-10-01
1981,10,Female,Less than HS,6606355.050000008,678649.6599999999,4525,1981-10-01
1981,10,Female,Some college,6493913.160000005,312664.5999999999,4640,1981-10-01
1981,11,Male,Bachelor's+,12212496.310000075,250753.97,8328,1981-11-01
1981,11,Male,HS diploma,17418119.940000027,1049549.7199999997,12128,1981-11-01
1981,11,Male,Less than HS,10528109.219999999,899499.0299999997,7169,1981-11-01
1981,11,Male,Some college,8614084.289999982,432847.76999999996,6017,1981-11-01
1981,11,Female,Bachelor's+,6925724.270000011,238212.08000000007,4923,1981-11-01
1981,11,Female,HS diploma,16207587.929999985,1081702.09,11400,1981-11-01
1981,11,Female,Less than HS,6556225.470000016,670578.5000000003,4489,1981-11-01
1981,11,Female,Some college,6435965.570000005,313243.4400000001,4584,1981-11-01
1981,12,Male,Bachelor's+,12102078.699999979,277358.36,8178,1981-12-01
1981,12,Male,HS diploma,17804204.529999916,1342494.6400000004,12209,1981-12-01
1981,12,Male,Less than HS,10407483.999999953,1003718.4099999996,7009,1981-12-01
1981,12,Male,Some college,8564406.199999973,489625.96,5902,1981-12-01
1981,12,Female,Bachelor's+,6880367.320000001,189582.95999999988,4841,1981-12-01
1981,12,Female,HS diploma,15979657.310000086,1020648.4800000006,11209,1981-12-01
1981,12,Female,Less than HS,6519002.390000007,687348.1500000004,4429,1981-12-01
1981,12,Female,Some college,6381559.690000003,308010.05999999994,4560,1981-12-01
1982,1,Male,Bachelor's+,12295943.889999997,289118.87999999983,8262,1982-01-01
1982,1,Male,HS diploma,17612874.010000046,1473043.0699999987,12102,1982-01-01
1982,1,Male,Less than HS,10397534.580000075,1225339.6100000003,6962,1982-01-01
1982,1,Male,Some college,8476531.759999983,545535.0300000001,5811,1982-01-01
1982,1,Female,Bachelor's+,6912437.599999994,228398.99000000014,4834,1982-01-01
1982,1,Female,HS diploma,16019016.250000067,1102321.1399999994,11204,1982-01-01
1982,1,Female,Less than HS,6289885.370000012,738020.5899999993,4280,1982-01-01
1982,1,Female,Some college,6366979.050000004,333711.5200000001,4469,1982-01-01
1982,2,Male,Bachelor's+,12337831.340000002,312133.1599999999,8290,1982-02-01
1982,2,Male,HS diploma,17739660.769999985,1522419.630000001,12096,1982-02-01
1982,2,Male,Less than HS,10396953.039999992,1219854.6799999983,6981,1982-02-01
1982,2,Male,Some college,8458881.120000001,538483.8300000001,5715,1982-02-01
1982,2,Female,Bachelor's+,6949529.280000023,211902.97999999986,4824,1982-02-01
1982,2,Female,HS diploma,16184421.430000039,1124278.35,11213,1982-02-01
1982,2,Female,Less than HS,6269638.330000013,783144.8199999998,4215,1982-02-01
1982,2,Female,Some college,6460081.040000003,345945.4799999999,4524,1982-02-01
1982,3,Male,Bachelor's+,12559998.03000005,355508.7100000002,8278,1982-03-01
1982,3,Male,HS diploma,17838172.920000084,1571653.6399999994,11949,1982-03-01
1982,3,Male,Less than HS,10317756.230000027,1253237.7199999993,6838,1982-03-01
1982,3,Male,Some college,8468967.029999994,553995.0000000001,5639,1982-03-01
1982,3,Female,Bachelor's+,6913761.590000006,218920.43,4721,1982-03-01
1982,3,Female,HS diploma,16351966.639999958,1227777.450000001,11130,1982-03-01
1982,3,Female,Less than HS,6192194.299999992,707244.66,4165,1982-03-01
1982,3,Female,Some college,6569466.040000008,343879.46999999986,4554,1982-03-01
1982,4,Male,Bachelor's+,12723991.380000018,331351.27999999997,8519,1982-04-01
1982,4,Male,HS diploma,17654415.030000057,1507450.7799999998,12005,1982-04-01
1982,4,Male,Less than HS,10346405.760000026,1219856.9999999995,6970,1982-04-01
1982,4,Male,Some college,8549424.10000001,511408.2899999999,5797,1982-04-01
1982,4,Female,Bachelor's+,6974923.100000013,248770.34000000003,4798,1982-04-01
1982,4,Female,HS diploma,16332483.740000024,1165133.7999999998,11191,1982-04-01
1982,4,Female,Less than HS,6082726.230000008,715675.6499999999,4140,1982-04-01
1982,4,Female,Some college,6663117.159999991,336872.59,4641,1982-04-01
1982,5,Male,Bachelor's+,12482977.499999983,332536.7599999997,8406,1982-05-01
1982,5,Male,HS diploma,17834186.899999943,1391130.7300000014,12176,1982-05-01
1982,5,Male,Less than HS,10412907.519999988,1157179.5600000003,7031,1982-05-01
1982,5,Male,Some college,8785059.36999998,500390.34999999986,5966,1982-05-01
1982,5,Female,Bachelor's+,6988435.359999998,240051.96000000002,4813,1982-05-01
1982,5,Female,HS diploma,16336570.790000016,1106582.6900000004,11277,1982-05-01
1982,5,Female,Less than HS,6312134.940000015,761319.5700000001,4300,1982-05-01
1982,5,Female,Some college,6727786.169999982,344576.23,4694,1982-05-01
1982,6,Male,Bachelor's+,12499050.359999992,361511.0099999999,8369,1982-06-01
1982,6,Male,HS diploma,17822421.009999953,1429152.0399999984,12208,1982-06-01
1982,6,Male,Less than HS,10355962.560000056,1182272.8399999992,6966,1982-06-01
1982,6,Male,Some college,8865127.720000021,491437.29000000027,6025,1982-06-01
1982,6,Female,Bachelor's+,6983727.010000007,254436.24000000008,4786,1982-06-01
1982,6,Female,HS diploma,16041058.450000022,1090519.8099999994,11081,1982-06-01
1982,6,Female,Less than HS,6165191.6600000085,720074.2699999989,4202,1982-06-01
1982,6,Female,Some college,6692486.76999999,386524.0700000004,4646,1982-06-01
1982,7,Male,Bachelor's+,12397261.669999951,334627.38999999996,8286,1982-07-01
1982,7,Male,HS diploma,17888143.63000003,1445129.7500000016,12197,1982-07-01
1982,7,Male,Less than HS,10194065.139999986,1184351.6599999997,6871,1982-07-01
1982,7,Male,Some college,8983249.770000018,527924.86,6112,1982-07-01
1982,7,Female,Bachelor's+,6937552.399999975,317629.57999999996,4793,1982-07-01
1982,7,Female,HS diploma,15928700.160000023,1170456.16,11090,1982-07-01
1982,7,Female,Less than HS,6183856.659999994,765139.8300000002,4180,1982-07-01
1982,7,Female,Some college,6819439.269999977,414176.6200000003,4725,1982-07-01
1982,8,Male,Bachelor's+,12350172.609999996,333452.39,8251,1982-08-01
1982,8,Male,HS diploma,17843842.359999955,1456999.950000001,12154,1982-08-01
1982,8,Male,Less than HS,10241074.590000004,1162130.72,6849,1982-08-01
1982,8,Male,Some college,8986923.469999995,482264.60999999987,6112,1982-08-01
1982,8,Female,Bachelor's+,6969927.059999993,303289.2299999998,4862,1982-08-01
1982,8,Female,HS diploma,16068994.600000037,1206786.2300000002,11144,1982-08-01
1982,8,Female,Less than HS,6177464.030000003,779626.2399999999,4174,1982-08-01
1982,8,Female,Some college,6751968.299999999,412776.92999999964,4700,1982-08-01
1982,9,Male,Bachelor's+,12528982.580000073,398192.88000000006,8417,1982-09-01
1982,9,Male,HS diploma,17826418.180000003,1455054.0300000014,12161,1982-09-01
1982,9,Male,Less than HS,10349024.34999998,1206357.5300000012,6918,1982-09-01
1982,9,Male,Some college,8937963.129999995,550155.8600000006,6060,1982-09-01
1982,9,Female,Bachelor's+,7419759.219999989,317762.7099999999,5176,1982-09-01
1982,9,Female,HS diploma,16426051.330000011,1278467.2399999993,11391,1982-09-01
1982,9,Female,Less than HS,6198962.660000018,828603.7000000005,4190,1982-09-01
1982,9,Female,Some college,6803757.989999995,392830.24000000017,4790,1982-09-01
1982,10,Male,Bachelor's+,12667742.379999993,370814.98000000004,8476,1982-10-01
1982,10,Male,HS diploma,17763855.490000002,1512586.8299999996,12108,1982-10-01
1982,10,Male,Less than HS,10353297.089999996,1256281.1399999997,6881,1982-10-01
1982,10,Male,Some college,8883179.409999993,596371.5800000001,6026,1982-10-01
1982,10,Female,Bachelor's+,7342174.030000001,309182.77000000014,5140,1982-10-01
1982,10,Female,HS diploma,16657056.189999994,1377495.4700000002,11505,1982-10-01
1982,10,Female,Less than HS,6230908.45000001,810869.0299999998,4187,1982-10-01
1982,10,Female,Some college,6924510.2800000105,423586.56999999995,4863,1982-10-01
1982,11,Male,Bachelor's+,12637483.689999975,365049.1700000001,8489,1982-11-01
1982,11,Male,HS diploma,17899941.400000047,1701563.300000002,12262,1982-11-01
1982,11,Male,Less than HS,10415773.909999987,1353764.0400000014,6928,1982-11-01
1982,11,Male,Some college,8748548.300000004,642836.0999999997,5953,1982-11-01
1982,11,Female,Bachelor's+,7498998.59,337244.7800000001,5218,1982-11-01
1982,11,Female,HS diploma,16658515.51000001,1409665.4400000018,11548,1982-11-01
1982,11,Female,Less than HS,6195054.279999993,825651.6699999998,4175,1982-11-01
1982,11,Female,Some college,6822188.180000005,415154.00999999995,4741,1982-11-01
1982,12,Male,Bachelor's+,12842185.689999985,414628.1099999999,8549,1982-12-01
1982,12,Male,HS diploma,17956513.62000001,1928899.8799999985,12229,1982-12-01
1982,12,Male,Less than HS,10176987.080000015,1423873.1899999983,6769,1982-12-01
1982,12,Male,Some college,8730892.150000054,669486.4900000002,5940,1982-12-01
1982,12,Female,Bachelor's+,7419552.960000011,246359.91000000003,5111,1982-12-01
1982,12,Female,HS diploma,16563160.979999984,1399465.3800000008,11462,1982-12-01
1982,12,Female,Less than HS,6186226.569999997,866059.0399999997,4159,1982-12-01
1982,12,Female,Some college,6841616.309999997,410678.1700000001,4780,1982-12-01
1983,1,Male,Bachelor's+,13003763.200000016,409678.69999999995,8580,1983-01-01
1983,1,Male,HS diploma,17769491.92999997,2056721.389999999,12036,1983-01-01
1983,1,Male,Less than HS,10057006.609999998,1513427.5600000024,6657,1983-01-01
1983,1,Male,Some college,8690556.580000022,776474.4999999994,5865,1983-01-01
1983,1,Female,Bachelor's+,7552861.479999974,332892.19,5160,1983-01-01
1983,1,Female,HS diploma,16421394.730000012,1387585.2499999993,11265,1983-01-01
1983,1,Female,Less than HS,5990305.809999995,898374.2600000009,4000,1983-01-01
1983,1,Female,Some college,6935209.950000004,505082.54999999976,4782,1983-01-01
1983,2,Male,Bachelor's+,13073941.29,436638.76999999955,8608,1983-02-01
1983,2,Male,HS diploma,17885139.699999902,2195689.229999999,12104,1983-02-01
1983,2,Male,Less than HS,9921434.980000004,1527367.890000001,6599,1983-02-01
1983,2,Male,Some college,8778921.18000001,754003.8900000005,5878,1983-02-01
1983,2,Female,Bachelor's+,7629684.6299999785,287532.7800000001,5157,1983-02-01
1983,2,Female,HS diploma,16422889.800000004,1438032.4300000004,11260,1983-02-01
1983,2,Female,Less than HS,5993564.570000007,805854.1399999999,4008,1983-02-01
1983,2,Female,Some college,6828003.399999994,444692.12999999995,4681,1983-02-01
1983,3,Male,Bachelor's+,13243134.790000057,430751.06000000006,8679,1983-03-01
1983,3,Male,HS diploma,17942689.329999965,2066923.839999998,12007,1983-03-01
1983,3,Male,Less than HS,10054396.759999985,1508877.4000000004,6654,1983-03-01
1983,3,Male,Some college,8708367.309999997,701661.01,5804,1983-03-01
1983,3,Female,Bachelor's+,7603392.92999999,285141.9400000002,5100,1983-03-01
1983,3,Female,HS diploma,16374884.020000003,1290494.9799999997,11137,1983-03-01
1983,3,Female,Less than HS,6054532.069999983,856340.9599999994,3985,1983-03-01
1983,3,Female,Some college,6861478.809999989,408344.5500000001,4757,1983-03-01
1983,4,Male,Bachelor's+,13200330.600000013,451179.9600000004,8750,1983-04-01
1983,4,Male,HS diploma,17880663.650000017,1916701.0000000019,12066,1983-04-01
1983,4,Male,Less than HS,9991420.930000005,1381358.7799999972,6690,1983-04-01
1983,4,Male,Some college,8896929.809999991,660434.7199999992,5939,1983-04-01
1983,4,Female,Bachelor's+,7700391.210000006,253288.84000000005,5219,1983-04-01
1983,4,Female,HS diploma,16457075.239999969,1196688.1299999994,11247,1983-04-01
1983,4,Female,Less than HS,5997993.120000007,810435.7700000005,4048,1983-04-01
1983,4,Female,Some college,6812814.919999976,387241.60000000015,4770,1983-04-01
1983,5,Male,Bachelor's+,13113887.890000006,394400.94,8692,1983-05-01
1983,5,Male,HS diploma,18087407.010000065,1735089.9599999997,12158,1983-05-01
1983,5,Male,Less than HS,9895872.279999964,1206077.9399999985,6564,1983-05-01
1983,5,Male,Some college,9002599.56,612582.8199999998,5954,1983-05-01
1983,5,Female,Bachelor's+,7665685.849999997,276144.08999999997,5127,1983-05-01
1983,5,Female,HS diploma,16574031.070000026,1267147.9700000016,11295,1983-05-01
1983,5,Female,Less than HS,5962054.910000001,762902.029999999,4009,1983-05-01
1983,5,Female,Some college,6933217.289999999,406556.73,4835,1983-05-01
1983,6,Male,Bachelor's+,12876040.850000013,366612.1999999999,8519,1983-06-01
1983,6,Male,HS diploma,18472409.930000074,1619848.809999999,12305,1983-06-01
1983,6,Male,Less than HS,9829356.700000009,1146381.4199999985,6481,1983-06-01
1983,6,Male,Some college,9035035.489999987,555056.2500000007,5981,1983-06-01
1983,6,Female,Bachelor's+,7357733.850000018,296821.58000000037,4959,1983-06-01
1983,6,Female,HS diploma,16471826.689999942,1243351.8500000013,11146,1983-06-01
1983,6,Female,Less than HS,5995452.30999999,816292.1899999994,3981,1983-06-01
1983,6,Female,Some college,7072296.419999992,473880.4100000002,4878,1983-06-01
1983,7,Male,Bachelor's+,13104415.710000059,398746.65000000026,8611,1983-07-01
1983,7,Male,HS diploma,18334633.299999967,1484163.85,12211,1983-07-01
1983,7,Male,Less than HS,9680497.629999986,1096251.16,6380,1983-07-01
1983,7,Male,Some college,9164216.14999999,557046.2300000001,6048,1983-07-01
1983,7,Female,Bachelor's+,7174943.449999984,315726.22000000003,4867,1983-07-01
1983,7,Female,HS diploma,16406774.870000001,1185528.3099999998,11050,1983-07-01
1983,7,Female,Less than HS,5879573.309999992,759379.0599999992,3911,1983-07-01
1983,7,Female,Some college,7193479.229999969,479085.9100000001,4921,1983-07-01
1983,8,Male,Bachelor's+,13080327.519999938,427385.75999999966,8553,1983-08-01
1983,8,Male,HS diploma,18360782.78000004,1366995.7499999993,12252,1983-08-01
1983,8,Male,Less than HS,9704916.149999987,1054375.2999999998,6386,1983-08-01
1983,8,Male,Some college,9172271.199999977,542215.5799999998,6032,1983-08-01
1983,8,Female,Bachelor's+,7304491.830000021,333469.97,4930,1983-08-01
1983,8,Female,HS diploma,16599858.229999963,1189877.2000000002,11168,1983-08-01
1983,8,Female,Less than HS,5927759.47999998,782154.7600000007,3899,1983-08-01
1983,8,Female,Some college,7199078.5800000075,452932.35,4929,1983-08-01
1983,9,Male,Bachelor's+,13142012.799999993,388222.09000000014,8604,1983-09-01
1983,9,Male,HS diploma,18249330.649999954,1322794.1600000001,12214,1983-09-01
1983,9,Male,Less than HS,9853110.150000002,1089979.019999999,6496,1983-09-01
1983,9,Male,Some college,9243708.02999999,478757.6600000004,6099,1983-09-01
1983,9,Female,Bachelor's+,7751119.620000011,293879.2100000002,5249,1983-09-01
1983,9,Female,HS diploma,16750041.040000007,1192193.3800000015,11310,1983-09-01
1983,9,Female,Less than HS,6309133.699999994,780424.7599999993,4112,1983-09-01
1983,9,Female,Some college,7219328.289999995,417995.9100000003,4959,1983-09-01
1983,10,Male,Bachelor's+,13187064.90000002,354006.58000000013,8606,1983-10-01
1983,10,Male,HS diploma,18161908.87,1219857.6600000006,12222,1983-10-01
1983,10,Male,Less than HS,9812264.170000002,1033391.0699999994,6483,1983-10-01
1983,10,Male,Some college,9326731.439999986,478811.8300000002,6142,1983-10-01
1983,10,Female,Bachelor's+,7703668.679999981,239173.74000000008,5217,1983-10-01
1983,10,Female,HS diploma,16922874.110000074,1099302.2100000002,11419,1983-10-01
1983,10,Female,Less than HS,6204393.090000023,767979.3699999996,4088,1983-10-01
1983,10,Female,Some college,7248388.549999985,423173.1900000001,4962,1983-10-01
1983,11,Male,Bachelor's+,12986111.160000019,322331.77,8526,1983-11-01
1983,11,Male,HS diploma,18217920.670000046,1248484.3699999992,12279,1983-11-01
1983,11,Male,Less than HS,10003247.040000005,1088656.37,6547,1983-11-01
1983,11,Male,Some college,9354192.490000013,539114.3099999999,6166,1983-11-01
1983,11,Female,Bachelor's+,7853226.960000008,196966.74,5286,1983-11-01
1983,11,Female,HS diploma,16909318.68000003,1132664.8800000006,11420,1983-11-01
1983,11,Female,Less than HS,6105928.639999995,733923.5700000001,4090,1983-11-01
1983,11,Female,Some college,7219684.85,318816.42999999993,4897,1983-11-01
1983,12,Male,Bachelor's+,13074446.430000024,330880.88999999996,8558,1983-12-01
1983,12,Male,HS diploma,18302895.420000013,1321035.020000001,12248,1983-12-01
1983,12,Male,Less than HS,9898048.320000019,1137612.8199999991,6452,1983-12-01
1983,12,Male,Some college,9273011.999999993,539300.23,6064,1983-12-01
1983,12,Female,Bachelor's+,7928191.610000026,195005.08999999985,5343,1983-12-01
1983,12,Female,HS diploma,16806710.019999947,1095783.9300000006,11357,1983-12-01
1983,12,Female,Less than HS,6093185.08,719393.6600000001,4026,1983-12-01
1983,12,Female,Some college,7184493.970000036,335450.6199999999,4878,1983-12-01
1984,1,Male,Bachelor's+,13303709.10000002,366994.89999999985,8657,1984-01-01
1984,1,Male,HS diploma,18251169.380000036,1489161.7999999996,12053,1984-01-01
1984,1,Male,Less than HS,9880435.809999967,1193866.9900000002,6340,1984-01-01
1984,1,Male,Some college,9048923.31000001,579534.9800000002,5916,1984-01-01
1984,1,Female,Bachelor's+,7980001.340000012,270763.87000000005,5342,1984-01-01
1984,1,Female,HS diploma,16784131.05999995,1153023.0399999993,11278,1984-01-01
1984,1,Female,Less than HS,5821736.729999985,681144.8300000008,3831,1984-01-01
1984,1,Female,Some college,7132422.170000013,360356.2900000002,4829,1984-01-01
1984,2,Male,Bachelor's+,13532366.019999996,379608.81,8770,1984-02-01
1984,2,Male,HS diploma,18208865.20999995,1471845.0999999994,11987,1984-02-01
1984,2,Male,Less than HS,9770356.500000015,1194193.5699999998,6264,1984-02-01
1984,2,Male,Some college,9107547.889999973,483639.31000000023,5956,1984-02-01
1984,2,Female,Bachelor's+,8244484.020000007,230178.3099999999,5433,1984-02-01
1984,2,Female,HS diploma,16900334.97000005,1102239.89,11352,1984-02-01
1984,2,Female,Less than HS,5787139.309999994,693702.3499999999,3775,1984-02-01
1984,2,Female,Some college,7185363.2900000205,347501.0300000001,4857,1984-02-01
1984,3,Male,Bachelor's+,13639402.919999987,346727.3699999999,8755,1984-03-01
1984,3,Male,HS diploma,18396815.509999976,1397227.1400000027,11986,1984-03-01
1984,3,Male,Less than HS,9608469.489999985,1127517.8499999999,6126,1984-03-01
1984,3,Male,Some college,9047374.479999997,462848.6200000002,5857,1984-03-01
1984,3,Female,Bachelor's+,8223504.159999991,223428.94000000003,5413,1984-03-01
1984,3,Female,HS diploma,17109724.909999967,1080807.5599999991,11362,1984-03-01
1984,3,Female,Less than HS,5840654.629999983,646536.3700000001,3777,1984-03-01
1984,3,Female,Some college,7225766.569999989,374331.36999999976,4921,1984-03-01
1984,4,Male,Bachelor's+,13510237.159999982,309126.88999999984,8748,1984-04-01
1984,4,Male,HS diploma,18619287.529999934,1269122.970000001,12049,1984-04-01
1984,4,Male,Less than HS,9631643.88000001,1058801.8500000008,6153,1984-04-01
1984,4,Male,Some college,9015116.670000006,458840.5900000001,5824,1984-04-01
1984,4,Female,Bachelor's+,8157517.140000009,202632.58000000002,5374,1984-04-01
1984,4,Female,HS diploma,17187228.350000024,980072.220000001,11345,1984-04-01
1984,4,Female,Less than HS,5871209.690000004,642632.5700000001,3839,1984-04-01
1984,4,Female,Some college,7279566.110000022,365285.32,4930,1984-04-01
1984,5,Male,Bachelor's+,13404653.339999959,284638.37999999983,8569,1984-05-01
1984,5,Male,HS diploma,18677430.849999994,1115556.6500000001,12059,1984-05-01
1984,5,Male,Less than HS,9621425.40999997,925402.8799999998,6122,1984-05-01
1984,5,Male,Some college,9277402.220000006,438176.63,5930,1984-05-01
1984,5,Female,Bachelor's+,8389852.53000002,215984.82000000004,5479,1984-05-01
1984,5,Female,HS diploma,17083641.91000004,957325.0600000002,11288,1984-05-01
1984,5,Female,Less than HS,5912769.830000013,608319.0499999997,3829,1984-05-01
1984,5,Female,Some college,7431911.769999995,388556.90999999986,5005,1984-05-01
1984,6,Male,Bachelor's+,13343696.31000005,310543.4500000002,8606,1984-06-01
1984,6,Male,HS diploma,18886390.530000042,1050072.1900000006,12181,1984-06-01
1984,6,Male,Less than HS,9568203.009999977,835723.3499999997,6126,1984-06-01
1984,6,Male,Some college,9431815.539999997,413748.7,6071,1984-06-01
1984,6,Female,Bachelor's+,7961879.050000001,247425.24999999997,5236,1984-06-01
1984,6,Female,HS diploma,16737759.56,955007.3799999991,10994,1984-06-01
1984,6,Female,Less than HS,5873398.61,626984.1699999996,3796,1984-06-01
1984,6,Female,Some college,7510651.419999985,354843.3900000001,5019,1984-06-01
1984,7,Male,Bachelor's+,13495287.249999925,339537.39999999997,8629,1984-07-01
1984,7,Male,HS diploma,18827765.440000076,1010493.46,12089,1984-07-01
1984,7,Male,Less than HS,9441044.470000016,942522.0799999996,6062,1984-07-01
1984,7,Male,Some college,9591063.92000001,429302.47000000003,6120,1984-07-01
1984,7,Female,Bachelor's+,7916846.690000003,311256.02,5158,1984-07-01
1984,7,Female,HS diploma,16624610.580000011,1020401.8599999994,10924,1984-07-01
1984,7,Female,Less than HS,5812012.1300000055,682810.7099999995,3716,1984-07-01
1984,7,Female,Some college,7651159.929999985,381139.16,5098,1984-07-01
1984,8,Male,Bachelor's+,13461184.549999988,315373.9699999999,8611,1984-08-01
1984,8,Male,HS diploma,18733353.719999935,995087.3499999999,12172,1984-08-01
1984,8,Male,Less than HS,9410896.870000012,831064.4099999998,6091,1984-08-01
1984,8,Male,Some college,9810082.660000015,371595.86000000004,6233,1984-08-01
1984,8,Female,Bachelor's+,8026382.079999974,343892.46,5217,1984-08-01
1984,8,Female,HS diploma,16675079.83000004,1102462.5100000002,11076,1984-08-01
1984,8,Female,Less than HS,5899306.499999987,690775.4200000004,3760,1984-08-01
1984,8,Female,Some college,7623169.489999981,386968.0500000001,5071,1984-08-01
1984,9,Male,Bachelor's+,13509989.319999972,305939.3499999998,8693,1984-09-01
1984,9,Male,HS diploma,18806069.559999947,1033467.0900000002,12231,1984-09-01
1984,9,Male,Less than HS,9461112.860000005,777460.36,6073,1984-09-01
1984,9,Male,Some college,9695521.070000036,347494.20999999996,6190,1984-09-01
1984,9,Female,Bachelor's+,8116055.370000025,221958.11000000004,5344,1984-09-01
1984,9,Female,HS diploma,17079858.829999976,1063416.07,11328,1984-09-01
1984,9,Female,Less than HS,6003202.680000007,660213.6100000002,3787,1984-09-01
1984,9,Female,Some college,7648822.450000021,421409.5200000003,5065,1984-09-01
1984,10,Male,Bachelor's+,13410721.680000052,271307.6600000001,8614,1984-10-01
1984,10,Male,HS diploma,18972854.460000087,1085217.8799999992,12339,1984-10-01
1984,10,Male,Less than HS,9436629.769999998,821355.9100000007,6015,1984-10-01
1984,10,Male,Some college,9735615.280000065,366719.5500000002,6189,1984-10-01
1984,10,Female,Bachelor's+,8180632.949999979,245084.77000000002,5444,1984-10-01
1984,10,Female,HS diploma,17410610.02000004,1101438.779999999,11450,1984-10-01
1984,10,Female,Less than HS,6074761.469999998,687781.5799999993,3902,1984-10-01
1984,10,Female,Some college,7678561.340000006,414586.5899999999,5098,1984-10-01
1984,11,Male,Bachelor's+,13226658.020000031,275358.9999999999,8515,1984-11-01
1984,11,Male,HS diploma,18989796.149999935,1116764.0800000008,12330,1984-11-01
1984,11,Male,Less than HS,9568274.839999998,844067.1899999992,5988,1984-11-01
1984,11,Male,Some college,9727854.58999999,419025.0499999999,6204,1984-11-01
1984,11,Female,Bachelor's+,8202541.770000035,232705.04000000004,5422,1984-11-01
1984,11,Female,HS diploma,17607443.519999962,1042452.8899999998,11544,1984-11-01
1984,11,Female,Less than HS,5879836.329999993,650340.0099999998,3768,1984-11-01
1984,11,Female,Some college,7635891.110000018,356648.7199999999,5040,1984-11-01
1984,12,Male,Bachelor's+,13417363.580000028,329650.04999999993,8683,1984-12-01
1984,12,Male,HS diploma,18924455.410000008,1144872.68,12311,1984-12-01
1984,12,Male,Less than HS,9568267.449999992,944455.2899999999,6012,1984-12-01
1984,12,Male,Some college,9570847.790000005,414775.41000000003,6126,1984-12-01
1984,12,Female,Bachelor's+,8343572.940000005,212698.8999999999,5580,1984-12-01
1984,12,Female,HS diploma,17592631.350000028,994522.0899999995,11655,1984-12-01
1984,12,Female,Less than HS,5851624.929999997,573033.4600000002,3759,1984-12-01
1984,12,Female,Some college,7561692.259999978,317110.94000000006,5058,1984-12-01
1985,1,Male,Bachelor's+,13509909.199999986,330840.3799999999,8769,1985-01-01
1985,1,Male,HS diploma,18871231.140000015,1362626.9099999992,12254,1985-01-01
1985,1,Male,Less than HS,9514562.590000007,1113168.3100000003,5849,1985-01-01
1985,1,Male,Some college,9432800.630000006,494421.9000000001,6043,1985-01-01
1985,1,Female,Bachelor's+,8383498.300000026,264737.91,5616,1985-01-01
1985,1,Female,HS diploma,17629459.810000066,1130262.6499999994,11676,1985-01-01
1985,1,Female,Less than HS,5717484.570000001,700818.3200000001,3685,1985-01-01
1985,1,Female,Some college,7612514.270000004,392568.5700000001,5081,1985-01-01
1985,2,Male,Bachelor's+,13731790.54999998,314964.50000000023,8902,1985-02-01
1985,2,Male,HS diploma,18745633.38999999,1354639.470000001,12210,1985-02-01
1985,2,Male,Less than HS,9579714.350000016,1063294.8699999999,5903,1985-02-01
1985,2,Male,Some college,9352702.459999975,422417.11,6074,1985-02-01
1985,2,Female,Bachelor's+,8545663.440000026,220841.73999999987,5718,1985-02-01
1985,2,Female,HS diploma,17550016.7,1089044.4800000004,11676,1985-02-01
1985,2,Female,Less than HS,5600542.63999999,655144.1300000001,3630,1985-02-01
1985,2,Female,Some college,7707331.390000032,379255.77999999997,5162,1985-02-01
1985,3,Male,Bachelor's+,13929950.270000037,320424.28,8902,1985-03-01
1985,3,Male,HS diploma,18852478.72000003,1311002.920000001,12207,1985-03-01
1985,3,Male,Less than HS,9521549.900000015,995387.1399999999,5879,1985-03-01
1985,3,Male,Some college,9402530.349999996,408744.9200000002,6039,1985-03-01
1985,3,Female,Bachelor's+,8712656.95000001,213057.1799999999,5772,1985-03-01
1985,3,Female,HS diploma,17623905.45999987,1115896.3800000008,11691,1985-03-01
1985,3,Female,Less than HS,5749953.590000008,653704.93,3730,1985-03-01
1985,3,Female,Some college,7867426.439999989,369786.7700000001,5217,1985-03-01
1985,4,Male,Bachelor's+,14106211.400000053,332148.05000000005,9033,1985-04-01
1985,4,Male,HS diploma,18848375.8100001,1220479.9100000001,12202,1985-04-01
1985,4,Male,Less than HS,9496830.780000024,1001859.0699999997,5890,1985-04-01
1985,4,Male,Some college,9377822.650000036,440925.3100000001,6008,1985-04-01
1985,4,Female,Bachelor's+,8714046.28999997,217243.13000000003,5773,1985-04-01
1985,4,Female,HS diploma,17526943.519999925,1064102.9300000002,11584,1985-04-01
1985,4,Female,Less than HS,5701366.82,658576.6600000005,3687,1985-04-01
1985,4,Female,Some college,7855300.849999977,308182.6099999999,5216,1985-04-01
1985,5,Male,Bachelor's+,13925225.879999997,297970.5600000001,8831,1985-05-01
1985,5,Male,HS diploma,19011650.329999965,988330.7600000008,12145,1985-05-01
1985,5,Male,Less than HS,9477429.010000031,821048.6900000001,5849,1985-05-01
1985,5,Male,Some college,9415291.490000019,387649.0700000001,5984,1985-05-01
1985,5,Female,Bachelor's+,8664547.700000048,214289.7,5675,1985-05-01
1985,5,Female,HS diploma,17441346.199999973,1041691.2000000005,11433,1985-05-01
1985,5,Female,Less than HS,5728961.650000012,640288.9099999999,3636,1985-05-01
1985,5,Female,Some college,7912245.220000005,391502.1799999999,5174,1985-05-01
1985,6,Male,Bachelor's+,13791453.330000045,316959.6100000003,8792,1985-06-01
1985,6,Male,HS diploma,18973873.059999943,1052828.0299999998,12131,1985-06-01
1985,6,Male,Less than HS,9584578.580000022,917059.0300000008,5969,1985-06-01
1985,6,Male,Some college,9736598.040000001,422454.45000000007,6162,1985-06-01
1985,6,Female,Bachelor's+,8504479.579999998,269413.7099999999,5509,1985-06-01
1985,6,Female,HS diploma,17290115.63000005,1035105.6099999987,11309,1985-06-01
1985,6,Female,Less than HS,5690340.8,610213.7199999997,3593,1985-06-01
1985,6,Female,Some college,7888276.39000002,382964.5299999999,5162,1985-06-01
1985,7,Male,Bachelor's+,13629545.929999981,271747.32999999996,8703,1985-07-01
1985,7,Male,HS diploma,19147256.23999994,1080018.5699999998,12269,1985-07-01
1985,7,Male,Less than HS,9520128.760000033,898558.9699999997,5877,1985-07-01
1985,7,Male,Some college,9749002.430000009,373848.00000000006,6135,1985-07-01
1985,7,Female,Bachelor's+,8251853.909999999,275941.1399999999,5369,1985-07-01
1985,7,Female,HS diploma,17159206.090000015,1086539.9700000002,11196,1985-07-01
1985,7,Female,Less than HS,5761034.000000007,623424.4500000001,3605,1985-07-01
1985,7,Female,Some college,7957685.860000037,418853.2700000001,5156,1985-07-01
1985,8,Male,Bachelor's+,13563081.269999992,281421.57,8681,1985-08-01
1985,8,Male,HS diploma,19232754.4300001,1007728.0700000015,12340,1985-08-01
1985,8,Male,Less than HS,9437244.99999998,783931.83,5875,1985-08-01
1985,8,Male,Some college,9949215.25999997,404783.22000000026,6272,1985-08-01
1985,8,Female,Bachelor's+,8448060.48,348483.95,5484,1985-08-01
1985,8,Female,HS diploma,17301916.869999964,1159614.4400000002,11335,1985-08-01
1985,8,Female,Less than HS,5652891.079999998,619073.4399999995,3607,1985-08-01
1985,8,Female,Some college,7964941.200000019,365791.1700000001,5133,1985-08-01
1985,9,Male,Bachelor's+,13848433.750000013,276625.68000000017,8916,1985-09-01
1985,9,Male,HS diploma,19243099.099999994,1014304.329999999,12405,1985-09-01
1985,9,Male,Less than HS,9392879.249999993,773861.41,5845,1985-09-01
1985,9,Male,Some college,9904952.959999992,399358.4700000002,6276,1985-09-01
1985,9,Female,Bachelor's+,8825719.270000018,257479.62999999998,5780,1985-09-01
1985,9,Female,HS diploma,17687986.32000001,1155525.069999999,11571,1985-09-01
1985,9,Female,Less than HS,5782950.3999999985,652474.1300000001,3624,1985-09-01
1985,9,Female,Some college,8087778.519999998,420762.55000000034,5254,1985-09-01
1985,10,Male,Bachelor's+,13855793.080000073,283169.9099999998,8969,1985-10-01
1985,10,Male,HS diploma,19404665.41000008,1029539.0500000005,12558,1985-10-01
1985,10,Male,Less than HS,9270801.449999982,753769.7500000003,5682,1985-10-01
1985,10,Male,Some college,10000389.920000006,385479.80999999994,6298,1985-10-01
1985,10,Female,Bachelor's+,8746854.279999997,205762.1800000001,5807,1985-10-01
1985,10,Female,HS diploma,17894092.55999993,1068172.8599999999,11676,1985-10-01
1985,10,Female,Less than HS,5882482.420000014,629329.8899999999,3713,1985-10-01
1985,10,Female,Some college,8167728.170000008,360756.21999999956,5348,1985-10-01
1985,11,Male,Bachelor's+,13815564.290000012,257131.53999999986,8948,1985-11-01
1985,11,Male,HS diploma,19305680.810000088,1102473.03,12555,1985-11-01
1985,11,Male,Less than HS,9347237.09,846882.3,5688,1985-11-01
1985,11,Male,Some college,9978668.499999998,391037.6800000003,6315,1985-11-01
1985,11,Female,Bachelor's+,8838784.989999972,195382.34,5872,1985-11-01
1985,11,Female,HS diploma,17895158.13000002,1023699.1600000004,11750,1985-11-01
1985,11,Female,Less than HS,5749251.53999999,589398.4100000001,3626,1985-11-01
1985,11,Female,Some college,8252525.829999996,337768.6199999998,5364,1985-11-01
1985,12,Male,Bachelor's+,13866624.239999989,257952.30999999997,8909,1985-12-01
1985,12,Male,HS diploma,19146031.57999998,1164840.0900000012,12381,1985-12-01
1985,12,Male,Less than HS,9337643.569999978,868148.1800000002,5671,1985-12-01
1985,12,Male,Some college,9932221.729999986,451804.1500000002,6256,1985-12-01
1985,12,Female,Bachelor's+,8886586.840000024,202721.33,5874,1985-12-01
1985,12,Female,HS diploma,17896918.279999956,986243.5799999991,11705,1985-12-01
1985,12,Female,Less than HS,5631001.129999989,530711.49,3552,1985-12-01
1985,12,Female,Some college,8257934.700000013,336155.19999999995,5400,1985-12-01
1986,1,Male,Bachelor's+,13949029.300000029,287913.99000000005,8800,1986-01-01
1986,1,Male,HS diploma,19366144.83000001,1342069.560000001,12212,1986-01-01
1986,1,Male,Less than HS,9394344.42,1022015.6000000009,5594,1986-01-01
1986,1,Male,Some college,9967611.730000015,480382.5399999998,6150,1986-01-01
1986,1,Female,Bachelor's+,8824933.430000003,203373.72999999998,5762,1986-01-01
1986,1,Female,HS diploma,17795900.65,1103174.94,11494,1986-01-01
1986,1,Female,Less than HS,5718851.250000002,611324.7300000002,3588,1986-01-01
1986,1,Female,Some college,8257097.300000003,353064.06,5293,1986-01-01
1986,2,Male,Bachelor's+,13971805.94999998,326951.4900000001,8818,1986-02-01
1986,2,Male,HS diploma,19385462.740000002,1388157.3700000008,12292,1986-02-01
1986,2,Male,Less than HS,9251688.089999968,1100765.9500000007,5604,1986-02-01
1986,2,Male,Some college,9961086.309999997,524094.32999999996,6243,1986-02-01
1986,2,Female,Bachelor's+,8876570.060000023,226697.95,5847,1986-02-01
1986,2,Female,HS diploma,17936631.430000037,1168911.1199999992,11668,1986-02-01
1986,2,Female,Less than HS,5568767.709999986,604380.1200000001,3498,1986-02-01
1986,2,Female,Some college,8160601.519999989,440708.2699999997,5303,1986-02-01
1986,3,Male,Bachelor's+,14185073.210000075,307515.3499999999,8842,1986-03-01
1986,3,Male,HS diploma,19390465.509999935,1346161.4399999995,12078,1986-03-01
1986,3,Male,Less than HS,9342030.300000036,1048552.5200000003,5562,1986-03-01
1986,3,Male,Some college,9871630.209999999,464012.15000000014,6121,1986-03-01
1986,3,Female,Bachelor's+,8980224.90000001,207677.49999999997,5822,1986-03-01
1986,3,Female,HS diploma,18100255.47999999,1130730.9799999997,11618,1986-03-01
1986,3,Female,Less than HS,5636642.530000014,620361.6300000001,3492,1986-03-01
1986,3,Female,Some college,8230763.41000005,414083.18,5299,1986-03-01
1986,4,Male,Bachelor's+,14198737.480000008,293444.5499999999,8864,1986-04-01
1986,4,Male,HS diploma,19350360.400000036,1149043.17,12156,1986-04-01
1986,4,Male,Less than HS,9418795.570000002,970643.4399999998,5657,1986-04-01
1986,4,Male,Some college,9834057.30999998,459936.27999999974,6132,1986-04-01
1986,4,Female,Bachelor's+,8909811.960000006,212848.49,5850,1986-04-01
1986,4,Female,HS diploma,18105458.130000006,1101776.8700000003,11734,1986-04-01
1986,4,Female,Less than HS,5622382.44,582452.32,3499,1986-04-01
1986,4,Female,Some college,8342923.37999997,348131.25,5403,1986-04-01
1986,5,Male,Bachelor's+,14148144.999999952,291540.19,8876,1986-05-01
1986,5,Male,HS diploma,19521131.01000005,1114120.2299999988,12291,1986-05-01
1986,5,Male,Less than HS,9453099.920000019,881628.5600000003,5678,1986-05-01
1986,5,Male,Some college,9861159.499999948,392890.02999999997,6131,1986-05-01
1986,5,Female,Bachelor's+,9004973.720000003,204273.3399999999,5901,1986-05-01
1986,5,Female,HS diploma,18082295.570000015,1024957.3300000002,11738,1986-05-01
1986,5,Female,Less than HS,5758012.94,584222.89,3545,1986-05-01
1986,5,Female,Some college,8327789.329999979,399382.7799999999,5436,1986-05-01
1986,6,Male,Bachelor's+,14230536.540000036,341187.9499999999,8898,1986-06-01
1986,6,Male,HS diploma,19334226.269999996,1093041.8399999994,12222,1986-06-01
1986,6,Male,Less than HS,9650941.279999988,897305.9799999997,5749,1986-06-01
1986,6,Male,Some college,10079859.399999991,403155.26000000024,6259,1986-06-01
1986,6,Female,Bachelor's+,9002554.089999994,208910.49000000005,5841,1986-06-01
1986,6,Female,HS diploma,17900848.370000064,1012310.0999999997,11543,1986-06-01
1986,6,Female,Less than HS,5726180.269999994,611012.3699999996,3512,1986-06-01
1986,6,Female,Some college,8496002.389999999,427253.67000000045,5452,1986-06-01
1986,7,Male,Bachelor's+,14193666.46000002,342997.0300000001,8671,1986-07-01
1986,7,Male,HS diploma,19488241.710000046,1068549.8399999996,12045,1986-07-01
1986,7,Male,Less than HS,9359333.459999995,890577.7399999994,5491,1986-07-01
1986,7,Male,Some college,10191948.270000013,434821.0799999998,6127,1986-07-01
1986,7,Female,Bachelor's+,8843699.899999963,259694.77000000002,5641,1986-07-01
1986,7,Female,HS diploma,17986083.78000014,1095922.1700000004,11285,1986-07-01
1986,7,Female,Less than HS,5664723.030000026,586862.9499999997,3397,1986-07-01
1986,7,Female,Some college,8522370.520000007,399731.33999999973,5354,1986-07-01
1986,8,Male,Bachelor's+,14180937.969999956,306530.4199999999,8710,1986-08-01
1986,8,Male,HS diploma,19609060.88000004,996326.2999999993,12101,1986-08-01
1986,8,Male,Less than HS,9309017.109999998,819503.5199999998,5486,1986-08-01
1986,8,Male,Some college,10178371.460000003,398653.63,6163,1986-08-01
1986,8,Female,Bachelor's+,8996896.760000028,311479.13,5785,1986-08-01
1986,8,Female,HS diploma,18004518.569999956,1121857.2499999998,11334,1986-08-01
1986,8,Female,Less than HS,5646970.539999986,616134.5000000003,3440,1986-08-01
1986,8,Female,Some college,8557281.890000032,394825.44999999995,5343,1986-08-01
1986,9,Male,Bachelor's+,14255434.11999995,328579.4399999998,8845,1986-09-01
1986,9,Male,HS diploma,19664629.209999952,1004210.2799999998,12245,1986-09-01
1986,9,Male,Less than HS,9256660.660000015,806608.8800000006,5473,1986-09-01
1986,9,Male,Some college,10250778.769999975,410155.1500000001,6275,1986-09-01
1986,9,Female,Bachelor's+,9267582.129999978,272419.63,5964,1986-09-01
1986,9,Female,HS diploma,18489351.779999908,1122836.5500000005,11714,1986-09-01
1986,9,Female,Less than HS,5606461.430000003,605032.0399999998,3453,1986-09-01
1986,9,Female,Some college,8650588.800000016,430283.51999999984,5487,1986-09-01
1986,10,Male,Bachelor's+,14383504.94999994,299637.63000000006,8985,1986-10-01
1986,10,Male,HS diploma,19809518.93999996,1060124.3400000005,12301,1986-10-01
1986,10,Male,Less than HS,9127055.979999969,877134.2400000006,5381,1986-10-01
1986,10,Male,Some college,10207507.629999997,443530.44999999984,6249,1986-10-01
1986,10,Female,Bachelor's+,9171494.989999961,244553.48000000007,5911,1986-10-01
1986,10,Female,HS diploma,18691084.600000024,1059038.270000001,11815,1986-10-01
1986,10,Female,Less than HS,5728172.359999992,573418.0400000004,3502,1986-10-01
1986,10,Female,Some college,8787884.419999985,383981.70999999996,5581,1986-10-01
1986,11,Male,Bachelor's+,14422695.62000002,325593.29000000004,8962,1986-11-01
1986,11,Male,HS diploma,19749570.69999994,1086497.909999999,12253,1986-11-01
1986,11,Male,Less than HS,9277318.240000015,876071.9499999989,5444,1986-11-01
1986,11,Male,Some college,10310323.019999966,499414.68000000017,6313,1986-11-01
1986,11,Female,Bachelor's+,9211991.150000002,196065.53999999995,5909,1986-11-01
1986,11,Female,HS diploma,18547366.05999993,1015503.8299999989,11751,1986-11-01
1986,11,Female,Less than HS,5705689.769999988,608167.8800000004,3482,1986-11-01
1986,11,Female,Some college,8755289.580000008,378693.03999999986,5562,1986-11-01
1986,12,Male,Bachelor's+,14620409.74000008,314714.24,8925,1986-12-01
1986,12,Male,HS diploma,19662338.159999903,1160039.6800000013,12072,1986-12-01
1986,12,Male,Less than HS,9122445.049999999,869180.4099999998,5328,1986-12-01
1986,12,Male,Some college,10363313.529999973,470200.74000000017,6240,1986-12-01
1986,12,Female,Bachelor's+,9242674.200000003,176711.77000000008,5837,1986-12-01
1986,12,Female,HS diploma,18297849.949999966,902607.1100000001,11555,1986-12-01
1986,12,Female,Less than HS,5577830.610000008,516831.14000000065,3389,1986-12-01
1986,12,Female,Some college,8776347.210000014,327538.85000000015,5568,1986-12-01
1987,1,Male,Bachelor's+,14552271.999999914,365019.0300000001,8929,1987-01-01
1987,1,Male,HS diploma,19769630.240000054,1379211.5299999982,12139,1987-01-01
1987,1,Male,Less than HS,9281491.270000007,1047288.5900000001,5361,1987-01-01
1987,1,Male,Some college,10144715.359999968,524742.0299999998,6101,1987-01-01
1987,1,Female,Bachelor's+,9183578.500000002,169185.79,5853,1987-01-01
1987,1,Female,HS diploma,18339278.66000015,1058532.4800000004,11569,1987-01-01
1987,1,Female,Less than HS,5489069.100000009,556435.0699999997,3360,1987-01-01
1987,1,Female,Some college,8675734.919999994,414485.65000000026,5481,1987-01-01
1987,2,Male,Bachelor's+,14565474.369999979,382714.4200000001,8920,1987-02-01
1987,2,Male,HS diploma,19827892.440000165,1237655.9200000018,12160,1987-02-01
1987,2,Male,Less than HS,9212296.980000002,1001053.1000000001,5373,1987-02-01
1987,2,Male,Some college,10066091.299999978,513540.5999999999,6095,1987-02-01
1987,2,Female,Bachelor's+,9357633.29000006,209936.64999999997,5920,1987-02-01
1987,2,Female,HS diploma,18348997.080000035,1070980.7799999989,11578,1987-02-01
1987,2,Female,Less than HS,5544557.129999993,565314.1500000004,3362,1987-02-01
1987,2,Female,Some college,8714175.08000004,394051.57000000024,5546,1987-02-01
1987,3,Male,Bachelor's+,14624121.210000023,348001.81999999995,8879,1987-03-01
1987,3,Male,HS diploma,19976256.509999994,1245722.1400000006,12143,1987-03-01
1987,3,Male,Less than HS,9207250.900000006,958367.3899999998,5370,1987-03-01
1987,3,Male,Some college,10122412.580000024,502753,6081,1987-03-01
1987,3,Female,Bachelor's+,9494783.499999985,195026.0800000001,6014,1987-03-01
1987,3,Female,HS diploma,18633615.469999928,1069457.7199999997,11653,1987-03-01
1987,3,Female,Less than HS,5493332.159999999,554464.1500000003,3324,1987-03-01
1987,3,Female,Some college,8738940.450000001,351969.45999999996,5559,1987-03-01
1987,4,Male,Bachelor's+,14412729.990000091,354157.94000000024,8858,1987-04-01
1987,4,Male,HS diploma,19953689.28999999,1033423.7299999999,12263,1987-04-01
1987,4,Male,Less than HS,9213764.739999976,852969.1099999996,5367,1987-04-01
1987,4,Male,Some college,10369477.129999962,481229.7299999999,6319,1987-04-01
1987,4,Female,Bachelor's+,9477746.78,184805.46,6034,1987-04-01
1987,4,Female,HS diploma,18590599.95000003,902380.0000000001,11664,1987-04-01
1987,4,Female,Less than HS,5581755.359999997,522231.4900000001,3398,1987-04-01
1987,4,Female,Some college,8764305.680000005,324844.8499999998,5605,1987-04-01
1987,5,Male,Bachelor's+,14432823.279999962,341445.66,8878,1987-05-01
1987,5,Male,HS diploma,20003317.40000003,925649.1699999998,12250,1987-05-01
1987,5,Male,Less than HS,9313454.439999973,758800.099999999,5419,1987-05-01
1987,5,Male,Some college,10540589.309999999,484416.5399999997,6373,1987-05-01
1987,5,Female,Bachelor's+,9559494.149999956,189032.44999999998,6072,1987-05-01
1987,5,Female,HS diploma,18724522.520000014,893422.6999999998,11718,1987-05-01
1987,5,Female,Less than HS,5652924.499999999,528538.5199999998,3432,1987-05-01
1987,5,Female,Some college,8778029.120000007,325744.1800000001,5610,1987-05-01
1987,6,Male,Bachelor's+,14550469.440000022,332488.02999999985,8935,1987-06-01
1987,6,Male,HS diploma,19905077.409999963,999943.03,12225,1987-06-01
1987,6,Male,Less than HS,9230693.550000008,711437.3399999996,5390,1987-06-01
1987,6,Male,Some college,10664422.090000017,416381.25,6404,1987-06-01
1987,6,Female,Bachelor's+,9429106.300000018,232719.19,6019,1987-06-01
1987,6,Female,HS diploma,18396977.889999997,811826.2400000006,11515,1987-06-01
1987,6,Female,Less than HS,5585625.709999994,492898.43999999994,3433,1987-06-01
1987,6,Female,Some college,8814717.259999985,313684.61000000016,5570,1987-06-01
1987,7,Male,Bachelor's+,14631270.320000049,331675.79000000027,8905,1987-07-01
1987,7,Male,HS diploma,19892645.59000005,992085.7100000001,12171,1987-07-01
1987,7,Male,Less than HS,9124471.130000016,661344.1199999996,5269,1987-07-01
1987,7,Male,Some college,10688483.690000009,422355.11000000016,6381,1987-07-01
1987,7,Female,Bachelor's+,9513610.279999979,253147.29999999993,5977,1987-07-01
1987,7,Female,HS diploma,18179210.14000001,899918.95,11379,1987-07-01
1987,7,Female,Less than HS,5627189.490000006,515612.97,3386,1987-07-01
1987,7,Female,Some college,8963385.719999965,361092.1700000001,5607,1987-07-01
1987,8,Male,Bachelor's+,14699123.98999992,327626.7900000001,8903,1987-08-01
1987,8,Male,HS diploma,20015095.979999986,937315.7099999997,12248,1987-08-01
1987,8,Male,Less than HS,9040272.159999987,609204.28,5240,1987-08-01
1987,8,Male,Some college,10573347.659999968,402774.60999999975,6319,1987-08-01
1987,8,Female,Bachelor's+,9616227.770000001,324506.24999999994,6049,1987-08-01
1987,8,Female,HS diploma,18286939.840000052,982547.6800000017,11510,1987-08-01
1987,8,Female,Less than HS,5592375.120000003,509460.9399999999,3398,1987-08-01
1987,8,Female,Some college,8917382.060000028,346871.61000000004,5612,1987-08-01
1987,9,Male,Bachelor's+,14937070.620000022,288212.16000000003,9141,1987-09-01
1987,9,Male,HS diploma,20023416.31999999,863826.6300000001,12333,1987-09-01
1987,9,Male,Less than HS,8944223.880000003,614746.8400000003,5234,1987-09-01
1987,9,Male,Some college,10509368.960000016,360037.4299999999,6360,1987-09-01
1987,9,Female,Bachelor's+,9878276.830000017,288789.74000000005,6278,1987-09-01
1987,9,Female,HS diploma,18597421.14999999,956490.4999999998,11803,1987-09-01
1987,9,Female,Less than HS,5614515.390000005,520714.30000000005,3440,1987-09-01
1987,9,Female,Some college,9024060.629999992,379350.4399999999,5752,1987-09-01
1987,10,Male,Bachelor's+,14934108.089999951,276717.56000000006,9122,1987-10-01
1987,10,Male,HS diploma,20008157.950000033,926782.2399999996,12269,1987-10-01
1987,10,Male,Less than HS,9147064.059999967,660777.2199999997,5303,1987-10-01
1987,10,Male,Some college,10632790.83000003,377152.4400000002,6395,1987-10-01
1987,10,Female,Bachelor's+,9832553.889999978,231273.85000000006,6228,1987-10-01
1987,10,Female,HS diploma,18845016.15999988,929307.9000000005,11934,1987-10-01
1987,10,Female,Less than HS,5722855.659999985,573908.6100000006,3460,1987-10-01
1987,10,Female,Some college,9245889.860000044,320894.79000000015,5873,1987-10-01
1987,11,Male,Bachelor's+,14905865.71999996,257886.66000000003,9104,1987-11-01
1987,11,Male,HS diploma,20120151.409999974,993761.8500000007,12303,1987-11-01
1987,11,Male,Less than HS,9107418.979999997,650746.2100000005,5261,1987-11-01
1987,11,Male,Some college,10593425.33999998,404029.8600000001,6373,1987-11-01
1987,11,Female,Bachelor's+,9927424.879999992,204798.21000000005,6272,1987-11-01
1987,11,Female,HS diploma,18879164.12000016,920710.4499999997,11994,1987-11-01
1987,11,Female,Less than HS,5599625.330000004,550367.9399999998,3417,1987-11-01
1987,11,Female,Some college,9236461.099999994,291919.97999999986,5854,1987-11-01
1987,12,Male,Bachelor's+,14982210.680000085,256784.10000000003,9100,1987-12-01
1987,12,Male,HS diploma,20157448.61000004,1098173.0499999998,12293,1987-12-01
1987,12,Male,Less than HS,9089574.709999988,703929.8399999995,5200,1987-12-01
1987,12,Male,Some college,10449154.979999999,339032.51,6271,1987-12-01
1987,12,Female,Bachelor's+,9855200.979999969,198451.36000000002,6217,1987-12-01
1987,12,Female,HS diploma,18852174.069999993,855366.5200000008,11862,1987-12-01
1987,12,Female,Less than HS,5655943.14,515925.5499999998,3452,1987-12-01
1987,12,Female,Some college,9153517.730000008,276735.5900000001,5723,1987-12-01
1988,1,Male,Bachelor's+,15001501.589999963,325309.98999999993,9067,1988-01-01
1988,1,Male,HS diploma,20116934.759999905,1269141.1700000006,12268,1988-01-01
1988,1,Male,Less than HS,9169575.640000008,794696.7500000003,5212,1988-01-01
1988,1,Male,Some college,10189389.350000035,409350.4900000002,6145,1988-01-01
1988,1,Female,Bachelor's+,9840793.439999986,229010.05000000002,6207,1988-01-01
1988,1,Female,HS diploma,18718976.5700001,985036.7600000005,11768,1988-01-01
1988,1,Female,Less than HS,5590701.290000014,555065.46,3367,1988-01-01
1988,1,Female,Some college,9167664.530000016,318201.45999999985,5710,1988-01-01
1988,2,Male,Bachelor's+,15125469.430000003,269866.88,9171,1988-02-01
1988,2,Male,HS diploma,20302356.709999923,1237308.3999999992,12400,1988-02-01
1988,2,Male,Less than HS,9217326.340000028,826221.8699999995,5318,1988-02-01
1988,2,Male,Some college,10031456.740000056,427240.2900000002,6109,1988-02-01
1988,2,Female,Bachelor's+,9895409.949999962,203330.03000000014,6210,1988-02-01
1988,2,Female,HS diploma,18737982.779999908,987687.4600000005,11741,1988-02-01
1988,2,Female,Less than HS,5640637.700000003,561012.3999999998,3383,1988-02-01
1988,2,Female,Some college,9066303.599999977,359837.62000000005,5689,1988-02-01
1988,3,Male,Bachelor's+,15115695.919999987,246330.10999999996,9130,1988-03-01
1988,3,Male,HS diploma,20260841.03999999,1185934.6299999997,12304,1988-03-01
1988,3,Male,Less than HS,9290828.98000003,855082.6599999997,5355,1988-03-01
1988,3,Male,Some college,10060052.050000003,389547.7499999998,6036,1988-03-01
1988,3,Female,Bachelor's+,9946881.320000015,191986.72999999995,6233,1988-03-01
1988,3,Female,HS diploma,18877189.340000104,855140.5500000004,11746,1988-03-01
1988,3,Female,Less than HS,5641898.410000015,461698.59,3351,1988-03-01
1988,3,Female,Some college,9164623.790000021,308768.43999999994,5727,1988-03-01
1988,4,Male,Bachelor's+,15083578.41000001,251147.21000000008,8442,1988-04-01
1988,4,Male,HS diploma,20275963.080000028,941726.0999999999,11650,1988-04-01
1988,4,Male,Less than HS,9283891.959999993,731927.77,5015,1988-04-01
1988,4,Male,Some college,10360017.219999988,357109.2599999999,5811,1988-04-01
1988,4,Female,Bachelor's+,10025138.410000004,136548.40000000002,5778,1988-04-01
1988,4,Female,HS diploma,18879661.53999998,826610.0899999996,11128,1988-04-01
1988,4,Female,Less than HS,5506432.830000002,489468.93000000005,3103,1988-04-01
1988,4,Female,Some college,9275585.149999993,306607.7799999999,5393,1988-04-01
1988,5,Male,Bachelor's+,14999263.140000015,260792.71999999988,8444,1988-05-01
1988,5,Male,HS diploma,20378944.319999937,901287.4700000003,11756,1988-05-01
1988,5,Male,Less than HS,9320189.659999976,731749.0000000001,5004,1988-05-01
1988,5,Male,Some college,10422882.189999962,338935.76000000007,5812,1988-05-01
1988,5,Female,Bachelor's+,10065349.549999999,162318.06999999998,5775,1988-05-01
1988,5,Female,HS diploma,18724656.46000013,829292.3100000003,11027,1988-05-01
1988,5,Female,Less than HS,5652651.739999999,481792.4699999999,3184,1988-05-01
1988,5,Female,Some college,9295687.029999994,326527.5900000001,5428,1988-05-01
1988,6,Male,Bachelor's+,15128098.630000006,248631.74000000005,8432,1988-06-01
1988,6,Male,HS diploma,20286816.559999984,829039.1800000004,11634,1988-06-01
1988,6,Male,Less than HS,9285658.71999999,691091.5899999997,4911,1988-06-01
1988,6,Male,Some college,10470012.78000001,346410.49000000005,5817,1988-06-01
1988,6,Female,Bachelor's+,9978552.310000008,245930.81999999998,5727,1988-06-01
1988,6,Female,HS diploma,18479595.469999976,742035.5999999997,10799,1988-06-01
1988,6,Female,Less than HS,5425635.890000013,435438.1600000001,3067,1988-06-01
1988,6,Female,Some college,9434757.240000011,348885.57999999996,5378,1988-06-01
1988,7,Male,Bachelor's+,15286041.389999976,307779.3700000001,8541,1988-07-01
1988,7,Male,HS diploma,20512784.0099999,832766.3799999999,11692,1988-07-01
1988,7,Male,Less than HS,8976116.73999999,569000.3899999997,4759,1988-07-01
1988,7,Male,Some college,10523029.760000002,333853.0700000002,5875,1988-07-01
1988,7,Female,Bachelor's+,10043652.049999982,273749.1300000001,5758,1988-07-01
1988,7,Female,HS diploma,18327969.41000001,853993.2500000001,10737,1988-07-01
1988,7,Female,Less than HS,5501826.3800000055,499392.34,3094,1988-07-01
1988,7,Female,Some college,9326012.41000001,374672.0399999999,5345,1988-07-01
1988,8,Male,Bachelor's+,15390105.099999879,328441.2600000001,8480,1988-08-01
1988,8,Male,HS diploma,20502637.429999925,868599.2800000007,11643,1988-08-01
1988,8,Male,Less than HS,9010061.120000014,632798.9299999999,4774,1988-08-01
1988,8,Male,Some college,10551571.39,323795.66999999975,5849,1988-08-01
1988,8,Female,Bachelor's+,10142868.850000026,306407.3799999999,5753,1988-08-01
1988,8,Female,HS diploma,18540185.170000028,855409.8999999997,10853,1988-08-01
1988,8,Female,Less than HS,5464811.699999987,509933.5199999999,3066,1988-08-01
1988,8,Female,Some college,9376724.649999972,389322.40999999986,5357,1988-08-01
1988,9,Male,Bachelor's+,15567496.960000027,280151.72999999986,8633,1988-09-01
1988,9,Male,HS diploma,20300153.11999995,805222.2399999996,11640,1988-09-01
1988,9,Male,Less than HS,9060826.539999962,570571.0100000001,4859,1988-09-01
1988,9,Male,Some college,10533713.390000012,301425.51,5927,1988-09-01
1988,9,Female,Bachelor's+,10562848.179999983,295858.1499999998,6054,1988-09-01
1988,9,Female,HS diploma,18863773.97000002,841077.6299999998,11112,1988-09-01
1988,9,Female,Less than HS,5649104.7200000035,511978.5000000001,3146,1988-09-01
1988,9,Female,Some college,9340266.399999987,401970.83,5468,1988-09-01
1988,10,Male,Bachelor's+,15520607.770000024,240367.02000000008,8583,1988-10-01
1988,10,Male,HS diploma,20344887.910000097,834727.0499999999,11726,1988-10-01
1988,10,Male,Less than HS,8984524.34000001,560691.2000000003,4846,1988-10-01
1988,10,Male,Some college,10697749.219999978,345319.6199999999,6000,1988-10-01
1988,10,Female,Bachelor's+,10459261.470000008,251934.19,5990,1988-10-01
1988,10,Female,HS diploma,19040746.77999992,824252.3599999993,11321,1988-10-01
1988,10,Female,Less than HS,5833835.720000018,474311.71000000025,3239,1988-10-01
1988,10,Female,Some college,9687670.72000001,345967.74999999994,5683,1988-10-01
1988,11,Male,Bachelor's+,15386844.10000002,248907.89999999997,8606,1988-11-01
1988,11,Male,HS diploma,20419168.930000056,896940.8700000008,11786,1988-11-01
1988,11,Male,Less than HS,9086401.009999983,709763.4400000001,4882,1988-11-01
1988,11,Male,Some college,10690827.299999995,396369.24,6021,1988-11-01
1988,11,Female,Bachelor's+,10589468.88999999,199039.72999999998,6101,1988-11-01
1988,11,Female,HS diploma,19270320.840000033,841486.1199999995,11463,1988-11-01
1988,11,Female,Less than HS,5894859.019999993,492014.83999999985,3260,1988-11-01
1988,11,Female,Some college,9639806.460000005,295130.09000000014,5673,1988-11-01
1988,12,Male,Bachelor's+,15231931.019999968,306961.01999999996,8591,1988-12-01
1988,12,Male,HS diploma,20385280.99999997,961851.7799999993,11808,1988-12-01
1988,12,Male,Less than HS,9123918.170000002,706895.2600000006,4938,1988-12-01
1988,12,Male,Some college,10774418.16999996,319919.0299999999,6053,1988-12-01
1988,12,Female,Bachelor's+,10534241.869999984,205970.13999999996,6166,1988-12-01
1988,12,Female,HS diploma,19325022.48999988,739345.8800000005,11513,1988-12-01
1988,12,Female,Less than HS,5789265.109999991,440758.2300000001,3228,1988-12-01
1988,12,Female,Some college,9395518.999999981,309473.75000000006,5554,1988-12-01
1989,1,Male,Bachelor's+,15348074.979999956,317315.0299999999,8540,1989-01-01
1989,1,Male,HS diploma,20569980.369999796,1164668.0300000007,11746,1989-01-01
1989,1,Male,Less than HS,8993579.900000015,723863.0799999997,4788,1989-01-01
1989,1,Male,Some college,10716789.35000001,452473.6800000001,5923,1989-01-01
1989,1,Female,Bachelor's+,10676818.189999953,230060.28999999995,6226,1989-01-01
1989,1,Female,HS diploma,19274439.26999995,846680.5799999995,11434,1989-01-01
1989,1,Female,Less than HS,5841201.230000006,576741.9199999996,3226,1989-01-01
1989,1,Female,Some college,9492248.500000004,298468.62999999983,5508,1989-01-01
1989,2,Male,Bachelor's+,15557673.21000005,352745.0700000002,8668,1989-02-01
1989,2,Male,HS diploma,20496521.649999887,1136180.000000002,11708,1989-02-01
1989,2,Male,Less than HS,9171873.260000004,744966.7600000002,4857,1989-02-01
1989,2,Male,Some college,10501185.930000026,391772.37,5867,1989-02-01
1989,2,Female,Bachelor's+,10689430.289999958,225239.0199999999,6254,1989-02-01
1989,2,Female,HS diploma,19154884.239999846,805765.9500000002,11322,1989-02-01
1989,2,Female,Less than HS,5682472.599999988,481087.5499999998,3149,1989-02-01
1989,2,Female,Some college,9464884.649999913,356995.6899999998,5427,1989-02-01
1989,3,Male,Bachelor's+,15784442.259999992,337187.4399999999,8608,1989-03-01
1989,3,Male,HS diploma,20428271.899999976,1041491.5999999993,11529,1989-03-01
1989,3,Male,Less than HS,9065663.82999999,741536.4200000003,4780,1989-03-01
1989,3,Male,Some college,10631559.62000002,318553.36000000016,5777,1989-03-01
1989,3,Female,Bachelor's+,10851982.190000001,218738.99000000005,6133,1989-03-01
1989,3,Female,HS diploma,19350523.769999992,816150.2400000007,11233,1989-03-01
1989,3,Female,Less than HS,5579991.210000001,421112.44000000024,3052,1989-03-01
1989,3,Female,Some college,9363712.770000018,337870.8800000003,5303,1989-03-01
1989,4,Male,Bachelor's+,15971061.430000044,340350.4399999999,8923,1989-04-01
1989,4,Male,HS diploma,20375134.269999906,906511.8200000008,11753,1989-04-01
1989,4,Male,Less than HS,9070527.650000004,709841.1499999999,4883,1989-04-01
1989,4,Male,Some college,10598990.449999945,344281.43999999977,5979,1989-04-01
1989,4,Female,Bachelor's+,10888344.620000008,223598.93,6288,1989-04-01
1989,4,Female,HS diploma,19152638.550000027,726462.3999999991,11364,1989-04-01
1989,4,Female,Less than HS,5516812.670000017,463540.42,3104,1989-04-01
1989,4,Female,Some college,9732793.35000005,320812.52,5552,1989-04-01
1989,5,Male,Bachelor's+,15829924.880000008,272143.18,8962,1989-05-01
1989,5,Male,HS diploma,20508539.760000028,804298.8899999995,11954,1989-05-01
1989,5,Male,Less than HS,9061988.06000002,636605.9199999996,4972,1989-05-01
1989,5,Male,Some college,10692100.27999996,292526.60000000003,6068,1989-05-01
1989,5,Female,Bachelor's+,10822452.809999987,229265.12999999995,6307,1989-05-01
1989,5,Female,HS diploma,19333874.410000075,857231.79,11484,1989-05-01
1989,5,Female,Less than HS,5506408.059999988,450895.94999999955,3161,1989-05-01
1989,5,Female,Some college,9792325.330000008,310724.6900000002,5655,1989-05-01
1989,6,Male,Bachelor's+,15721228.010000078,266715.6699999999,8942,1989-06-01
1989,6,Male,HS diploma,20563615.830000106,830524.2800000001,12014,1989-06-01
1989,6,Male,Less than HS,9132878.36999999,574853.5100000001,5018,1989-06-01
1989,6,Male,Some college,10977600.69999998,263141.7299999999,6221,1989-06-01
1989,6,Female,Bachelor's+,10663462.030000024,293860.46,6245,1989-06-01
1989,6,Female,HS diploma,19082086.020000007,783881.1600000007,11353,1989-06-01
1989,6,Female,Less than HS,5476999.129999999,459338.04999999976,3157,1989-06-01
1989,6,Female,Some college,9705834.390000012,333665.70999999996,5668,1989-06-01
1989,7,Male,Bachelor's+,15720874.589999925,289309.75999999983,9008,1989-07-01
1989,7,Male,HS diploma,20621103.899999913,820743.9200000002,12106,1989-07-01
1989,7,Male,Less than HS,8907943.819999963,552545.96,4933,1989-07-01
1989,7,Male,Some college,11152717.090000018,304950.57999999996,6393,1989-07-01
1989,7,Female,Bachelor's+,10626548.099999966,303666.4499999999,6301,1989-07-01
1989,7,Female,HS diploma,18942153.88,921217.4200000004,11297,1989-07-01
1989,7,Female,Less than HS,5517370.31000001,493599.3799999998,3140,1989-07-01
1989,7,Female,Some college,9802489.41,357625.45,5766,1989-07-01
1989,8,Male,Bachelor's+,15820538.420000063,301042.95000000007,9125,1989-08-01
1989,8,Male,HS diploma,20620381.420000073,802353.8500000008,12112,1989-08-01
1989,8,Male,Less than HS,8807644.290000012,523105.7499999997,4893,1989-08-01
1989,8,Male,Some college,11105669.529999938,289912.71999999986,6376,1989-08-01
1989,8,Female,Bachelor's+,10559632.149999993,349335.99,6315,1989-08-01
1989,8,Female,HS diploma,19075457.170000214,847235.0400000006,11438,1989-08-01
1989,8,Female,Less than HS,5553972.959999974,501779.1700000001,3140,1989-08-01
1989,8,Female,Some college,9753479.319999991,338719.4000000002,5771,1989-08-01
1989,9,Male,Bachelor's+,15670025.369999941,305588.17999999993,9068,1989-09-01
1989,9,Male,HS diploma,20799865.129999917,782536.4399999996,12258,1989-09-01
1989,9,Male,Less than HS,8846979.939999985,615020.7199999997,4873,1989-09-01
1989,9,Male,Some college,11127830.79000003,310202.4700000001,6420,1989-09-01
1989,9,Female,Bachelor's+,10982039.560000034,328655.89999999985,6623,1989-09-01
1989,9,Female,HS diploma,19297762.92000022,860815.9099999999,11643,1989-09-01
1989,9,Female,Less than HS,5804754.070000011,437054.3800000001,3305,1989-09-01
1989,9,Female,Some college,9883190.250000011,362483.55999999994,5936,1989-09-01
1989,10,Male,Bachelor's+,15823160.35999996,303760.8800000002,9208,1989-10-01
1989,10,Male,HS diploma,20751873.510000065,752170.6500000003,12412,1989-10-01
1989,10,Male,Less than HS,8828109.900000025,593331.8399999994,4924,1989-10-01
1989,10,Male,Some college,11222098.730000008,343822.28999999986,6559,1989-10-01
1989,10,Female,Bachelor's+,10981804.329999985,240171.8399999999,6667,1989-10-01
1989,10,Female,HS diploma,19601092.690000083,930306.6799999997,12000,1989-10-01
1989,10,Female,Less than HS,5665510.939999992,431975.15999999986,3290,1989-10-01
1989,10,Female,Some college,10121295.919999974,363501.07999999996,6197,1989-10-01
1989,11,Male,Bachelor's+,15775980.93000013,323933.72999999975,9264,1989-11-01
1989,11,Male,HS diploma,20935123.829999924,891653.5099999999,12547,1989-11-01
1989,11,Male,Less than HS,8875118.700000022,663379.3800000002,5005,1989-11-01
1989,11,Male,Some college,11101283.520000016,363203.89000000013,6499,1989-11-01
1989,11,Female,Bachelor's+,11052118.300000003,227668.8,6783,1989-11-01
1989,11,Female,HS diploma,19834516.360000048,867651.1000000003,12148,1989-11-01
1989,11,Female,Less than HS,5643780.290000005,446598.5300000003,3290,1989-11-01
1989,11,Female,Some college,10033726.749999933,346742.80000000005,6152,1989-11-01
1989,12,Male,Bachelor's+,15748643.04000006,304514.4199999999,9249,1989-12-01
1989,12,Male,HS diploma,21176591.549999997,993528.82,12570,1989-12-01
1989,12,Male,Less than HS,8688623.759999972,632295.0900000007,4921,1989-12-01
1989,12,Male,Some college,11094221.580000004,355708.06999999995,6485,1989-12-01
1989,12,Female,Bachelor's+,10973330.74000005,216848.43000000005,6780,1989-12-01
1989,12,Female,HS diploma,19865872.61000005,887873.9099999997,12192,1989-12-01
1989,12,Female,Less than HS,5602677.75000001,441402.13000000006,3286,1989-12-01
1989,12,Female,Some college,9944254.880000012,327428.75999999983,6092,1989-12-01
1990,1,Male,Bachelor's+,15732423.289999982,359761.7200000001,9341,1990-01-01
1990,1,Male,HS diploma,20966632.350000065,1325942.6700000004,12473,1990-01-01
1990,1,Male,Less than HS,8671890.820000015,729202.8599999999,4906,1990-01-01
1990,1,Male,Some college,11167751.700000016,470285.58999999997,6518,1990-01-01
1990,1,Female,Bachelor's+,11120420.520000016,233833.30000000002,6903,1990-01-01
1990,1,Female,HS diploma,19637229.350000028,932560.2599999998,12161,1990-01-01
1990,1,Female,Less than HS,5465614.019999999,510589.1599999999,3233,1990-01-01
1990,1,Female,Some college,9891599.140000038,361148.70999999996,6065,1990-01-01
1990,2,Male,Bachelor's+,15777984.379999964,351316.8300000003,9404,1990-02-01
1990,2,Male,HS diploma,21128197.120000143,1251523.3500000003,12508,1990-02-01
1990,2,Male,Less than HS,8773413.230000021,711992.9099999996,4940,1990-02-01
1990,2,Male,Some college,10956102.070000011,437419.53000000014,6442,1990-02-01
1990,2,Female,Bachelor's+,11218796.63000001,212970.40999999995,6968,1990-02-01
1990,2,Female,HS diploma,19364277.79000009,941625.4099999999,11988,1990-02-01
1990,2,Female,Less than HS,5414131.329999996,524434.0700000003,3211,1990-02-01
1990,2,Female,Some college,10018618.789999988,376651.87000000005,6105,1990-02-01
1990,3,Male,Bachelor's+,15976298.799999965,324394.1999999997,9465,1990-03-01
1990,3,Male,HS diploma,20765012.500000086,1039248.7300000009,12306,1990-03-01
1990,3,Male,Less than HS,8902519.68999998,803659.9700000002,5029,1990-03-01
1990,3,Male,Some college,11131443.559999956,432397.5899999999,6576,1990-03-01
1990,3,Female,Bachelor's+,11166949.930000035,196866.85999999993,6884,1990-03-01
1990,3,Female,HS diploma,19469647.320000164,871154.3099999994,12008,1990-03-01
1990,3,Female,Less than HS,5421294.660000017,484990.64000000013,3230,1990-03-01
1990,3,Female,Some college,10003599.199999988,348756.87000000005,6148,1990-03-01
1990,4,Male,Bachelor's+,15996528.03999995,336928.4099999999,9617,1990-04-01
1990,4,Male,HS diploma,20680559.28999994,980687.3400000007,12399,1990-04-01
1990,4,Male,Less than HS,9063871.81000003,714133.62,5185,1990-04-01
1990,4,Male,Some college,11017458.959999988,402749.23999999964,6595,1990-04-01
1990,4,Female,Bachelor's+,11239231.660000006,230842.7499999999,6982,1990-04-01
1990,4,Female,HS diploma,19428919.9400001,813749.6299999997,12069,1990-04-01
1990,4,Female,Less than HS,5473564.689999994,454184.5700000002,3274,1990-04-01
1990,4,Female,Some college,10071302.94000003,322980.71999999986,6190,1990-04-01
1990,5,Male,Bachelor's+,16027533.390000017,289811.8099999998,9613,1990-05-01
1990,5,Male,HS diploma,20626942.16000006,913448.6100000007,12426,1990-05-01
1990,5,Male,Less than HS,9151064.500000004,666393.0799999997,5233,1990-05-01
1990,5,Male,Some college,11183792.23999997,373160.43999999977,6630,1990-05-01
1990,5,Female,Bachelor's+,11212087.180000015,208056.39999999997,6965,1990-05-01
1990,5,Female,HS diploma,19549537.459999986,804594.0299999999,12165,1990-05-01
1990,5,Female,Less than HS,5532270.490000004,445679.9399999997,3315,1990-05-01
1990,5,Female,Some college,10220072.230000012,353712.5500000002,6303,1990-05-01
1990,6,Male,Bachelor's+,16014388.049999965,338932.6500000001,9526,1990-06-01
1990,6,Male,HS diploma,20684508.90999997,858776.4400000001,12432,1990-06-01
1990,6,Male,Less than HS,9079417.29999996,588155.3100000003,5108,1990-06-01
1990,6,Male,Some college,11258395.369999982,374083.9100000001,6588,1990-06-01
1990,6,Female,Bachelor's+,11107176.709999993,292169.0499999999,6824,1990-06-01
1990,6,Female,HS diploma,19347256.73000008,757306.5799999997,11853,1990-06-01
1990,6,Female,Less than HS,5516608.389999984,409000.23,3237,1990-06-01
1990,6,Female,Some college,10034768.700000027,351156.21999999986,6130,1990-06-01
1990,7,Male,Bachelor's+,15815704.369999822,312370.17000000016,9494,1990-07-01
1990,7,Male,HS diploma,20985591.899999842,926443.3699999998,12641,1990-07-01
1990,7,Male,Less than HS,9020134.470000014,643151.0700000001,5099,1990-07-01
1990,7,Male,Some college,11204395.370000005,437347.58999999997,6574,1990-07-01
1990,7,Female,Bachelor's+,11082056.150000032,347552.0599999998,6805,1990-07-01
1990,7,Female,HS diploma,19188839.19000008,849226.8900000008,11823,1990-07-01
1990,7,Female,Less than HS,5414974.56000001,466308.18000000005,3174,1990-07-01
1990,7,Female,Some college,10172728.150000064,405214.20000000024,6217,1990-07-01
1990,8,Male,Bachelor's+,15847014.559999995,328412.6,9466,1990-08-01
1990,8,Male,HS diploma,21217392.439999998,1014182.6599999998,12749,1990-08-01
1990,8,Male,Less than HS,8887320.479999986,588826.05,5028,1990-08-01
1990,8,Male,Some college,11240942.240000008,426824.2599999999,6590,1990-08-01
1990,8,Female,Bachelor's+,11199968.36,370969.47000000003,6819,1990-08-01
1990,8,Female,HS diploma,19127920.33999998,940853.99,11822,1990-08-01
1990,8,Female,Less than HS,5387090.339999995,453475.1499999999,3167,1990-08-01
1990,8,Female,Some college,10170294.130000018,420774.8199999999,6163,1990-08-01
1990,9,Male,Bachelor's+,15926692.260000013,323912.4500000002,9496,1990-09-01
1990,9,Male,HS diploma,21440025.66999996,953034.9499999994,12850,1990-09-01
1990,9,Male,Less than HS,8895487.980000006,631266.5899999999,5042,1990-09-01
1990,9,Male,Some college,11161814.410000002,405900.68999999977,6565,1990-09-01
1990,9,Female,Bachelor's+,11389291.28,300870.4399999998,6991,1990-09-01
1990,9,Female,HS diploma,19361872.410000008,972878.4500000012,12012,1990-09-01
1990,9,Female,Less than HS,5550511.709999987,484929.2900000002,3285,1990-09-01
1990,9,Female,Some college,10199692.31999998,403240.9299999999,6222,1990-09-01
1990,10,Male,Bachelor's+,16046028.890000027,342028.84,9453,1990-10-01
1990,10,Male,HS diploma,21447700.780000057,986220.5399999998,12837,1990-10-01
1990,10,Male,Less than HS,8703265.860000001,638612.1999999997,4918,1990-10-01
1990,10,Male,Some college,11254091.829999993,377300.1999999998,6607,1990-10-01
1990,10,Female,Bachelor's+,11440694.419999927,245853.03000000006,6995,1990-10-01
1990,10,Female,HS diploma,19478426.120000206,898811.5600000002,12150,1990-10-01
1990,10,Female,Less than HS,5501240.579999995,493598.27,3222,1990-10-01
1990,10,Female,Some college,10364989.15999999,373334.26000000007,6329,1990-10-01
1990,11,Male,Bachelor's+,16113805.830000019,397724.8399999996,9500,1990-11-01
1990,11,Male,HS diploma,21366571.890000023,1148980.1300000006,12722,1990-11-01
1990,11,Male,Less than HS,8813818.310000023,785394.07,4939,1990-11-01
1990,11,Male,Some college,11204207.030000009,444419.55000000034,6530,1990-11-01
1990,11,Female,Bachelor's+,11387969.860000005,251962.54,7013,1990-11-01
1990,11,Female,HS diploma,19565430.420000058,982193.7099999987,12146,1990-11-01
1990,11,Female,Less than HS,5439864.030000004,512284.1599999999,3213,1990-11-01
1990,11,Female,Some college,10307685.71000004,401984.43000000005,6282,1990-11-01
1990,12,Male,Bachelor's+,15908420.399999943,388212.48000000016,9462,1990-12-01
1990,12,Male,HS diploma,21556379.810000002,1301439.2600000007,12816,1990-12-01
1990,12,Male,Less than HS,8838169.210000018,941419.1700000003,4949,1990-12-01
1990,12,Male,Some college,11130889.189999998,425142.60999999987,6463,1990-12-01
1990,12,Female,Bachelor's+,11316069.92999994,263591.99,7008,1990-12-01
1990,12,Female,HS diploma,19642460.74999997,984338.1300000001,12142,1990-12-01
1990,12,Female,Less than HS,5564237.910000009,518256.01999999967,3278,1990-12-01
1990,12,Female,Some college,10167966.410000004,392486.35999999975,6277,1990-12-01
1991,1,Male,Bachelor's+,15855440.250000002,423180.83,9369,1991-01-01
1991,1,Male,HS diploma,21219288.490000088,1433511.6799999997,12507,1991-01-01
1991,1,Male,Less than HS,8545726.06000001,1072900.3199999998,4777,1991-01-01
1991,1,Male,Some college,11332448.46999996,555841.3200000002,6511,1991-01-01
1991,1,Female,Bachelor's+,11473648.37999998,291036.7799999999,7025,1991-01-01
1991,1,Female,HS diploma,19369281.49000003,1054990.44,11847,1991-01-01
1991,1,Female,Less than HS,5418131.899999999,583270.7300000006,3157,1991-01-01
1991,1,Female,Some college,10141719.739999967,466819.6200000001,6163,1991-01-01
1991,2,Male,Bachelor's+,16028803.739999909,459367.82999999996,9438,1991-02-01
1991,2,Male,HS diploma,21255307.149999876,1621258.7299999997,12452,1991-02-01
1991,2,Male,Less than HS,8627100.89999997,1187149.2000000007,4809,1991-02-01
1991,2,Male,Some college,11345815.23000002,581178.0100000004,6572,1991-02-01
1991,2,Female,Bachelor's+,11573045.270000016,251356.58000000005,7125,1991-02-01
1991,2,Female,HS diploma,19380318.860000104,1107579.2499999993,11795,1991-02-01
1991,2,Female,Less than HS,5387565.619999983,605827.48,3142,1991-02-01
1991,2,Female,Some college,10297676.829999985,440812.87999999983,6233,1991-02-01
1991,3,Male,Bachelor's+,15989572.749999996,484872.29000000015,9362,1991-03-01
1991,3,Male,HS diploma,21166670.419999864,1572125.8000000026,12385,1991-03-01
1991,3,Male,Less than HS,8768006.159999982,1125147.3300000005,4870,1991-03-01
1991,3,Male,Some college,11532412.830000004,588332.1400000006,6649,1991-03-01
1991,3,Female,Bachelor's+,11661826.940000014,286259.3000000001,7098,1991-03-01
1991,3,Female,HS diploma,19422775.9,1057923.7100000002,11774,1991-03-01
1991,3,Female,Less than HS,5415221.450000005,551381.8299999997,3145,1991-03-01
1991,3,Female,Some college,10272496.47000004,491578.65,6217,1991-03-01
1991,4,Male,Bachelor's+,16266518.620000016,494550.68000000005,9541,1991-04-01
1991,4,Male,HS diploma,21033043.34999992,1365946.1399999985,12369,1991-04-01
1991,4,Male,Less than HS,8891881.500000022,957085.7099999989,4975,1991-04-01
1991,4,Male,Some college,11459928.300000051,580843.5300000003,6667,1991-04-01
1991,4,Female,Bachelor's+,11701130.699999986,287989.85000000003,7141,1991-04-01
1991,4,Female,HS diploma,19485260.49000007,960295.780000001,11854,1991-04-01
1991,4,Female,Less than HS,5357861.699999984,513132.5299999997,3110,1991-04-01
1991,4,Female,Some college,10554491.700000005,484743.70000000036,6303,1991-04-01
1991,5,Male,Bachelor's+,16308780.900000034,483975.44999999995,9528,1991-05-01
1991,5,Male,HS diploma,20868131.760000136,1192918.7900000003,12254,1991-05-01
1991,5,Male,Less than HS,8872031.62000002,894896.8099999995,4918,1991-05-01
1991,5,Male,Some college,11466354.240000008,609544.8300000004,6610,1991-05-01
1991,5,Female,Bachelor's+,11776171.409999963,303536.91000000003,7143,1991-05-01
1991,5,Female,HS diploma,19536471.030000053,1008803.3199999994,11818,1991-05-01
1991,5,Female,Less than HS,5254758.290000002,565074.3999999997,3070,1991-05-01
1991,5,Female,Some college,10427974.17000003,406645.0099999998,6267,1991-05-01
1991,6,Male,Bachelor's+,16207772.699999932,428821.9499999999,9440,1991-06-01
1991,6,Male,HS diploma,20856527.390000008,1240041.5399999984,12252,1991-06-01
1991,6,Male,Less than HS,8982511.670000002,818595.1800000005,4932,1991-06-01
1991,6,Male,Some college,11609460.559999984,589347.8700000001,6585,1991-06-01
1991,6,Female,Bachelor's+,11410839.23999999,366647.30000000005,6821,1991-06-01
1991,6,Female,HS diploma,19750575.69999994,1033900.05,11791,1991-06-01
1991,6,Female,Less than HS,5382534.049999999,538085.8999999999,3093,1991-06-01
1991,6,Female,Some college,10442777.819999965,458480.6999999997,6252,1991-06-01
1991,7,Male,Bachelor's+,16196939.040000046,446435.9300000001,9424,1991-07-01
1991,7,Male,HS diploma,20993031.239999916,1208653.5299999989,12370,1991-07-01
1991,7,Male,Less than HS,8790756.929999992,841381.6300000001,4781,1991-07-01
1991,7,Male,Some college,11575616.659999965,545132.2399999998,6607,1991-07-01
1991,7,Female,Bachelor's+,11442365.400000015,424647.31000000006,6890,1991-07-01
1991,7,Female,HS diploma,19312514.609999977,977838.1799999997,11608,1991-07-01
1991,7,Female,Less than HS,5346506.950000001,543459.41,3046,1991-07-01
1991,7,Female,Some college,10551421.469999993,431648.88,6332,1991-07-01
1991,8,Male,Bachelor's+,16145899.909999944,438185.53999999986,9439,1991-08-01
1991,8,Male,HS diploma,21113229.71999994,1187002.6800000002,12414,1991-08-01
1991,8,Male,Less than HS,8727903.320000006,880270.4700000001,4759,1991-08-01
1991,8,Male,Some college,11454941.189999996,505785.4300000002,6592,1991-08-01
1991,8,Female,Bachelor's+,11500340.329999955,443755.4100000002,6932,1991-08-01
1991,8,Female,HS diploma,19541332.589999925,1110399.05,11767,1991-08-01
1991,8,Female,Less than HS,5260641.779999998,559706.61,3010,1991-08-01
1991,8,Female,Some college,10350549.669999996,540708.1500000003,6285,1991-08-01
1991,9,Male,Bachelor's+,16062315.939999988,395975.9099999999,9381,1991-09-01
1991,9,Male,HS diploma,21307383.650000043,1200795.0200000005,12514,1991-09-01
1991,9,Male,Less than HS,8829615.700000007,827499.7800000005,4814,1991-09-01
1991,9,Male,Some college,11677497.669999983,533229.65,6705,1991-09-01
1991,9,Female,Bachelor's+,11523338.750000026,389935.0099999999,7024,1991-09-01
1991,9,Female,HS diploma,19852667.870000023,1027713.8799999999,12037,1991-09-01
1991,9,Female,Less than HS,5324203.020000001,559058.21,3083,1991-09-01
1991,9,Female,Some college,10596036.809999986,548937.6700000003,6438,1991-09-01
1991,10,Male,Bachelor's+,16092212.439999908,415663.9999999996,9323,1991-10-01
1991,10,Male,HS diploma,21102620.210000005,1235297.34,12326,1991-10-01
1991,10,Male,Less than HS,8703635.639999999,777363.4100000001,4733,1991-10-01
1991,10,Male,Some college,11796924.15000003,509759.58999999973,6714,1991-10-01
1991,10,Female,Bachelor's+,11752403.87999996,334664.98000000016,7186,1991-10-01
1991,10,Female,HS diploma,19786815.15000012,1003894.4000000005,11946,1991-10-01
1991,10,Female,Less than HS,5220961.160000011,558500.6599999998,3037,1991-10-01
1991,10,Female,Some college,10686611.629999999,550498.75,6441,1991-10-01
1991,11,Male,Bachelor's+,16244447.540000021,447975.5700000002,9344,1991-11-01
1991,11,Male,HS diploma,21183030.4100001,1365781.6200000008,12307,1991-11-01
1991,11,Male,Less than HS,8715515.67,854980.6300000004,4719,1991-11-01
1991,11,Male,Some college,11676575.159999976,578052.8600000003,6638,1991-11-01
1991,11,Female,Bachelor's+,11737828.409999954,292380.59,7134,1991-11-01
1991,11,Female,HS diploma,19973035.399999868,1072881.36,12067,1991-11-01
1991,11,Female,Less than HS,5167800.410000015,538573.58,3008,1991-11-01
1991,11,Female,Some college,10571682.839999989,540512.5300000003,6346,1991-11-01
1991,12,Male,Bachelor's+,16451307.789999975,469559.5200000002,9448,1991-12-01
1991,12,Male,HS diploma,21424602.56999999,1508483.139999999,12379,1991-12-01
1991,12,Male,Less than HS,8313992.149999993,925392.89,4544,1991-12-01
1991,12,Male,Some college,11521951.289999958,592557.0800000001,6548,1991-12-01
1991,12,Female,Bachelor's+,11749324.129999965,297212.95999999985,7168,1991-12-01
1991,12,Female,HS diploma,19853741.45999996,1081674.3200000003,11989,1991-12-01
1991,12,Female,Less than HS,5196117.730000005,567035.9599999994,3036,1991-12-01
1991,12,Female,Some college,10676168.42000001,515257.23000000033,6419,1991-12-01
1992,1,Male,Bachelor's+,16113441.349999944,558938.73,9208,1992-01-01
1992,1,Male,HS diploma,19673788.99999999,1819551.6299999985,11416,1992-01-01
1992,1,Male,Less than HS,8360108.209999996,1104360.0200000005,4483,1992-01-01
1992,1,Male,Some college,13690102.710000036,876183.1000000003,7687,1992-01-01
1992,1,Female,Bachelor's+,11615093.790000018,332506.71000000025,7042,1992-01-01
1992,1,Female,HS diploma,17997480.530000046,1175144.9899999993,10868,1992-01-01
1992,1,Female,Less than HS,5278068.870000008,569488.14,3080,1992-01-01
1992,1,Female,Some college,12721624,698111.9,7463,1992-01-01
1992,2,Male,Bachelor's+,16135138.390000064,571124.5399999999,9256,1992-02-01
1992,2,Male,HS diploma,19842254.69000002,1884183.750000002,11500,1992-02-01
1992,2,Male,Less than HS,8195853.129999988,1069853.9099999997,4472,1992-02-01
1992,2,Male,Some college,13871519.719999991,946137.68,7845,1992-02-01
1992,2,Female,Bachelor's+,11770462.12000002,367962.6699999998,7061,1992-02-01
1992,2,Female,HS diploma,18044542.709999975,1172369.6300000006,10865,1992-02-01
1992,2,Female,Less than HS,5260140.750000002,590835.8299999996,3030,1992-02-01
1992,2,Female,Some college,12623083.729999984,706333.3900000004,7489,1992-02-01
1992,3,Male,Bachelor's+,16110417.580000017,505798.8500000001,9168,1992-03-01
1992,3,Male,HS diploma,20014041.669999983,1692230.4300000013,11402,1992-03-01
1992,3,Male,Less than HS,8336782.910000028,1115624.939999999,4474,1992-03-01
1992,3,Male,Some college,13860043.50999999,862327.6400000002,7791,1992-03-01
1992,3,Female,Bachelor's+,11818580.789999947,298188.63999999996,6989,1992-03-01
1992,3,Female,HS diploma,18131942.779999997,1161154.719999999,10748,1992-03-01
1992,3,Female,Less than HS,5218658.669999992,584378.8800000002,2947,1992-03-01
1992,3,Female,Some college,12734342.230000032,696228.7800000006,7493,1992-03-01
1992,4,Male,Bachelor's+,16114006.880000029,513397.4200000001,9127,1992-04-01
1992,4,Male,HS diploma,20080880.1,1543725.749999999,11443,1992-04-01
1992,4,Male,Less than HS,8261130.730000011,933492.39,4380,1992-04-01
1992,4,Male,Some college,13998553.859999998,837326.5199999999,7836,1992-04-01
1992,4,Female,Bachelor's+,11758274.509999994,304089.53,6860,1992-04-01
1992,4,Female,HS diploma,18218534.21,1080035.88,10717,1992-04-01
1992,4,Female,Less than HS,5228361.399999997,541450.3500000003,2943,1992-04-01
1992,4,Female,Some college,12813358.009999968,670756.9499999997,7449,1992-04-01
1992,5,Male,Bachelor's+,16306075.71000005,521968.5799999999,9332,1992-05-01
1992,5,Male,HS diploma,20055248.499999896,1351086.0499999993,11502,1992-05-01
1992,5,Male,Less than HS,8372934.380000024,971262.0700000004,4432,1992-05-01
1992,5,Male,Some college,13982011.539999962,827805.6200000005,7865,1992-05-01
1992,5,Female,Bachelor's+,11832710.499999976,297095.1700000003,6990,1992-05-01
1992,5,Female,HS diploma,18135371.56000007,1074167.4099999992,10715,1992-05-01
1992,5,Female,Less than HS,5208452.6499999985,572054.9400000004,2926,1992-05-01
1992,5,Female,Some college,12824192.089999938,629969.1000000001,7556,1992-05-01
1992,6,Male,Bachelor's+,16354512.029999988,560718.2699999999,9269,1992-06-01
1992,6,Male,HS diploma,20040320.529999975,1325100.9400000002,11464,1992-06-01
1992,6,Male,Less than HS,8557944.009999983,994911.439999999,4526,1992-06-01
1992,6,Male,Some college,13820657.159999982,827320.6899999997,7752,1992-06-01
1992,6,Female,Bachelor's+,11786505.989999998,370103.47999999986,6914,1992-06-01
1992,6,Female,HS diploma,17951576.5500001,1081462.1599999995,10567,1992-06-01
1992,6,Female,Less than HS,5339385.499999995,612367.3000000002,2928,1992-06-01
1992,6,Female,Some college,13005660.900000067,686683.5700000004,7597,1992-06-01
1992,7,Male,Bachelor's+,16162723.219999941,537629.2400000001,9230,1992-07-01
1992,7,Male,HS diploma,20109488.57999997,1272692.7000000007,11547,1992-07-01
1992,7,Male,Less than HS,8343507.060000019,942595.0700000002,4388,1992-07-01
1992,7,Male,Some college,13973598.909999987,801973.87,7814,1992-07-01
1992,7,Female,Bachelor's+,11798545.010000015,406655.52999999997,6938,1992-07-01
1992,7,Female,HS diploma,17592073.759999983,1173370.8299999994,10366,1992-07-01
1992,7,Female,Less than HS,5412785.849999986,647657.9899999999,2947,1992-07-01
1992,7,Female,Some college,13124445.88999996,752367.0099999995,7717,1992-07-01
1992,8,Male,Bachelor's+,16256474.959999958,553492.2899999996,9243,1992-08-01
1992,8,Male,HS diploma,20177154.619999856,1364200.6300000001,11624,1992-08-01
1992,8,Male,Less than HS,8211421.969999995,872626.9000000001,4304,1992-08-01
1992,8,Male,Some college,13814474.619999975,788978.8900000008,7769,1992-08-01
1992,8,Female,Bachelor's+,11788122.719999958,410909.89,6951,1992-08-01
1992,8,Female,HS diploma,17854310.65000005,1313360.4099999997,10577,1992-08-01
1992,8,Female,Less than HS,5094357.7700000005,619153.16,2822,1992-08-01
1992,8,Female,Some college,13049714.800000025,711063.0400000005,7715,1992-08-01
1992,9,Male,Bachelor's+,16380704.690000042,528565.5599999998,9291,1992-09-01
1992,9,Male,HS diploma,19890933.669999942,1188393.8600000015,11422,1992-09-01
1992,9,Male,Less than HS,8173847.320000017,831756.92,4248,1992-09-01
1992,9,Male,Some college,14217196.850000056,807517.4900000003,7907,1992-09-01
1992,9,Female,Bachelor's+,11889110.159999998,447157.22999999975,7031,1992-09-01
1992,9,Female,HS diploma,18118150.720000006,1140226.8600000013,10751,1992-09-01
1992,9,Female,Less than HS,5059045.170000004,591790.2900000004,2776,1992-09-01
1992,9,Female,Some college,13170757.13999998,694382.1500000001,7797,1992-09-01
1992,10,Male,Bachelor's+,16383173.349999946,548639.8999999999,9327,1992-10-01
1992,10,Male,HS diploma,19654471.21000002,1260454.4300000018,11199,1992-10-01
1992,10,Male,Less than HS,8150498.129999992,820880.4299999995,4243,1992-10-01
1992,10,Male,Some college,14364864.339999996,763355.2300000007,7902,1992-10-01
1992,10,Female,Bachelor's+,12059635.389999969,403025.93000000005,7091,1992-10-01
1992,10,Female,HS diploma,18103333.630000003,1007256.4700000009,10707,1992-10-01
1992,10,Female,Less than HS,4816263.869999997,568678.6000000002,2680,1992-10-01
1992,10,Female,Some college,13374930.449999986,710469.81,7841,1992-10-01
1992,11,Male,Bachelor's+,16485505.250000007,553025.0299999996,9249,1992-11-01
1992,11,Male,HS diploma,19516989.619999982,1335375.33,11155,1992-11-01
1992,11,Male,Less than HS,7991870.550000001,827981.9799999996,4167,1992-11-01
1992,11,Male,Some college,14430518.05999998,770865.7599999998,7936,1992-11-01
1992,11,Female,Bachelor's+,12184206.379999999,385312.77,7132,1992-11-01
1992,11,Female,HS diploma,18131303.59999996,1017444.2600000005,10806,1992-11-01
1992,11,Female,Less than HS,4920366.869999991,614076.5499999999,2736,1992-11-01
1992,11,Female,Some college,13328613.949999997,657477.29,7735,1992-11-01
1992,12,Male,Bachelor's+,16463460.639999948,475651.1299999998,9223,1992-12-01
1992,12,Male,HS diploma,19735320.449999962,1460689.3299999996,11195,1992-12-01
1992,12,Male,Less than HS,7972669.580000029,883629.8100000003,4185,1992-12-01
1992,12,Male,Some college,14280147.559999982,807281.2400000007,7896,1992-12-01
1992,12,Female,Bachelor's+,12261915.869999977,369853.42999999993,7182,1992-12-01
1992,12,Female,HS diploma,17908890.839999996,1024512.7699999996,10671,1992-12-01
1992,12,Female,Less than HS,4827214.4199999925,595964.8000000002,2736,1992-12-01
1992,12,Female,Some college,13556626.020000005,695302.3099999998,7838,1992-12-01
1993,1,Male,Bachelor's+,16593998.830000056,526945.1299999999,9228,1993-01-01
1993,1,Male,HS diploma,19683410.319999963,1699642.26,11083,1993-01-01
1993,1,Male,Less than HS,7956130.6800000155,1012485.3700000006,4134,1993-01-01
1993,1,Male,Some college,14142137.450000023,909551.0099999998,7777,1993-01-01
1993,1,Female,Bachelor's+,12256576.34999999,401026.63999999984,7076,1993-01-01
1993,1,Female,HS diploma,17685192.589999948,1182185.229999999,10421,1993-01-01
1993,1,Female,Less than HS,4824154.279999989,621728.91,2691,1993-01-01
1993,1,Female,Some college,13478241.280000003,729504.4400000006,7746,1993-01-01
1993,2,Male,Bachelor's+,16671508.830000006,543612.0899999995,9302,1993-02-01
1993,2,Male,HS diploma,19530071.569999903,1682763.4999999998,10998,1993-02-01
1993,2,Male,Less than HS,7866147.089999999,1036068.7199999994,4075,1993-02-01
1993,2,Male,Some college,14543149.670000015,928872.0599999992,8029,1993-02-01
1993,2,Female,Bachelor's+,12293313.94999993,386527.1099999999,7125,1993-02-01
1993,2,Female,HS diploma,17693313.599999957,1051144.7200000002,10404,1993-02-01
1993,2,Female,Less than HS,4908176.979999993,551827.1300000007,2757,1993-02-01
1993,2,Female,Some college,13450387.850000013,744381.6000000004,7759,1993-02-01
1993,3,Male,Bachelor's+,16641271.380000012,547425.5299999996,9262,1993-03-01
1993,3,Male,HS diploma,19718475.06000006,1636491.5500000014,10939,1993-03-01
1993,3,Male,Less than HS,7924388.599999995,1041402.269999999,4091,1993-03-01
1993,3,Male,Some college,14538583.830000086,887178.1499999997,8006,1993-03-01
1993,3,Female,Bachelor's+,12253169.860000016,342592.62999999983,7092,1993-03-01
1993,3,Female,HS diploma,17841135.610000033,1030310.5799999995,10376,1993-03-01
1993,3,Female,Less than HS,4834461.339999999,514877.3600000002,2689,1993-03-01
1993,3,Female,Some college,13529722.219999999,629203.8700000003,7800,1993-03-01
1993,4,Male,Bachelor's+,16451828.72999994,505879.83999999956,9168,1993-04-01
1993,4,Male,HS diploma,19858858.210000027,1409238.5199999986,10997,1993-04-01
1993,4,Male,Less than HS,7879255.229999981,887180.6600000008,4031,1993-04-01
1993,4,Male,Some college,14650068.149999978,800891.9199999992,8048,1993-04-01
1993,4,Female,Bachelor's+,12073094.129999977,311288.7800000001,7016,1993-04-01
1993,4,Female,HS diploma,17787089.860000037,1012976.1199999991,10361,1993-04-01
1993,4,Female,Less than HS,4836231.790000014,485196.16000000003,2643,1993-04-01
1993,4,Female,Some college,13541813.719999976,663365.0599999995,7811,1993-04-01
1993,5,Male,Bachelor's+,16530884.569999952,426204.98999999993,9144,1993-05-01
1993,5,Male,HS diploma,20135390.610000003,1323605.7799999996,11084,1993-05-01
1993,5,Male,Less than HS,7845231.1299999915,751731.5700000008,4043,1993-05-01
1993,5,Male,Some college,14625768,742446.37,8023,1993-05-01
1993,5,Female,Bachelor's+,12244260.479999974,324064.99,7120,1993-05-01
1993,5,Female,HS diploma,17928467.669999942,953920.329999999,10354,1993-05-01
1993,5,Female,Less than HS,4797332.560000008,485561.63000000024,2640,1993-05-01
1993,5,Female,Some college,13569441.049999995,622504.3399999992,7815,1993-05-01
1993,6,Male,Bachelor's+,16492449.769999979,464572.4500000001,9081,1993-06-01
1993,6,Male,HS diploma,20361945.319999967,1260539.3300000003,11267,1993-06-01
1993,6,Male,Less than HS,7959670.95000002,846709.8899999999,4077,1993-06-01
1993,6,Male,Some college,14412507.509999963,719469.2399999996,7922,1993-06-01
1993,6,Female,Bachelor's+,12306457.110000018,397782.45000000007,7114,1993-06-01
1993,6,Female,HS diploma,17665082.99999998,1024999.2700000001,10239,1993-06-01
1993,6,Female,Less than HS,4766641.36,496114.0299999998,2583,1993-06-01
1993,6,Female,Some college,13742010.440000013,716441.0099999998,7936,1993-06-01
1993,7,Male,Bachelor's+,16321260.539999938,465596.63,8993,1993-07-01
1993,7,Male,HS diploma,20254934.419999946,1260928.63,11189,1993-07-01
1993,7,Male,Less than HS,7886036.880000001,751776.9800000001,4048,1993-07-01
1993,7,Male,Some college,14678991.989999909,786820.8800000002,7964,1993-07-01
1993,7,Female,Bachelor's+,12117573.869999994,385571.49,6934,1993-07-01
1993,7,Female,HS diploma,17557414.819999997,1096170.8399999994,10062,1993-07-01
1993,7,Female,Less than HS,4763510.29,522993.8200000002,2577,1993-07-01
1993,7,Female,Some college,13851657.970000008,725146.6499999999,7910,1993-07-01
1993,8,Male,Bachelor's+,16428252.26999996,457030.44999999984,9092,1993-08-01
1993,8,Male,HS diploma,20197430.909999967,1106685.6099999982,11176,1993-08-01
1993,8,Male,Less than HS,7879325.3500000015,765428.7299999999,4019,1993-08-01
1993,8,Male,Some college,14516124.310000027,784026.2999999999,7855,1993-08-01
1993,8,Female,Bachelor's+,12326729.980000025,422650.5300000002,7006,1993-08-01
1993,8,Female,HS diploma,17822944.36999999,1107727.0500000007,10185,1993-08-01
1993,8,Female,Less than HS,4668711.479999994,473741.97999999986,2535,1993-08-01
1993,8,Female,Some college,13712347.370000022,792899.21,7806,1993-08-01
1993,9,Male,Bachelor's+,16618747.640000008,458573.38999999996,9217,1993-09-01
1993,9,Male,HS diploma,19943028.57000008,1135789.7099999993,11103,1993-09-01
1993,9,Male,Less than HS,7720498.689999992,676917.1,3977,1993-09-01
1993,9,Male,Some college,14793242.86000001,684946.4699999999,8006,1993-09-01
1993,9,Female,Bachelor's+,12399607.769999964,419193.8099999999,7073,1993-09-01
1993,9,Female,HS diploma,18038349.789999958,1023206.0400000003,10357,1993-09-01
1993,9,Female,Less than HS,4684358.949999994,533609.2499999998,2549,1993-09-01
1993,9,Female,Some college,13859801.709999971,744988.5200000007,7950,1993-09-01
1993,10,Male,Bachelor's+,16684058.359999988,445628.52999999974,9332,1993-10-01
1993,10,Male,HS diploma,19924699.390000094,1139865.259999999,11006,1993-10-01
1993,10,Male,Less than HS,7681473.460000002,725474.84,3952,1993-10-01
1993,10,Male,Some college,14962890.709999874,655796.7100000003,8079,1993-10-01
1993,10,Female,Bachelor's+,12571433.300000018,356664.48,7178,1993-10-01
1993,10,Female,HS diploma,18275803.750000015,1029515.8399999999,10407,1993-10-01
1993,10,Female,Less than HS,4686755.430000003,516758.14000000025,2536,1993-10-01
1993,10,Female,Some college,13928376.230000047,745513.4499999993,7948,1993-10-01
1993,11,Male,Bachelor's+,16848233.25000004,423873.53000000026,9255,1993-11-01
1993,11,Male,HS diploma,19803614.880000025,1139755.5699999987,10908,1993-11-01
1993,11,Male,Less than HS,7497099.110000027,712334.8700000006,3861,1993-11-01
1993,11,Male,Some college,14952529.910000058,644658.8399999995,7982,1993-11-01
1993,11,Female,Bachelor's+,12807054.250000028,360975.80000000016,7244,1993-11-01
1993,11,Female,HS diploma,18314565.34999999,981705.0999999997,10431,1993-11-01
1993,11,Female,Less than HS,4665766.440000007,499234.9000000001,2497,1993-11-01
1993,11,Female,Some college,13910588.519999985,650777.9400000001,7892,1993-11-01
1993,12,Male,Bachelor's+,16734989.310000017,420595.36000000004,9143,1993-12-01
1993,12,Male,HS diploma,19826326.69999998,1205117.6900000004,10876,1993-12-01
1993,12,Male,Less than HS,7568506.619999998,865496.4799999999,3821,1993-12-01
1993,12,Male,Some college,15102682.229999937,677782.2100000003,8043,1993-12-01
1993,12,Female,Bachelor's+,12825644.939999985,330303.81,7206,1993-12-01
1993,12,Female,HS diploma,18336817.12999995,948495.9799999996,10421,1993-12-01
1993,12,Female,Less than HS,4544794.269999995,490811.9799999999,2454,1993-12-01
1993,12,Female,Some college,13905072.690000039,669132.7699999998,7808,1993-12-01
1994,1,Male,Bachelor's+,16951213.536399994,475742.8129,9031,1994-01-01
1994,1,Male,HS diploma,19643199.99829989,1540188.8441999992,10537,1994-01-01
1994,1,Male,Less than HS,7477428.529699994,905180.0170000003,3706,1994-01-01
1994,1,Male,Some college,15050690.9349,793961.4435999998,7883,1994-01-01
1994,1,Female,Bachelor's+,12735403.798600048,422376.2320999999,7104,1994-01-01
1994,1,Female,HS diploma,18088340.96140003,1050161.2239999997,10199,1994-01-01
1994,1,Female,Less than HS,4592173.499399994,573659.9756,2457,1994-01-01
1994,1,Female,Some college,14203428.380799985,740289.5258,7862,1994-01-01
1994,2,Male,Bachelor's+,17048033.628999848,485913.9413999996,9000,1994-02-01
1994,2,Male,HS diploma,19164032.008100018,1589367.579499996,10244,1994-02-01
1994,2,Male,Less than HS,7481066.000800002,876034.1059000003,3667,1994-02-01
1994,2,Male,Some college,15415035.617800018,838045.6080999996,8091,1994-02-01
1994,2,Female,Bachelor's+,12687629.491099987,362238.8843000001,7059,1994-02-01
1994,2,Female,HS diploma,17664839.555099968,994558.8055999996,9928,1994-02-01
1994,2,Female,Less than HS,4762218.335400002,538502.4114999999,2496,1994-02-01
1994,2,Female,Some college,14838636.725199953,751901.4085999997,8159,1994-02-01
1994,3,Male,Bachelor's+,17095431.335399974,465965.8477000001,9037,1994-03-01
1994,3,Male,HS diploma,19262421.83000001,1321273.5732000007,10220,1994-03-01
1994,3,Male,Less than HS,7542753.652000007,897008.6134999994,3713,1994-03-01
1994,3,Male,Some college,15289996.284599941,766629.5408000002,8038,1994-03-01
1994,3,Female,Bachelor's+,12678283.701400027,357836.13779999985,7115,1994-03-01
1994,3,Female,HS diploma,17697778.658300117,1085862.6350999991,9918,1994-03-01
1994,3,Female,Less than HS,4761137.438100004,550534.0508999998,2506,1994-03-01
1994,3,Female,Some college,14787048.473500088,680574.5703000001,8148,1994-03-01
1994,4,Male,Bachelor's+,17299978.579899967,411381.29040000023,9215,1994-04-01
1994,4,Male,HS diploma,19151373.070900034,1159620.4968,10231,1994-04-01
1994,4,Male,Less than HS,7556347.728999998,764869.0108999996,3759,1994-04-01
1994,4,Male,Some college,15129145.539800005,695071.8453000004,7982,1994-04-01
1994,4,Female,Bachelor's+,12634371.959999956,268961.5373999999,7152,1994-04-01
1994,4,Female,HS diploma,17665653.435499966,917063.6434999998,9895,1994-04-01
1994,4,Female,Less than HS,4802309.5694,494941.66859999986,2536,1994-04-01
1994,4,Female,Some college,14645815.985399941,689851.6939000008,8131,1994-04-01
1994,5,Male,Bachelor's+,17084877.094300102,374072.65640000015,9113,1994-05-01
1994,5,Male,HS diploma,19561952.663600117,1004333.9426000003,10337,1994-05-01
1994,5,Male,Less than HS,7674480.37929997,596273.3977999999,3785,1994-05-01
1994,5,Male,Some college,14914473.366500093,625891.1486,7861,1994-05-01
1994,5,Female,Bachelor's+,12992107.755700015,321571.0873,7309,1994-05-01
1994,5,Female,HS diploma,17739050.27959998,823960.0839999993,9898,1994-05-01
1994,5,Female,Less than HS,4682643.259600008,440576.4045000002,2474,1994-05-01
1994,5,Female,Some college,14607416.026899992,689988.8074,8121,1994-05-01
1994,6,Male,Bachelor's+,16750136.111000042,430305.89420000004,8934,1994-06-01
1994,6,Male,HS diploma,19832875.01079992,980700.6369000006,10501,1994-06-01
1994,6,Male,Less than HS,7625273.391900024,627807.8374000003,3745,1994-06-01
1994,6,Male,Some college,14945411.806900112,570237.2146,7800,1994-06-01
1994,6,Female,Bachelor's+,12931613.123199994,356875.4922,7207,1994-06-01
1994,6,Female,HS diploma,17430618.595800012,904295.7137000004,9670,1994-06-01
1994,6,Female,Less than HS,4614178.337500004,491938.1328999999,2418,1994-06-01
1994,6,Female,Some college,14410173.546400003,654659.9356000004,7909,1994-06-01
1994,7,Male,Bachelor's+,16722792.614600047,451492.56099999975,8883,1994-07-01
1994,7,Male,HS diploma,19550681.41009996,989166.3298000006,10279,1994-07-01
1994,7,Male,Less than HS,7486560.24999999,641833.3622000002,3671,1994-07-01
1994,7,Male,Some college,15498976.340700058,619264.4125999998,8029,1994-07-01
1994,7,Female,Bachelor's+,13039128.382800031,393791.71310000005,7139,1994-07-01
1994,7,Female,HS diploma,17342211.497000016,896814.7756000009,9555,1994-07-01
1994,7,Female,Less than HS,4427790.330400002,492766.8277000002,2280,1994-07-01
1994,7,Female,Some college,14739589.343800051,678831.5983000004,8025,1994-07-01
1994,8,Male,Bachelor's+,16773286.440299997,425132.0081000001,8823,1994-08-01
1994,8,Male,HS diploma,19748611.34860003,928136.9028,10305,1994-08-01
1994,8,Male,Less than HS,7623372.534699997,637544.4398,3744,1994-08-01
1994,8,Male,Some college,15218584.332200006,637945.7171000001,7878,1994-08-01
1994,8,Female,Bachelor's+,13071329.779499985,472670.6183000002,7136,1994-08-01
1994,8,Female,HS diploma,17585633.64979998,971352.5159,9595,1994-08-01
1994,8,Female,Less than HS,4665066.749699999,505010.1118999998,2405,1994-08-01
1994,8,Female,Some college,14527425.855499998,660375.2346,7875,1994-08-01
1994,9,Male,Bachelor's+,17226672.61539994,395381.53660000017,8981,1994-09-01
1994,9,Male,HS diploma,19545411.046999868,850244.8706999997,10273,1994-09-01
1994,9,Male,Less than HS,7671892.0748999985,610760.1361,3728,1994-09-01
1994,9,Male,Some college,15138233.336599968,568318.97340000025,7833,1994-09-01
1994,9,Female,Bachelor's+,13279788.714000035,392633.4396,7210,1994-09-01
1994,9,Female,HS diploma,17875625.425499994,894371.4355000007,9707,1994-09-01
1994,9,Female,Less than HS,4835531.102999993,528926.7310000001,2504,1994-09-01
1994,9,Female,Some college,14778349.261899995,682006.2073000006,7965,1994-09-01
1994,10,Male,Bachelor's+,17283520.06400003,383590.46880000003,9255,1994-10-01
1994,10,Male,HS diploma,19650493.942099992,858831.4901999999,10350,1994-10-01
1994,10,Male,Less than HS,7598893.937,646260.5809999998,3732,1994-10-01
1994,10,Male,Some college,15443180.423699906,598323.8025999997,8080,1994-10-01
1994,10,Female,Bachelor's+,13140945.496500013,299490.8625000001,7263,1994-10-01
1994,10,Female,HS diploma,17636746.217900015,855936.3523,9683,1994-10-01
1994,10,Female,Less than HS,4896312.407800007,491726.8656,2520,1994-10-01
1994,10,Female,Some college,15242053.2912,648037.4081000005,8319,1994-10-01
1994,11,Male,Bachelor's+,17343586.545900024,341348.38360000006,9260,1994-11-01
1994,11,Male,HS diploma,19714954.47639995,882809.9999999999,10403,1994-11-01
1994,11,Male,Less than HS,7607411.698800001,643920.5161,3719,1994-11-01
1994,11,Male,Some college,15346037.080499997,573054.9713000003,8002,1994-11-01
1994,11,Female,Bachelor's+,13070876.06819999,290955.91860000003,7327,1994-11-01
1994,11,Female,HS diploma,17728015.276799973,859420.0099000002,9724,1994-11-01
1994,11,Female,Less than HS,4862094.474999996,457945.4818999998,2507,1994-11-01
1994,11,Female,Some college,15357981.79989998,658141.4898000009,8321,1994-11-01
1994,12,Male,Bachelor's+,17527685.59440006,318052.3856000001,9294,1994-12-01
1994,12,Male,HS diploma,19506467.448700145,917121.5789999997,10289,1994-12-01
1994,12,Male,Less than HS,7584797.810599996,674998.1709999999,3642,1994-12-01
1994,12,Male,Some college,15406359.797899963,594028.6185999997,7953,1994-12-01
1994,12,Female,Bachelor's+,13043409.340799956,309821.16529999994,7225,1994-12-01
1994,12,Female,HS diploma,17601151.240599956,783555.8950000005,9632,1994-12-01
1994,12,Female,Less than HS,4719513.309100012,410289.5574,2414,1994-12-01
1994,12,Female,Some college,15072287.726600058,551198.4321999999,8148,1994-12-01
1995,1,Male,Bachelor's+,17414150.03490004,412072.1055,9367,1995-01-01
1995,1,Male,HS diploma,19469774.23769994,1203438.3497999988,10318,1995-01-01
1995,1,Male,Less than HS,7574999.75690001,877225.1396000001,3687,1995-01-01
1995,1,Male,Some college,15336692.340900011,667247.1332999999,7961,1995-01-01
1995,1,Female,Bachelor's+,13145734.15890001,343779.2904999999,7362,1995-01-01
1995,1,Female,HS diploma,17515461.800200053,1028031.7683000008,9709,1995-01-01
1995,1,Female,Less than HS,4629102.26039999,435432.26339999994,2410,1995-01-01
1995,1,Female,Some college,15056375.923400082,643770.8580999997,8160,1995-01-01
1995,2,Male,Bachelor's+,17769372.693900052,384016.4127000001,9385,1995-02-01
1995,2,Male,HS diploma,19016271.41720004,1117288.9919,9928,1995-02-01
1995,2,Male,Less than HS,7374951.017099992,782651.3964999996,3581,1995-02-01
1995,2,Male,Some college,15604472.492200017,626633.7584999994,7985,1995-02-01
1995,2,Female,Bachelor's+,13362679.899799902,345213.5835,7441,1995-02-01
1995,2,Female,HS diploma,17313367.87040003,859921.8019000004,9468,1995-02-01
1995,2,Female,Less than HS,4599821.976600003,426965.8794,2361,1995-02-01
1995,2,Female,Some college,15460285.637499934,606294.3565,8300,1995-02-01
1995,3,Male,Bachelor's+,17933228.760099955,465991.05079999997,9446,1995-03-01
1995,3,Male,HS diploma,19296728.732899956,1040863.5188999998,10028,1995-03-01
1995,3,Male,Less than HS,7335949.995399999,730817.359,3560,1995-03-01
1995,3,Male,Some college,15447976.277299974,653851.6816999998,7897,1995-03-01
1995,3,Female,Bachelor's+,13264154.119200006,320826.694,7366,1995-03-01
1995,3,Female,HS diploma,17336324.70740001,773571.5819999999,9428,1995-03-01
1995,3,Female,Less than HS,4777422.544299997,394656.6391000001,2442,1995-03-01
1995,3,Female,Some college,15294002.100600002,693552.879,8208,1995-03-01
1995,4,Male,Bachelor's+,17637785.031500038,431608.01629999996,9414,1995-04-01
1995,4,Male,HS diploma,19401560.602499902,1038573.3840999997,10151,1995-04-01
1995,4,Male,Less than HS,7468931.1840000125,677628.4126000003,3609,1995-04-01
1995,4,Male,Some college,15530931.46329996,624981.8979000002,7901,1995-04-01
1995,4,Female,Bachelor's+,13284658.782299979,338190.2301000001,7444,1995-04-01
1995,4,Female,HS diploma,17616309.849000096,824982.2977999989,9494,1995-04-01
1995,4,Female,Less than HS,4917745.5515,459027.7424000001,2513,1995-04-01
1995,4,Female,Some college,15086450.20500007,640115.5331000001,8138,1995-04-01
1995,5,Male,Bachelor's+,17542758.948899925,432704.3540000001,9418,1995-05-01
1995,5,Male,HS diploma,19540575.002999995,953576.2697000004,10210,1995-05-01
1995,5,Male,Less than HS,7539787.481600009,606925.8676000006,3673,1995-05-01
1995,5,Male,Some college,15408950.436200008,592962.3625000002,7893,1995-05-01
1995,5,Female,Bachelor's+,13402742.9419,293263.79050000006,7515,1995-05-01
1995,5,Female,HS diploma,17624024.404800043,751747.1566,9575,1995-05-01
1995,5,Female,Less than HS,4773338.111400007,383219.3550000003,2463,1995-05-01
1995,5,Female,Some college,14944231.21380006,660107.3736000002,8126,1995-05-01
1995,6,Male,Bachelor's+,17488883.08340002,456961.6050999998,9458,1995-06-01
1995,6,Male,HS diploma,19430165.118499942,794350.9840999998,10210,1995-06-01
1995,6,Male,Less than HS,7341706.964600009,550611.2663999998,3620,1995-06-01
1995,6,Male,Some college,15623228.927500043,597215.8659000002,7996,1995-06-01
1995,6,Female,Bachelor's+,13318233.266900014,391027.5663,7467,1995-06-01
1995,6,Female,HS diploma,17563360.232100107,852432.9998999999,9538,1995-06-01
1995,6,Female,Less than HS,4667473.093600003,427075.8556000003,2401,1995-06-01
1995,6,Female,Some college,14673431.449300056,621249.5191000003,8031,1995-06-01
1995,7,Male,Bachelor's+,17477445.24900003,417521.4274,9373,1995-07-01
1995,7,Male,HS diploma,19013130.51209994,878070.4462999997,10021,1995-07-01
1995,7,Male,Less than HS,7128716.286800006,533733.1977,3526,1995-07-01
1995,7,Male,Some college,16279580.913500026,598310.3791,8285,1995-07-01
1995,7,Female,Bachelor's+,13576121.188299976,431883.4363,7555,1995-07-01
1995,7,Female,HS diploma,17473575.89289991,858230.2802999994,9526,1995-07-01
1995,7,Female,Less than HS,4399227.273000004,485159.0384,2300,1995-07-01
1995,7,Female,Some college,15242734.709900038,687738.2699000004,8286,1995-07-01
1995,8,Male,Bachelor's+,17479308.38630002,435659.96499999997,9351,1995-08-01
1995,8,Male,HS diploma,19411135.895300016,832186.2532000004,10198,1995-08-01
1995,8,Male,Less than HS,7116976.942400008,532390.3487,3567,1995-08-01
1995,8,Male,Some college,15802295.0967,548126.5609,8101,1995-08-01
1995,8,Female,Bachelor's+,13559483.322000012,496219.07690000057,7586,1995-08-01
1995,8,Female,HS diploma,17378501.132300008,821822.8038,9565,1995-08-01
1995,8,Female,Less than HS,4534757.09830001,495727.6639000001,2381,1995-08-01
1995,8,Female,Some college,15222488.562999979,695260.3122999999,8258,1995-08-01
1995,9,Male,Bachelor's+,17793755.29089998,379397.7250999998,8991,1995-09-01
1995,9,Male,HS diploma,19556282.395000033,809933.5236999999,10046,1995-09-01
1995,9,Male,Less than HS,7390342.471900011,575399.3881000001,3507,1995-09-01
1995,9,Male,Some college,15494966.299600037,540202.8252000001,7730,1995-09-01
1995,9,Female,Bachelor's+,13718494.239899995,396202.47990000003,7345,1995-09-01
1995,9,Female,HS diploma,17562401.558499984,826158.2747000006,9421,1995-09-01
1995,9,Female,Less than HS,4889470.902100009,434948.7134,2448,1995-09-01
1995,9,Female,Some college,15215892.293099953,601577.1253999996,7972,1995-09-01
1995,10,Male,Bachelor's+,17838604.10350005,355614.8712,9065,1995-10-01
1995,10,Male,HS diploma,19548673.04690009,712087.8048999996,9999,1995-10-01
1995,10,Male,Less than HS,7391479.803299997,616783.0514999997,3490,1995-10-01
1995,10,Male,Some college,15672225.878799973,527465.3972000001,7749,1995-10-01
1995,10,Female,Bachelor's+,14007442.263999932,352648.3022999999,7471,1995-10-01
1995,10,Female,HS diploma,17275066.175999936,838538.078,9195,1995-10-01
1995,10,Female,Less than HS,4847331.855399992,436750.3231,2441,1995-10-01
1995,10,Female,Some college,15681798.783299979,661391.8526000001,8155,1995-10-01
1995,11,Male,Bachelor's+,17762154.279600088,353732.56629999983,9040,1995-11-01
1995,11,Male,HS diploma,19611025.797400147,880657.5688000007,10004,1995-11-01
1995,11,Male,Less than HS,7362962.789300015,626201.0850999999,3433,1995-11-01
1995,11,Male,Some college,15482811.169100093,633610.1960999997,7613,1995-11-01
1995,11,Female,Bachelor's+,13980203.58380002,336940.7513000002,7404,1995-11-01
1995,11,Female,HS diploma,17476459.460999925,825544.6517000003,9229,1995-11-01
1995,11,Female,Less than HS,4945865.330100012,472823.87510000006,2447,1995-11-01
1995,11,Female,Some college,15440938.737499988,574101.9817000004,7988,1995-11-01
1995,12,Male,Bachelor's+,17741681.652500026,350745.0766999999,8855,1995-12-01
1995,12,Male,HS diploma,19554627.391699903,980561.1368000001,9752,1995-12-01
1995,12,Male,Less than HS,7391338.461399983,708438.5683999999,3336,1995-12-01
1995,12,Male,Some college,15429247.336899996,541378.0654999998,7421,1995-12-01
1995,12,Female,Bachelor's+,13847443.0299,322711.1868999999,7150,1995-12-01
1995,12,Female,HS diploma,17343001.409399994,733967.6271000002,8979,1995-12-01
1995,12,Female,Less than HS,4854734.362399995,480193.01410000003,2344,1995-12-01
1995,12,Female,Some college,15292802.324899986,516899.97429999977,7743,1995-12-01
1996,1,Male,Bachelor's+,17663834.94710008,423537.2634000001,8009,1996-01-01
1996,1,Male,HS diploma,19545104.231900014,1190170.207400001,8827,1996-01-01
1996,1,Male,Less than HS,7560309.614100001,799026.0321000002,3120,1996-01-01
1996,1,Male,Some college,15258520.067000026,661032.1136999998,6835,1996-01-01
1996,1,Female,Bachelor's+,14168346.815399969,376683.6711000001,6631,1996-01-01
1996,1,Female,HS diploma,17299707.564499926,951621.7152000003,8153,1996-01-01
1996,1,Female,Less than HS,4771558.176800008,498175.37349999987,2124,1996-01-01
1996,1,Female,Some college,15015255.693899961,652434.2840999993,7098,1996-01-01
1996,2,Male,Bachelor's+,17865729.915799942,410491.7289999998,8061,1996-02-01
1996,2,Male,HS diploma,19416591.07289995,1151867.7466000004,8746,1996-02-01
1996,2,Male,Less than HS,7487506.233700002,748675.6187999996,3108,1996-02-01
1996,2,Male,Some college,15609587.267899932,712365.6341999995,6952,1996-02-01
1996,2,Female,Bachelor's+,14100463.052400049,343259.4540000002,6582,1996-02-01
1996,2,Female,HS diploma,17373849.874299973,834803.5639,8165,1996-02-01
1996,2,Female,Less than HS,4650390.544799997,478178.4920000004,2062,1996-02-01
1996,2,Female,Some college,15306961.229099961,562997.6997999995,7169,1996-02-01
1996,3,Male,Bachelor's+,17830319.667600032,391029.7089000002,7972,1996-03-01
1996,3,Male,HS diploma,19446843.646399975,1166962.7929999998,8688,1996-03-01
1996,3,Male,Less than HS,7906374.9455,816762.9609999991,3297,1996-03-01
1996,3,Male,Some college,15624166.357400078,672543.6638999996,6900,1996-03-01
1996,3,Female,Bachelor's+,14107137.87220002,300834.9575000001,6586,1996-03-01
1996,3,Female,HS diploma,17390069.851099968,765928.7938000002,8137,1996-03-01
1996,3,Female,Less than HS,4781795.757800004,518039.6165,2103,1996-03-01
1996,3,Female,Some college,15242840.143199977,569324.5092999999,7117,1996-03-01
1996,4,Male,Bachelor's+,17768987.743399914,373945.40289999987,8070,1996-04-01
1996,4,Male,HS diploma,19546565.8302999,1035664.2396,8841,1996-04-01
1996,4,Male,Less than HS,7906515.568299988,655424.2583000003,3349,1996-04-01
1996,4,Male,Some college,15602045.70889998,641017.6264000001,6966,1996-04-01
1996,4,Female,Bachelor's+,14033490.500799976,292272.74739999993,6679,1996-04-01
1996,4,Female,HS diploma,17626831.302799936,747698.6114000002,8306,1996-04-01
1996,4,Female,Less than HS,4745111.100799992,511417.4939,2128,1996-04-01
1996,4,Female,Some college,14982536.559000015,544511.9299999997,7081,1996-04-01
1996,5,Male,Bachelor's+,17969777.96860007,404141.3429,8133,1996-05-01
1996,5,Male,HS diploma,19452987.4267,848550.9348999998,8803,1996-05-01
1996,5,Male,Less than HS,7905104.500900015,589736.6658999998,3344,1996-05-01
1996,5,Male,Some college,15694984.149800051,558469.1177000001,7001,1996-05-01
1996,5,Female,Bachelor's+,14146944.691299936,303909.67160000006,6665,1996-05-01
1996,5,Female,HS diploma,17678025.259700052,755563.1105000003,8284,1996-05-01
1996,5,Female,Less than HS,4753673.737599998,511201.22679999983,2127,1996-05-01
1996,5,Female,Some college,15018895.958199924,560275.7397000003,7039,1996-05-01
1996,6,Male,Bachelor's+,17967583.26040005,394437.07700000005,8173,1996-06-01
1996,6,Male,HS diploma,19390190.980700057,815663.4995999993,8810,1996-06-01
1996,6,Male,Less than HS,7844503.09960001,545831.8556999998,3332,1996-06-01
1996,6,Male,Some college,15923973.00180002,526750.8850999998,7151,1996-06-01
1996,6,Female,Bachelor's+,13993225.56460002,361880.89689999993,6611,1996-06-01
1996,6,Female,HS diploma,17474796.1948999,770083.5434999999,8219,1996-06-01
1996,6,Female,Less than HS,4654276.258700005,457158.7426999999,2110,1996-06-01
1996,6,Female,Some college,15190016.579499962,587120.4961000005,7196,1996-06-01
1996,7,Male,Bachelor's+,18120671.158099994,377111.852,8227,1996-07-01
1996,7,Male,HS diploma,19522907.96080007,852284.7190000004,8893,1996-07-01
1996,7,Male,Less than HS,7471231.856300014,552926.3988999997,3231,1996-07-01
1996,7,Male,Some college,16057871.9763,557164.0762,7250,1996-07-01
1996,7,Female,Bachelor's+,13991395.051800005,436016.5342,6582,1996-07-01
1996,7,Female,HS diploma,17295013.362300023,880851.6512000004,8196,1996-07-01
1996,7,Female,Less than HS,4581812.75200001,454335.4357000003,2085,1996-07-01
1996,7,Female,Some college,15775365.920000054,640433.8287000004,7410,1996-07-01
1996,8,Male,Bachelor's+,18111210.27140004,405994.3374,8253,1996-08-01
1996,8,Male,HS diploma,19559498.046300158,743001.6827999996,8948,1996-08-01
1996,8,Male,Less than HS,7565400.306800006,468838.93210000027,3265,1996-08-01
1996,8,Male,Some college,15944787.20010007,545689.0264000002,7207,1996-08-01
1996,8,Female,Bachelor's+,13999799.53779991,427262.0098000001,6616,1996-08-01
1996,8,Female,HS diploma,17376718.663399942,830803.1862000006,8315,1996-08-01
1996,8,Female,Less than HS,4766662.322900007,495078.7514000001,2168,1996-08-01
1996,8,Female,Some college,15552500.905099958,650630.5863,7401,1996-08-01
1996,9,Male,Bachelor's+,17964604.339999914,369954.8125000001,8238,1996-09-01
1996,9,Male,HS diploma,19915256.279100016,822076.5173000002,9161,1996-09-01
1996,9,Male,Less than HS,7703639.707600005,504809.8576000002,3329,1996-09-01
1996,9,Male,Some college,15660849.113399934,559111.5893999998,7105,1996-09-01
1996,9,Female,Bachelor's+,14302529.71550009,381598.80449999997,6821,1996-09-01
1996,9,Female,HS diploma,17718345.343700036,800385.3607999994,8535,1996-09-01
1996,9,Female,Less than HS,4809574.871699998,434162.81089999987,2175,1996-09-01
1996,9,Female,Some college,15551304.148400055,572392.6494999996,7456,1996-09-01
1996,10,Male,Bachelor's+,18225209.648500055,364706.5369999999,8336,1996-10-01
1996,10,Male,HS diploma,19906965.815599985,770926.6770999997,9165,1996-10-01
1996,10,Male,Less than HS,7559824.631499995,456751.66019999987,3245,1996-10-01
1996,10,Male,Some college,15809492.89079996,526357.2471999999,7182,1996-10-01
1996,10,Female,Bachelor's+,14463439.169699928,286466.726,6886,1996-10-01
1996,10,Female,HS diploma,17724030.678900015,866968.8336,8511,1996-10-01
1996,10,Female,Less than HS,4692776.847399995,451821.52920000005,2140,1996-10-01
1996,10,Female,Some college,15865680.884399982,582776.3814,7622,1996-10-01
1996,11,Male,Bachelor's+,18258178.728899837,337062.26460000005,8426,1996-11-01
1996,11,Male,HS diploma,19913956.72880003,888882.2340999998,9149,1996-11-01
1996,11,Male,Less than HS,7684461.096300016,561624.1607999997,3250,1996-11-01
1996,11,Male,Some college,15614990.945999984,500862.0362,7124,1996-11-01
1996,11,Female,Bachelor's+,14674560.022200031,360781.87879999983,7045,1996-11-01
1996,11,Female,HS diploma,17725118.52099991,799526.550000001,8493,1996-11-01
1996,11,Female,Less than HS,4901115.980300004,476357.4161999997,2231,1996-11-01
1996,11,Female,Some college,15519716.95209994,557930.5043999999,7504,1996-11-01
1996,12,Male,Bachelor's+,18077633.855799958,341464.64540000004,8324,1996-12-01
1996,12,Male,HS diploma,19770749.545000028,887603.0760999998,9079,1996-12-01
1996,12,Male,Less than HS,7602303.182099999,547036.6144999999,3231,1996-12-01
1996,12,Male,Some college,15725591.734800076,521556.88430000003,7182,1996-12-01
1996,12,Female,Bachelor's+,14554537.465399953,320885.94960000005,6968,1996-12-01
1996,12,Female,HS diploma,17868773.479299966,792016.0874000007,8502,1996-12-01
1996,12,Female,Less than HS,5052607.489300003,537763.0261000001,2281,1996-12-01
1996,12,Female,Some college,15307198.160299968,564333.8287,7361,1996-12-01
1997,1,Male,Bachelor's+,18092175.54869997,357606.5246999999,8215,1997-01-01
1997,1,Male,HS diploma,19773696.46959994,1141623.6179000004,8945,1997-01-01
1997,1,Male,Less than HS,7882549.853999999,833130.4510000004,3288,1997-01-01
1997,1,Male,Some college,15645236.588599972,590434.6986000001,7018,1997-01-01
1997,1,Female,Bachelor's+,14504894.178400042,354826.16660000006,6856,1997-01-01
1997,1,Female,HS diploma,18014545.98070008,896091.0082999998,8481,1997-01-01
1997,1,Female,Less than HS,4905035.136399996,526148.3643000002,2217,1997-01-01
1997,1,Female,Some college,15141547.983699983,603887.9889000002,7157,1997-01-01
1997,2,Male,Bachelor's+,18268335.03660002,364647.0783,8213,1997-02-01
1997,2,Male,HS diploma,19750357.290800024,1155138.8491999994,8793,1997-02-01
1997,2,Male,Less than HS,7618840.694200002,745632.6776,3146,1997-02-01
1997,2,Male,Some college,15793053.755000051,575644.8800999997,7036,1997-02-01
1997,2,Female,Bachelor's+,14495914.329899957,306447.4414,6828,1997-02-01
1997,2,Female,HS diploma,17837534.856199972,823298.1584000003,8313,1997-02-01
1997,2,Female,Less than HS,4761318.183,543569.7055000002,2093,1997-02-01
1997,2,Female,Some college,15478033.420500005,596984.3288,7216,1997-02-01
1997,3,Male,Bachelor's+,18241870.928599924,358153.9132999998,8108,1997-03-01
1997,3,Male,HS diploma,19767557.243500017,1043452.9993999996,8751,1997-03-01
1997,3,Male,Less than HS,8150993.904400021,753121.1163,3335,1997-03-01
1997,3,Male,Some college,15856991.397699982,626801.2842000002,7033,1997-03-01
1997,3,Female,Bachelor's+,14662090.591800056,296478.3495999999,6877,1997-03-01
1997,3,Female,HS diploma,18082660.216100078,809575.0683000005,8402,1997-03-01
1997,3,Female,Less than HS,4782351.906600016,506772.77839999984,2087,1997-03-01
1997,3,Female,Some college,15354709.47439999,563364.2546000002,7150,1997-03-01
1997,4,Male,Bachelor's+,18373988.228500128,318263.9143,8259,1997-04-01
1997,4,Male,HS diploma,19980489.750100162,882983.7826000003,8936,1997-04-01
1997,4,Male,Less than HS,8055596.078200007,625883.5905000006,3320,1997-04-01
1997,4,Male,Some college,15651049.480700051,552278.1858999999,7014,1997-04-01
1997,4,Female,Bachelor's+,14812673.497700019,263516.14589999994,6965,1997-04-01
1997,4,Female,HS diploma,17811826.20360002,728213.6804999993,8377,1997-04-01
1997,4,Female,Less than HS,4731238.470800003,446788.18169999996,2081,1997-04-01
1997,4,Female,Some college,15147207.454600012,462453.7515,7105,1997-04-01
1997,5,Male,Bachelor's+,18255945.965199947,378204.087,8251,1997-05-01
1997,5,Male,HS diploma,20095859.84870003,731453.5395999998,9070,1997-05-01
1997,5,Male,Less than HS,7935101.660400011,496935.69049999985,3316,1997-05-01
1997,5,Male,Some college,15744938.050299931,443848.23760000005,7137,1997-05-01
1997,5,Female,Bachelor's+,14719976.517099993,308498.49330000003,6906,1997-05-01
1997,5,Female,HS diploma,17817379.230000008,736942.3205999995,8390,1997-05-01
1997,5,Female,Less than HS,4895672.803299991,456158.7478999997,2150,1997-05-01
1997,5,Female,Some college,15284908.042299958,470571.45019999985,7193,1997-05-01
1997,6,Male,Bachelor's+,18051410.12639993,363351.77110000007,8166,1997-06-01
1997,6,Male,HS diploma,20325232.186800115,807095.6228999995,9184,1997-06-01
1997,6,Male,Less than HS,7850848.258799988,489128.2950999999,3303,1997-06-01
1997,6,Male,Some college,15853168.176099943,477921.6719,7175,1997-06-01
1997,6,Female,Bachelor's+,14649306.691599995,354928.3108,6840,1997-06-01
1997,6,Female,HS diploma,17613266.164699998,748787.8264,8316,1997-06-01
1997,6,Female,Less than HS,4837795.7402,460087.7139000001,2159,1997-06-01
1997,6,Female,Some college,15296062.87800003,488434.26229999965,7167,1997-06-01
1997,7,Male,Bachelor's+,18215916.812099986,355676.76609999995,8253,1997-07-01
1997,7,Male,HS diploma,20257866.286299974,832128.8781999996,9103,1997-07-01
1997,7,Male,Less than HS,7533433.332800018,424612.42329999973,3138,1997-07-01
1997,7,Male,Some college,16021516.533999996,466168.4154,7225,1997-07-01
1997,7,Female,Bachelor's+,14660779.4207,426291.91509999987,6801,1997-07-01
1997,7,Female,HS diploma,17494999.240400016,762764.3860999997,8194,1997-07-01
1997,7,Female,Less than HS,4637415.095499988,468656.72059999977,2038,1997-07-01
1997,7,Female,Some college,15566149.321200043,532244.3805999998,7293,1997-07-01
1997,8,Male,Bachelor's+,18270231.348500058,383464.7817999999,8304,1997-08-01
1997,8,Male,HS diploma,20092143.61309986,727581.5316000007,9089,1997-08-01
1997,8,Male,Less than HS,7640493.02780001,437507.0821999998,3210,1997-08-01
1997,8,Male,Some college,16172648.911400007,451274.99810000014,7300,1997-08-01
1997,8,Female,Bachelor's+,14707548.457300022,460420.75519999996,6893,1997-08-01
1997,8,Female,HS diploma,17799757.566000022,795895.1160999995,8354,1997-08-01
1997,8,Female,Less than HS,4796370.434300008,436508.8446000001,2115,1997-08-01
1997,8,Female,Some college,15569217.380899994,564639.4168000002,7345,1997-08-01
1997,9,Male,Bachelor's+,18613593.44870004,356056.6923,8451,1997-09-01
1997,9,Male,HS diploma,19901074.744000044,730507.3633999996,9071,1997-09-01
1997,9,Male,Less than HS,7699821.905300008,458723.67530000024,3243,1997-09-01
1997,9,Male,Some college,15966879.232000051,453433.72089999996,7240,1997-09-01
1997,9,Female,Bachelor's+,15145798.587499976,372303.97609999997,7142,1997-09-01
1997,9,Female,HS diploma,17965892.48850011,742205.0222999998,8487,1997-09-01
1997,9,Female,Less than HS,4917252.6488000015,473916.98830000014,2201,1997-09-01
1997,9,Female,Some college,15431996.189599963,564233.5727000003,7322,1997-09-01
1997,10,Male,Bachelor's+,18786268.528699975,347234.3741000002,8555,1997-10-01
1997,10,Male,HS diploma,19921783.55940005,708471.4991000001,9087,1997-10-01
1997,10,Male,Less than HS,7618884.636400011,458265.49580000003,3159,1997-10-01
1997,10,Male,Some college,16061168.799099986,437576.44419999985,7280,1997-10-01
1997,10,Female,Bachelor's+,14963121.400000025,252497.06789999997,7050,1997-10-01
1997,10,Female,HS diploma,17993380.585999943,791447.1065000003,8491,1997-10-01
1997,10,Female,Less than HS,4761068.082200006,447499.0216,2101,1997-10-01
1997,10,Female,Some college,15847271.393600041,462979.5313000002,7486,1997-10-01
1997,11,Male,Bachelor's+,18568287.830100052,279990.9233,8459,1997-11-01
1997,11,Male,HS diploma,20074526.795199998,703025.3353999995,9155,1997-11-01
1997,11,Male,Less than HS,7754875.926600015,473305.72299999977,3209,1997-11-01
1997,11,Male,Some college,16045548.907500025,461503.00259999995,7301,1997-11-01
1997,11,Female,Bachelor's+,15069211.179700041,261534.8350999999,7107,1997-11-01
1997,11,Female,HS diploma,17843986.70000003,723961.1990000005,8436,1997-11-01
1997,11,Female,Less than HS,4888520.707,453292.8157,2168,1997-11-01
1997,11,Female,Some college,15682950.011400048,461778.3888,7458,1997-11-01
1997,12,Male,Bachelor's+,18589267.657999936,330013.75610000006,8329,1997-12-01
1997,12,Male,HS diploma,20116847.41130004,842400.2751000007,9055,1997-12-01
1997,12,Male,Less than HS,7730858.171199983,591397.9899000002,3169,1997-12-01
1997,12,Male,Some college,15899603.734799944,470233.3884,7165,1997-12-01
1997,12,Female,Bachelor's+,15181641.930100042,214034.05069999993,7027,1997-12-01
1997,12,Female,HS diploma,17978410.393199995,692612.2448,8402,1997-12-01
1997,12,Female,Less than HS,4931393.128299998,391538.6758999999,2136,1997-12-01
1997,12,Female,Some college,15430367.657000018,514525.1910000003,7231,1997-12-01
1998,1,Male,Bachelor's+,18568164.8708,392732.9542000001,8447,1998-01-01
1998,1,Male,HS diploma,19946894.491100065,961881.5166000001,9029,1998-01-01
1998,1,Male,Less than HS,7812485.902700018,616081.0493000002,3224,1998-01-01
1998,1,Male,Some college,15739712.956100011,534433.4158,7121,1998-01-01
1998,1,Female,Bachelor's+,15154948.847399969,277012.3699999999,7085,1998-01-01
1998,1,Female,HS diploma,17834260.791499913,835205.1327,8330,1998-01-01
1998,1,Female,Less than HS,4968116.2772999955,466791.7621,2183,1998-01-01
1998,1,Female,Some college,15354871.495900007,582469.3433999998,7244,1998-01-01
1998,2,Male,Bachelor's+,18676807.147299986,352174.177,8365,1998-02-01
1998,2,Male,HS diploma,19817386.18249995,926410.3447999995,8852,1998-02-01
1998,2,Male,Less than HS,7557641.0590000115,587002.0679000003,3089,1998-02-01
1998,2,Male,Some college,16013671.24089996,512359.78740000015,7194,1998-02-01
1998,2,Female,Bachelor's+,15256577.290700024,291556.0593000002,7085,1998-02-01
1998,2,Female,HS diploma,17816339.42070005,819575.7489000004,8224,1998-02-01
1998,2,Female,Less than HS,4807197.947100001,422624.81449999975,2086,1998-02-01
1998,2,Female,Some college,15637571.953699978,545768.6277999997,7342,1998-02-01
1998,3,Male,Bachelor's+,18766624.353099942,332137.56930000015,8294,1998-03-01
1998,3,Male,HS diploma,19985855.83829997,988544.8313999997,8850,1998-03-01
1998,3,Male,Less than HS,7752730.791499982,592419.6064999996,3141,1998-03-01
1998,3,Male,Some college,15973053.371200016,567739.3186999998,7063,1998-03-01
1998,3,Female,Bachelor's+,15284362.950600013,287417.21720000013,7056,1998-03-01
1998,3,Female,HS diploma,18045579.943700023,786342.1180999997,8315,1998-03-01
1998,3,Female,Less than HS,4901007.5696000075,445053.3658999996,2119,1998-03-01
1998,3,Female,Some college,15545273.070600055,547554.3134,7201,1998-03-01
1998,4,Male,Bachelor's+,18789028.177799962,246989.4743,8423,1998-04-01
1998,4,Male,HS diploma,19867953.9218,808204.8638000002,8886,1998-04-01
1998,4,Male,Less than HS,8008501.593099969,498046.3984999997,3225,1998-04-01
1998,4,Male,Some college,15936201.433999995,429638.52969999966,7112,1998-04-01
1998,4,Female,Bachelor's+,15314627.618499955,257261.7109,7123,1998-04-01
1998,4,Female,HS diploma,17650532.641799964,658234.1623999997,8234,1998-04-01
1998,4,Female,Less than HS,4921990.251899995,422736.9225,2132,1998-04-01
1998,4,Female,Some college,15354250.940599995,417404.0029,7203,1998-04-01
1998,5,Male,Bachelor's+,18784714.978699952,260992.00810000012,8478,1998-05-01
1998,5,Male,HS diploma,20025915.36400001,651686.5759999998,9032,1998-05-01
1998,5,Male,Less than HS,8037364.286100013,396863.8456,3326,1998-05-01
1998,5,Male,Some college,16006225.453000039,427876.95550000045,7218,1998-05-01
1998,5,Female,Bachelor's+,15300412.38919994,273809.8799000002,7153,1998-05-01
1998,5,Female,HS diploma,17771183.709000036,608721.0905999998,8369,1998-05-01
1998,5,Female,Less than HS,4979831.104399995,394314.99419999996,2191,1998-05-01
1998,5,Female,Some college,15245516.643200023,491245.56070000003,7189,1998-05-01
1998,6,Male,Bachelor's+,18795930.08759998,299829.157,8504,1998-06-01
1998,6,Male,HS diploma,20001102.97489991,735147.2735999995,9033,1998-06-01
1998,6,Male,Less than HS,8048218.764099997,414319.94479999976,3336,1998-06-01
1998,6,Male,Some college,15868610.539899975,402493.5146000001,7102,1998-06-01
1998,6,Female,Bachelor's+,15280641.108300054,320630.7877,7074,1998-06-01
1998,6,Female,HS diploma,17320282.52340015,662176.7056000007,8201,1998-06-01
1998,6,Female,Less than HS,5027074.187800002,438228.1413000002,2191,1998-06-01
1998,6,Female,Some college,15263675.119500067,449191.7892000002,7150,1998-06-01
1998,7,Male,Bachelor's+,19265560.591799982,323231.7335999999,8665,1998-07-01
1998,7,Male,HS diploma,19996770.771700002,760469.0635000003,9029,1998-07-01
1998,7,Male,Less than HS,7724733.576499999,453391.1646999998,3183,1998-07-01
1998,7,Male,Some college,15955889.383599974,477004.905,7211,1998-07-01
1998,7,Female,Bachelor's+,15323841.685699997,332604.0484,7102,1998-07-01
1998,7,Female,HS diploma,17058992.29269997,773259.0633,8066,1998-07-01
1998,7,Female,Less than HS,4630291.505099997,400441.75470000005,2028,1998-07-01
1998,7,Female,Some college,15609140.964199977,492901.88919999974,7364,1998-07-01
1998,8,Male,Bachelor's+,19119285.288799953,308467.2029999999,8545,1998-08-01
1998,8,Male,HS diploma,20108954.167700056,670710.2455000007,9037,1998-08-01
1998,8,Male,Less than HS,7756834.013999984,414109.62720000005,3210,1998-08-01
1998,8,Male,Some college,15635876.86600001,370982.23109999986,7118,1998-08-01
1998,8,Female,Bachelor's+,15516794.298899962,448099.51440000004,7188,1998-08-01
1998,8,Female,HS diploma,17354200.45910001,753907.7073999996,8230,1998-08-01
1998,8,Female,Less than HS,4746629.736700003,396386.92770000023,2094,1998-08-01
1998,8,Female,Some college,15603095.717099946,516647.5320000001,7329,1998-08-01
1998,9,Male,Bachelor's+,19276551.610900052,267958.1506999998,8642,1998-09-01
1998,9,Male,HS diploma,20114791.294199944,727963.9779000006,9038,1998-09-01
1998,9,Male,Less than HS,7762964.012400001,405958.47399999993,3204,1998-09-01
1998,9,Male,Some college,15575793.04550002,415561.40609999985,7039,1998-09-01
1998,9,Female,Bachelor's+,15896626.90549998,344322.6598,7395,1998-09-01
1998,9,Female,HS diploma,17501400.14230004,709681.3919,8314,1998-09-01
1998,9,Female,Less than HS,4948470.315600008,395864.99439999997,2162,1998-09-01
1998,9,Female,Some college,15736796.612899914,497441.55429999984,7385,1998-09-01
1998,10,Male,Bachelor's+,19489597.883400057,317456.0812,8734,1998-10-01
1998,10,Male,HS diploma,20225188.485200085,667129.4786000003,9030,1998-10-01
1998,10,Male,Less than HS,7490346.747699998,382469.4323000002,3105,1998-10-01
1998,10,Male,Some college,15900164.576899989,438139.15979999985,7211,1998-10-01
1998,10,Female,Bachelor's+,15701013.854499992,310548.25639999984,7305,1998-10-01
1998,10,Female,HS diploma,17653675.900700063,724892.1281000001,8338,1998-10-01
1998,10,Female,Less than HS,4738000.543599986,391199.8649000002,2067,1998-10-01
1998,10,Female,Some college,16085423.632100048,472615.266,7510,1998-10-01
1998,11,Male,Bachelor's+,19236403.24650001,305754.97530000005,8710,1998-11-01
1998,11,Male,HS diploma,20131576.023600057,711035.9100000007,9084,1998-11-01
1998,11,Male,Less than HS,7579648.784999996,448406.95820000005,3182,1998-11-01
1998,11,Male,Some college,16059719.591800064,358707.8954,7287,1998-11-01
1998,11,Female,Bachelor's+,15636175.932400005,298294.81769999996,7333,1998-11-01
1998,11,Female,HS diploma,17574386.165900003,708616.3217000001,8301,1998-11-01
1998,11,Female,Less than HS,4889211.305999996,418122.6746000002,2169,1998-11-01
1998,11,Female,Some college,16183783.213399973,500683.3037999998,7587,1998-11-01
1998,12,Male,Bachelor's+,19281670.48409998,311393.9453999999,8715,1998-12-01
1998,12,Male,HS diploma,19956809.69820004,763182.2221999996,9017,1998-12-01
1998,12,Male,Less than HS,7485839.994399998,506554.39589999994,3107,1998-12-01
1998,12,Male,Some college,16092016.415699955,444289.75399999996,7264,1998-12-01
1998,12,Female,Bachelor's+,15668179.187900012,266924.05290000007,7266,1998-12-01
1998,12,Female,HS diploma,17613090.505699888,645169.8376000004,8232,1998-12-01
1998,12,Female,Less than HS,5092255.740099996,410149.7566,2198,1998-12-01
1998,12,Female,Some college,15937489.84549995,422980.6537,7473,1998-12-01
1999,1,Male,Bachelor's+,19252321.433799986,343903.4448000001,8712,1999-01-01
1999,1,Male,HS diploma,19740832.534899898,863141.0797,8912,1999-01-01
1999,1,Male,Less than HS,7368710.466300025,581062.1036000003,3101,1999-01-01
1999,1,Male,Some college,16317069.689900009,522906.12240000005,7364,1999-01-01
1999,1,Female,Bachelor's+,15644795.386399949,314142.71720000025,7305,1999-01-01
1999,1,Female,HS diploma,17825356.083400037,691788.9486000004,8284,1999-01-01
1999,1,Female,Less than HS,5150502.375900004,502447.3222000002,2204,1999-01-01
1999,1,Female,Some college,15717731.787799982,506267.93350000004,7388,1999-01-01
1999,2,Male,Bachelor's+,19418003.86319992,382717.2682000001,8649,1999-02-01
1999,2,Male,HS diploma,19517252.073900033,823991.5117,8737,1999-02-01
1999,2,Male,Less than HS,7231278.778900016,614078.8549999999,2982,1999-02-01
1999,2,Male,Some college,16501054.422100049,547242.7413999997,7351,1999-02-01
1999,2,Female,Bachelor's+,15839735.761300031,306603.99429999996,7318,1999-02-01
1999,2,Female,HS diploma,17690134.64340001,666576.4820000001,8202,1999-02-01
1999,2,Female,Less than HS,4742242.807199999,413458.0936000001,2021,1999-02-01
1999,2,Female,Some college,16204876.26659998,541688.1658,7563,1999-02-01
1999,3,Male,Bachelor's+,19370940.388499957,350111.5184999999,8592,1999-03-01
1999,3,Male,HS diploma,19849833.05479996,751992.4533000002,8788,1999-03-01
1999,3,Male,Less than HS,7298386.7053000005,441369.0293000001,2964,1999-03-01
1999,3,Male,Some college,16132565.172199994,500190.00509999995,7130,1999-03-01
1999,3,Female,Bachelor's+,15809120.211599994,296358.7118999999,7217,1999-03-01
1999,3,Female,HS diploma,17987691.388300005,694231.5206999998,8263,1999-03-01
1999,3,Female,Less than HS,4891357.922399994,430594.66370000003,2069,1999-03-01
1999,3,Female,Some college,15746319.842400026,497859.84699999995,7250,1999-03-01
1999,4,Male,Bachelor's+,19566560.593099996,367407.39150000014,8679,1999-04-01
1999,4,Male,HS diploma,19844811.753000088,647856.2203000004,8856,1999-04-01
1999,4,Male,Less than HS,7342456.57889998,432377.0111000004,3022,1999-04-01
1999,4,Male,Some college,16164148.501099996,448849.69470000005,7201,1999-04-01
1999,4,Female,Bachelor's+,15872620.257699974,277100.4789999999,7309,1999-04-01
1999,4,Female,HS diploma,17722682.586699955,651415.4633000001,8196,1999-04-01
1999,4,Female,Less than HS,4680608.766700005,376628.0715,2011,1999-04-01
1999,4,Female,Some college,15735909.03709996,490102.8947999997,7248,1999-04-01
1999,5,Male,Bachelor's+,19569694.313599978,361258.08349999995,8718,1999-05-01
1999,5,Male,HS diploma,19838020.29689993,647113.4292999998,8898,1999-05-01
1999,5,Male,Less than HS,7432958.242400006,373957.48920000007,3069,1999-05-01
1999,5,Male,Some college,16009000.29559995,417280.27420000004,7166,1999-05-01
1999,5,Female,Bachelor's+,16104087.87019999,261250.5872,7376,1999-05-01
1999,5,Female,HS diploma,17724663.326399945,574845.9181000001,8218,1999-05-01
1999,5,Female,Less than HS,4638776.432700002,360088.65220000007,2016,1999-05-01
1999,5,Female,Some college,15642129.118799977,440252.6929,7206,1999-05-01
1999,6,Male,Bachelor's+,19489793.859299947,374590.61220000003,8765,1999-06-01
1999,6,Male,HS diploma,19983320.768399965,626694.7194000002,8982,1999-06-01
1999,6,Male,Less than HS,7473876.494699987,395782.7265999999,3132,1999-06-01
1999,6,Male,Some college,16021821.332600003,354297.6100000001,7230,1999-06-01
1999,6,Female,Bachelor's+,16036412.079999933,385843.6738999998,7347,1999-06-01
1999,6,Female,HS diploma,17367561.82240006,736781.3305999999,8078,1999-06-01
1999,6,Female,Less than HS,4790600.647100003,371908.5651000002,2074,1999-06-01
1999,6,Female,Some college,15620796.928699989,409779.81820000015,7227,1999-06-01
1999,7,Male,Bachelor's+,19855182.102600172,373195.1190999999,8810,1999-07-01
1999,7,Male,HS diploma,19635163.24119998,612255.3617999995,8839,1999-07-01
1999,7,Male,Less than HS,7191301.305600004,384012.7225,3004,1999-07-01
1999,7,Male,Some college,16406922.022800004,414132.7175999999,7395,1999-07-01
1999,7,Female,Bachelor's+,16051259.75380001,355444.2523,7340,1999-07-01
1999,7,Female,HS diploma,16952002.529999964,709804.2417999996,7953,1999-07-01
1999,7,Female,Less than HS,4603282.628100002,377334.4155000001,1977,1999-07-01
1999,7,Female,Some college,15918010.66019999,591058.0734000002,7364,1999-07-01
1999,8,Male,Bachelor's+,19655543.177899994,336817.7435,8799,1999-08-01
1999,8,Male,HS diploma,19634086.564099953,582320.5108999999,8860,1999-08-01
1999,8,Male,Less than HS,7589988.607899998,405487.57660000003,3178,1999-08-01
1999,8,Male,Some college,16235422.553800056,444962.51099999994,7415,1999-08-01
1999,8,Female,Bachelor's+,16299440.295000032,355480.9443999999,7478,1999-08-01
1999,8,Female,HS diploma,17203286.54070008,674357.5213999996,8091,1999-08-01
1999,8,Female,Less than HS,4741849.9180999985,395937.37789999996,2044,1999-08-01
1999,8,Female,Some college,15542532.992100056,551408.0025000003,7335,1999-08-01
1999,9,Male,Bachelor's+,19730726.90290003,353582.38359999994,8866,1999-09-01
1999,9,Male,HS diploma,19808907.81290003,577535.7583999999,8960,1999-09-01
1999,9,Male,Less than HS,7534815.621099992,393595.8893,3166,1999-09-01
1999,9,Male,Some college,16216496.00070001,419980.82899999997,7342,1999-09-01
1999,9,Female,Bachelor's+,16333116.148999983,268515.7230000001,7578,1999-09-01
1999,9,Female,HS diploma,17614519.668799967,699335.4323000002,8272,1999-09-01
1999,9,Female,Less than HS,4804959.9900999945,387858.8886999998,2105,1999-09-01
1999,9,Female,Some college,15799011.347200032,432304.4723999997,7491,1999-09-01
1999,10,Male,Bachelor's+,19865985.575399935,316003.7873999999,8886,1999-10-01
1999,10,Male,HS diploma,19766320.007099982,587167.8013000002,8940,1999-10-01
1999,10,Male,Less than HS,7430283.187499993,408311.56169999985,3138,1999-10-01
1999,10,Male,Some college,16328393.04109997,394176.0618000003,7416,1999-10-01
1999,10,Female,Bachelor's+,16265535.145700032,261276.20399999994,7556,1999-10-01
1999,10,Female,HS diploma,17567411.601000033,552520.3333999999,8266,1999-10-01
1999,10,Female,Less than HS,4683614.974600001,338732.11279999994,2036,1999-10-01
1999,10,Female,Some college,16365227.087699978,470150.5651999998,7730,1999-10-01
1999,11,Male,Bachelor's+,19482810.559799954,313641.7777,8884,1999-11-01
1999,11,Male,HS diploma,20105371.361499988,580465.986,9097,1999-11-01
1999,11,Male,Less than HS,7458079.624900008,373148.14009999996,3204,1999-11-01
1999,11,Male,Some college,16309562.857499983,402958.90849999996,7412,1999-11-01
1999,11,Female,Bachelor's+,15892640.96429994,248382.96870000003,7473,1999-11-01
1999,11,Female,HS diploma,17847864.1242,597913.7273,8395,1999-11-01
1999,11,Female,Less than HS,4794331.692200005,413848.13620000007,2105,1999-11-01
1999,11,Female,Some college,16467180.328099996,413962.45349999995,7820,1999-11-01
1999,12,Male,Bachelor's+,19858316.27039992,345444.3373999997,8918,1999-12-01
1999,12,Male,HS diploma,20036929.90900006,675829.8433000002,9052,1999-12-01
1999,12,Male,Less than HS,7142351.178299995,347136.7352000001,3034,1999-12-01
1999,12,Male,Some college,16176145.02489998,381171.77130000025,7226,1999-12-01
1999,12,Female,Bachelor's+,16068401.194400037,215496.7177000001,7440,1999-12-01
1999,12,Female,HS diploma,17559937.144300014,612036.4336,8115,1999-12-01
1999,12,Female,Less than HS,4863822.2582,394908.7528999995,2077,1999-12-01
1999,12,Female,Some college,16423155.628400048,381211.3602000001,7643,1999-12-01
2000,1,Male,Bachelor's+,20168544.899499964,366106.1972,9000,2000-01-01
2000,1,Male,HS diploma,20251111.158799965,848359.2250000003,9082,2000-01-01
2000,1,Male,Less than HS,7470955.546800005,501671.1624000001,3048,2000-01-01
2000,1,Male,Some college,16297550.78249999,490600.5670000001,7260,2000-01-01
2000,1,Female,Bachelor's+,16384274.934300018,327182.14380000025,7541,2000-01-01
2000,1,Female,HS diploma,18030274.49130001,685266.1002000001,8272,2000-01-01
2000,1,Female,Less than HS,5005437.368100011,478261.1398,2109,2000-01-01
2000,1,Female,Some college,16177931.408099974,439856.4031000004,7593,2000-01-01
2000,2,Male,Bachelor's+,20223991.9446,350144.4300999998,8920,2000-02-01
2000,2,Male,HS diploma,20152683.42940006,844196.9684000006,8912,2000-02-01
2000,2,Male,Less than HS,7368793.739800022,509830.13529999973,2992,2000-02-01
2000,2,Male,Some college,16649984.544999992,556765.5151000001,7349,2000-02-01
2000,2,Female,Bachelor's+,16547277.640700033,261764.49519999992,7478,2000-02-01
2000,2,Female,HS diploma,17890402.42560008,656801.6955999994,8063,2000-02-01
2000,2,Female,Less than HS,4770525.174199998,341656.55569999997,2001,2000-02-01
2000,2,Female,Some college,16726278.329599962,502973.89390000014,7649,2000-02-01
2000,3,Male,Bachelor's+,20008605.40630013,336763.6612999999,8697,2000-03-01
2000,3,Male,HS diploma,20321363.25909998,775675.2023999991,8935,2000-03-01
2000,3,Male,Less than HS,7363992.42880001,502866.75750000024,3001,2000-03-01
2000,3,Male,Some college,16623701.728399985,493915.1872999997,7253,2000-03-01
2000,3,Female,Bachelor's+,16522803.386499997,251649.83169999992,7360,2000-03-01
2000,3,Female,HS diploma,18062617.252099976,642204.2580999999,8070,2000-03-01
2000,3,Female,Less than HS,4902968.4693000065,444354.4549000003,2053,2000-03-01
2000,3,Female,Some college,16692249.1778,501046.7810999999,7550,2000-03-01
2000,4,Male,Bachelor's+,20107327.06289988,286939.9737999998,8748,2000-04-01
2000,4,Male,HS diploma,20233698.285699997,724392.4647999997,9012,2000-04-01
2000,4,Male,Less than HS,7493307.532000004,355863.9103999999,3076,2000-04-01
2000,4,Male,Some college,16497525.84830002,408499.9527999999,7330,2000-04-01
2000,4,Female,Bachelor's+,16547947.78479992,226110.50999999992,7445,2000-04-01
2000,4,Female,HS diploma,18046139.165199954,534768.2527,8193,2000-04-01
2000,4,Female,Less than HS,4939877.506900008,391172.0687000001,2095,2000-04-01
2000,4,Female,Some college,16368155.970399946,453438.93599999987,7492,2000-04-01
2000,5,Male,Bachelor's+,19963767.016799986,297334.34660000005,8725,2000-05-01
2000,5,Male,HS diploma,20097545.97759997,598183.2114999999,8966,2000-05-01
2000,5,Male,Less than HS,7471808.291100017,361912.1005000002,3100,2000-05-01
2000,5,Male,Some college,16822560.81750001,399189.32659999985,7441,2000-05-01
2000,5,Female,Bachelor's+,16644262.629799988,262758.1579000001,7443,2000-05-01
2000,5,Female,HS diploma,17861780.146300003,624922.7635999995,8119,2000-05-01
2000,5,Female,Less than HS,4924246.201700003,404594.96330000006,2095,2000-05-01
2000,5,Female,Some college,16293834.710500086,418222.1368999999,7392,2000-05-01
2000,6,Male,Bachelor's+,19994622.74409999,299629.0544999999,8688,2000-06-01
2000,6,Male,HS diploma,20018426.530499958,646897.3661,8846,2000-06-01
2000,6,Male,Less than HS,7722546.036499995,373561.9170999999,3178,2000-06-01
2000,6,Male,Some college,16809266.62480004,378667.2572000003,7400,2000-06-01
2000,6,Female,Bachelor's+,16342993.933599975,309521.2705000001,7286,2000-06-01
2000,6,Female,HS diploma,17455333.95489998,579028.5803,7915,2000-06-01
2000,6,Female,Less than HS,4909673.170800001,361004.3897999998,2086,2000-06-01
2000,6,Female,Some college,16320558.959299978,528530.0369000003,7407,2000-06-01
2000,7,Male,Bachelor's+,20191383.15200007,326164.8425,8732,2000-07-01
2000,7,Male,HS diploma,19820274.728300005,581834.3967999998,8736,2000-07-01
2000,7,Male,Less than HS,7563958.327200011,370754.8489,3059,2000-07-01
2000,7,Male,Some college,16992943.071399942,419441.47050000005,7527,2000-07-01
2000,7,Female,Bachelor's+,16336037.45150007,373499.077,7310,2000-07-01
2000,7,Female,HS diploma,17134969.297200024,662768.9594000002,7761,2000-07-01
2000,7,Female,Less than HS,4850319.861900011,369442.2812999999,1990,2000-07-01
2000,7,Female,Some college,16424180.288599975,546933.1515,7413,2000-07-01
2000,8,Male,Bachelor's+,20195954.64409997,350840.42890000006,8726,2000-08-01
2000,8,Male,HS diploma,19740774.357799977,593328.2789999997,8659,2000-08-01
2000,8,Male,Less than HS,8019558.346800004,349689.31979999994,3249,2000-08-01
2000,8,Male,Some college,17007353.456400003,376858.3366999999,7504,2000-08-01
2000,8,Female,Bachelor's+,16299295.42930005,449891.97329999995,7318,2000-08-01
2000,8,Female,HS diploma,17318404.897300012,714620.0660999998,7800,2000-08-01
2000,8,Female,Less than HS,4929119.9267,368800.0034000002,2028,2000-08-01
2000,8,Female,Some college,16390911.904400045,577497.2520000002,7460,2000-08-01
2000,9,Male,Bachelor's+,20256194.763900023,340531.76409999985,8750,2000-09-01
2000,9,Male,HS diploma,19787785.878999956,579603.9532999998,8639,2000-09-01
2000,9,Male,Less than HS,8029333.216300006,374930.7878999999,3188,2000-09-01
2000,9,Male,Some college,16747457.95639998,380239.2494,7351,2000-09-01
2000,9,Female,Bachelor's+,16666297.00569997,366125.6136,7469,2000-09-01
2000,9,Female,HS diploma,17613649.793599963,608039.8584000003,7921,2000-09-01
2000,9,Female,Less than HS,5043336.969700016,351670.5603000001,2108,2000-09-01
2000,9,Female,Some college,16346347.066299979,445890.9621999999,7460,2000-09-01
2000,10,Male,Bachelor's+,20185040.494100064,299021.0533999999,8759,2000-10-01
2000,10,Male,HS diploma,20121549.38389989,640996.4542000002,8783,2000-10-01
2000,10,Male,Less than HS,7758820.794399997,398139.11550000013,3127,2000-10-01
2000,10,Male,Some college,16757434.719599979,372434.6298000002,7368,2000-10-01
2000,10,Female,Bachelor's+,16682001.00579996,268203.8474000001,7483,2000-10-01
2000,10,Female,HS diploma,17579130.136599936,581667.8660999998,7967,2000-10-01
2000,10,Female,Less than HS,4896868.5764999995,363654.6341,2032,2000-10-01
2000,10,Female,Some college,16884892.795899987,402169.36959999974,7646,2000-10-01
2000,11,Male,Bachelor's+,20201414.724099934,249930.4167999999,8702,2000-11-01
2000,11,Male,HS diploma,20260832.652899873,681684.1425000008,8758,2000-11-01
2000,11,Male,Less than HS,7732436.992899981,449619.5998000001,3091,2000-11-01
2000,11,Male,Some college,16726819.661600038,425954.33389999974,7259,2000-11-01
2000,11,Female,Bachelor's+,16637041.4263,276829.1059,7391,2000-11-01
2000,11,Female,HS diploma,17830126.66320001,605650.3409999995,7962,2000-11-01
2000,11,Female,Less than HS,4807958.800499997,376185.6753,2004,2000-11-01
2000,11,Female,Some college,16738916.271599997,401606.1122,7529,2000-11-01
2000,12,Male,Bachelor's+,20225896.826699976,257801.78519999978,8649,2000-12-01
2000,12,Male,HS diploma,20335246.310000025,754375.348499999,8779,2000-12-01
2000,12,Male,Less than HS,7530178.067600007,454415.7880000001,2995,2000-12-01
2000,12,Male,Some college,16697943.466399975,467774.51039999985,7180,2000-12-01
2000,12,Female,Bachelor's+,16879985.174300026,260706.78030000004,7418,2000-12-01
2000,12,Female,HS diploma,17774249.748999983,541413.6310000003,7894,2000-12-01
2000,12,Female,Less than HS,4723936.363500002,326842.2897000001,1949,2000-12-01
2000,12,Female,Some college,16865766.259200048,383596.8234999997,7548,2000-12-01
2001,1,Male,Bachelor's+,20183250.39420007,327588.4161,8604,2001-01-01
2001,1,Male,HS diploma,20523369.548600033,989117.0262,8845,2001-01-01
2001,1,Male,Less than HS,7571813.9301,582995.0702999999,2987,2001-01-01
2001,1,Male,Some college,16603638.319000026,563637.6297999995,7151,2001-01-01
2001,1,Female,Bachelor's+,16942890.376000013,299839.4492999999,7407,2001-01-01
2001,1,Female,HS diploma,17870700.83230008,708295.8040999994,7904,2001-01-01
2001,1,Female,Less than HS,4964772.782799997,442671.1701,2013,2001-01-01
2001,1,Female,Some college,16622480.41140007,526188.7400999998,7409,2001-01-01
2001,2,Male,Bachelor's+,20347331.611300014,273740.1844000001,8561,2001-02-01
2001,2,Male,HS diploma,20166242.040500082,927038.7216999999,8585,2001-02-01
2001,2,Male,Less than HS,7316204.1255000075,616001.3735,2864,2001-02-01
2001,2,Male,Some college,17148337.466300048,537220.2316,7285,2001-02-01
2001,2,Female,Bachelor's+,17037635.593800005,310081.7334999999,7393,2001-02-01
2001,2,Female,HS diploma,17880315.715900034,695922.7489000008,7760,2001-02-01
2001,2,Female,Less than HS,4925998.341600005,452664.77210000006,1987,2001-02-01
2001,2,Female,Some college,16742648.281500002,471032.2485000003,7369,2001-02-01
2001,3,Male,Bachelor's+,20333958.300300036,379198.6359,8344,2001-03-01
2001,3,Male,HS diploma,20352465.524500016,921627.6565000003,8479,2001-03-01
2001,3,Male,Less than HS,7512614.142400005,574466.4606,2890,2001-03-01
2001,3,Male,Some college,16956713.63670008,527137.1194000002,7070,2001-03-01
2001,3,Female,Bachelor's+,16876020.088399995,342537.00360000005,7138,2001-03-01
2001,3,Female,HS diploma,17901295.356099952,659421.7623000002,7658,2001-03-01
2001,3,Female,Less than HS,5020684.943399998,423016.44849999994,2005,2001-03-01
2001,3,Female,Some college,16819508.685599938,445855.7117,7249,2001-03-01
2001,4,Male,Bachelor's+,20284100.610500015,429397.8505000002,10245,2001-04-01
2001,4,Male,HS diploma,19791766.604600016,818715.5906,10216,2001-04-01
2001,4,Male,Less than HS,7451783.65859999,451584.1708999999,3493,2001-04-01
2001,4,Male,Some college,16470472.490999987,529242.1054999998,8428,2001-04-01
2001,4,Female,Bachelor's+,16525989.959299957,310608.3744999999,8713,2001-04-01
2001,4,Female,HS diploma,17327505.12179997,561215.9016999999,9169,2001-04-01
2001,4,Female,Less than HS,4937374.240500009,369748.8179,2411,2001-04-01
2001,4,Female,Some college,16421823.224899953,435552.9394000002,8711,2001-04-01
2001,5,Male,Bachelor's+,20440916.036599983,393964.80650000006,8503,2001-05-01
2001,5,Male,HS diploma,20263083.400799993,777337.8684,8505,2001-05-01
2001,5,Male,Less than HS,7738796.41189999,329119.6113000002,2999,2001-05-01
2001,5,Male,Some college,16819018.358,496319.697,7068,2001-05-01
2001,5,Female,Bachelor's+,16863619.056699995,336559.39089999994,7250,2001-05-01
2001,5,Female,HS diploma,17604776.83940007,588558.21,7687,2001-05-01
2001,5,Female,Less than HS,5103326.07719999,419513.68230000016,2102,2001-05-01
2001,5,Female,Some college,16555957.227000004,450805.2141000002,7222,2001-05-01
2001,6,Male,Bachelor's+,20297255.69390003,448759.1192999999,10274,2001-06-01
2001,6,Male,HS diploma,19527791.324500013,731084.1527999998,10041,2001-06-01
2001,6,Male,Less than HS,7617409.960799993,389751.19440000015,3578,2001-06-01
2001,6,Male,Some college,16547674.007899957,520605.8361999999,8416,2001-06-01
2001,6,Female,Bachelor's+,16221194.690600071,392183.9389000001,8541,2001-06-01
2001,6,Female,HS diploma,17157830.60060001,663652.7627000001,9182,2001-06-01
2001,6,Female,Less than HS,4765762.05439999,391524.5112,2374,2001-06-01
2001,6,Female,Some college,16508990.760500029,535971.8435999997,8712,2001-06-01
2001,7,Male,Bachelor's+,20712551.466600027,454575.0711999999,10411,2001-07-01
2001,7,Male,HS diploma,19850460.34190008,831985.8104999989,10180,2001-07-01
2001,7,Male,Less than HS,7741069.96569999,411923.07940000016,3503,2001-07-01
2001,7,Male,Some college,16956864.933300067,496863.29670000036,8724,2001-07-01
2001,7,Female,Bachelor's+,16558087.430600075,458065.73320000025,8698,2001-07-01
2001,7,Female,HS diploma,17123338.22410008,701283.8983999996,9075,2001-07-01
2001,7,Female,Less than HS,4745249.947499999,402311.7323999998,2252,2001-07-01
2001,7,Female,Some college,16900202.55539997,596646.9878,8985,2001-07-01
2001,8,Male,Bachelor's+,20703889.19400007,486317.7378999999,10448,2001-08-01
2001,8,Male,HS diploma,19990203.387099944,817254.8373999998,10239,2001-08-01
2001,8,Male,Less than HS,7741080.146300002,443104.00669999985,3550,2001-08-01
2001,8,Male,Some college,16891247.61880001,556650.0455,8714,2001-08-01
2001,8,Female,Bachelor's+,16464528.834500022,526273.7546,8716,2001-08-01
2001,8,Female,HS diploma,17388730.14590001,804382.3580999998,9231,2001-08-01
2001,8,Female,Less than HS,4820955.0254000025,404976.3123000001,2301,2001-08-01
2001,8,Female,Some college,16977407.249799985,601782.5499,9057,2001-08-01
2001,9,Male,Bachelor's+,20679718.696099922,485391.3768,10501,2001-09-01
2001,9,Male,HS diploma,19878869.487,781642.9050000003,10281,2001-09-01
2001,9,Male,Less than HS,7828433.475200017,468265.9555999997,3637,2001-09-01
2001,9,Male,Some college,16972974.749199923,541764.5800000001,8815,2001-09-01
2001,9,Female,Bachelor's+,16953281.030500025,472759.99999999994,8990,2001-09-01
2001,9,Female,HS diploma,17531873.014199972,749577.7578000001,9339,2001-09-01
2001,9,Female,Less than HS,4809183.638799999,432576.4394000002,2310,2001-09-01
2001,9,Female,Some college,17032107.541699935,605805.3646999999,9159,2001-09-01
2001,10,Male,Bachelor's+,20795752.540399957,596719.1876000001,10476,2001-10-01
2001,10,Male,HS diploma,20232108.139100052,813230.0380000002,10454,2001-10-01
2001,10,Male,Less than HS,7695933.816499976,481903.43380000006,3541,2001-10-01
2001,10,Male,Some college,16844762.0553,652077.7030999997,8779,2001-10-01
2001,10,Female,Bachelor's+,17186182.753099985,383269.90810000006,9107,2001-10-01
2001,10,Female,HS diploma,17285603.749600034,823920.1636999998,9231,2001-10-01
2001,10,Female,Less than HS,4874886.964199998,419599.2555999998,2273,2001-10-01
2001,10,Female,Some college,17187211.756199952,679677.7632000006,9320,2001-10-01
2001,11,Male,Bachelor's+,20798848.578599986,574301.7091000001,10463,2001-11-01
2001,11,Male,HS diploma,20196487.08260004,984675.9099000006,10413,2001-11-01
2001,11,Male,Less than HS,7654238.132499995,569995.0571000003,3498,2001-11-01
2001,11,Male,Some college,16823606.266399972,675579.1422999997,8664,2001-11-01
2001,11,Female,Bachelor's+,17115563.822400007,468875.59799999977,9011,2001-11-01
2001,11,Female,HS diploma,17410792.368299983,837081.2039999998,9275,2001-11-01
2001,11,Female,Less than HS,4864717.209800002,422028.04489999986,2271,2001-11-01
2001,11,Female,Some college,17170451.85570002,681950.3640999999,9234,2001-11-01
2001,12,Male,Bachelor's+,20414348.612500023,614531.6782000001,10284,2001-12-01
2001,12,Male,HS diploma,20332858.253799904,1074891.6491999996,10427,2001-12-01
2001,12,Male,Less than HS,7815082.316999999,685477.265300001,3459,2001-12-01
2001,12,Male,Some college,16850510.65690006,684604.6408000003,8584,2001-12-01
2001,12,Female,Bachelor's+,17264787.899499986,454106.2011000001,9042,2001-12-01
2001,12,Female,HS diploma,17482972.57660001,785542.6988000005,9267,2001-12-01
2001,12,Female,Less than HS,4915091.019000006,476783.6312,2277,2001-12-01
2001,12,Female,Some college,17186493.077099934,712465.4195000004,9204,2001-12-01
2002,1,Male,Bachelor's+,20528790.87419998,685582.9502000005,10344,2002-01-01
2002,1,Male,HS diploma,20285237.10190001,1341621.3858000005,10367,2002-01-01
2002,1,Male,Less than HS,7744730.595100008,761299.5479999997,3424,2002-01-01
2002,1,Male,Some college,16714937.701800032,913273.0424999996,8481,2002-01-01
2002,1,Female,Bachelor's+,17168938.45689997,476854.8263000001,9061,2002-01-01
2002,1,Female,HS diploma,17562947.296799988,1019170.1490000003,9307,2002-01-01
2002,1,Female,Less than HS,4978491.639900006,527096.6762000001,2273,2002-01-01
2002,1,Female,Some college,16808044.200399976,656024.8783,8964,2002-01-01
2002,2,Male,Bachelor's+,20871710.089900013,652153.8545000004,10436,2002-02-01
2002,2,Male,HS diploma,20029629.571200013,1246155.617600001,10226,2002-02-01
2002,2,Male,Less than HS,7687110.405499997,750160.3329999998,3329,2002-02-01
2002,2,Male,Some college,16986669.010400005,862774.9647999995,8567,2002-02-01
2002,2,Female,Bachelor's+,17731613.557100102,467490.8556999999,9190,2002-02-01
2002,2,Female,HS diploma,17921772.606099967,1058156.1732000003,9303,2002-02-01
2002,2,Female,Less than HS,4689231.535899996,464787.3340000002,2148,2002-02-01
2002,2,Female,Some college,16691202.114700057,678881.0848000002,8823,2002-02-01
2002,3,Male,Bachelor's+,20859810.007999834,591859.2176000001,10321,2002-03-01
2002,3,Male,HS diploma,20099787.315499973,1294922.5185999991,10151,2002-03-01
2002,3,Male,Less than HS,7874573.734500007,718891.5370000002,3398,2002-03-01
2002,3,Male,Some college,16981216.078199968,837037.7485000001,8398,2002-03-01
2002,3,Female,Bachelor's+,17725577.68700006,456887.63160000026,9063,2002-03-01
2002,3,Female,HS diploma,17740411.031900037,945669.5184999995,9144,2002-03-01
2002,3,Female,Less than HS,4844489.969900002,483269.3366,2235,2002-03-01
2002,3,Female,Some college,16616079.163500054,691149.8034999995,8650,2002-03-01
2002,4,Male,Bachelor's+,21349169.731600042,646071.7417,10583,2002-04-01
2002,4,Male,HS diploma,19911625.10450004,1160503.7292000002,10200,2002-04-01
2002,4,Male,Less than HS,8076402.250499992,588306.9664999996,3559,2002-04-01
2002,4,Male,Some college,16582131.77899996,809143.2781999995,8299,2002-04-01
2002,4,Female,Bachelor's+,17713914.62209992,426018.4202000004,9118,2002-04-01
2002,4,Female,HS diploma,17626184.002599992,907309.4861999999,9216,2002-04-01
2002,4,Female,Less than HS,5072194.540699991,534896.8154999999,2384,2002-04-01
2002,4,Female,Some college,16439420.825799987,724595.7192999998,8669,2002-04-01
2002,5,Male,Bachelor's+,21422632.4984,670974.1147000004,10588,2002-05-01
2002,5,Male,HS diploma,20098666.29309993,984787.874699999,10234,2002-05-01
2002,5,Male,Less than HS,8050379.138800042,488892.38419999974,3556,2002-05-01
2002,5,Male,Some college,16554205.845000038,712453.9758000004,8256,2002-05-01
2002,5,Female,Bachelor's+,17698348.190200035,395793.5501000002,9176,2002-05-01
2002,5,Female,HS diploma,17528438.664700024,927840.3668000001,9173,2002-05-01
2002,5,Female,Less than HS,4977817.216500002,484349.2731999999,2372,2002-05-01
2002,5,Female,Some college,16442153.254000047,777358.7755999998,8734,2002-05-01
2002,6,Male,Bachelor's+,21257221.429099962,676869.1046999999,10532,2002-06-01
2002,6,Male,HS diploma,20133785.36220001,1061441.4233000006,10238,2002-06-01
2002,6,Male,Less than HS,8228059.292800013,517584.6536,3620,2002-06-01
2002,6,Male,Some college,16516628.629699966,703995.3433000001,8264,2002-06-01
2002,6,Female,Bachelor's+,17323058.540100005,512707.57290000026,8990,2002-06-01
2002,6,Female,HS diploma,17177842.58960001,911346.4312999996,9067,2002-06-01
2002,6,Female,Less than HS,4813251.611199996,407179.0746000001,2339,2002-06-01
2002,6,Female,Some college,16697388.27880004,829991.4194,8858,2002-06-01
2002,7,Male,Bachelor's+,21341092.34309999,638302.1215,10565,2002-07-01
2002,7,Male,HS diploma,20174742.404399946,973839.0816000005,10268,2002-07-01
2002,7,Male,Less than HS,7702100.117599992,546283.8360999998,3447,2002-07-01
2002,7,Male,Some college,16894581.44690002,697558.0688000002,8563,2002-07-01
2002,7,Female,Bachelor's+,17173103.808199923,614877.759,8970,2002-07-01
2002,7,Female,HS diploma,17152410.389999982,906332.1545999995,9029,2002-07-01
2002,7,Female,Less than HS,4503419.011500001,430713.6192,2135,2002-07-01
2002,7,Female,Some college,16860725.26080001,846195.6837999999,8982,2002-07-01
2002,8,Male,Bachelor's+,21150869.754599907,614663.5018999998,10554,2002-08-01
2002,8,Male,HS diploma,20415832.36520009,991262.1229000001,10329,2002-08-01
2002,8,Male,Less than HS,7760100.889300017,527180.4113999999,3451,2002-08-01
2002,8,Male,Some college,16809081.215700004,649293.4272999999,8578,2002-08-01
2002,8,Female,Bachelor's+,17319384.39799997,619883.6373000001,9109,2002-08-01
2002,8,Female,HS diploma,17321443.5764001,906096.3670999992,9074,2002-08-01
2002,8,Female,Less than HS,4610565.1691,429355.4676999999,2150,2002-08-01
2002,8,Female,Some college,16906420.684199926,865882.6585999998,8982,2002-08-01
2002,9,Male,Bachelor's+,21059804.53509993,593211.4230999999,10590,2002-09-01
2002,9,Male,HS diploma,20561456.845699955,926784.3153000007,10487,2002-09-01
2002,9,Male,Less than HS,7815699.211200013,505422.1401000002,3517,2002-09-01
2002,9,Male,Some college,16872244.467399996,719227.4095000006,8649,2002-09-01
2002,9,Female,Bachelor's+,17696610.834299907,576536.2692000001,9304,2002-09-01
2002,9,Female,HS diploma,17617830.311799947,829522.8368999999,9265,2002-09-01
2002,9,Female,Less than HS,4698408.428299997,396627.8844999999,2178,2002-09-01
2002,9,Female,Some college,17009899.680599958,810713.1660000001,9059,2002-09-01
2002,10,Male,Bachelor's+,21021040.0537,634326.1992000004,10503,2002-10-01
2002,10,Male,HS diploma,20514895.842399947,891203.3388000003,10451,2002-10-01
2002,10,Male,Less than HS,7711782.9264999945,562294.9710999997,3481,2002-10-01
2002,10,Male,Some college,17088433.39539997,748946.8377000005,8791,2002-10-01
2002,10,Female,Bachelor's+,17753330.41099997,500858.67279999994,9339,2002-10-01
2002,10,Female,HS diploma,17661823.134600013,807774.3448000002,9312,2002-10-01
2002,10,Female,Less than HS,4689906.731999994,427718.4878000001,2173,2002-10-01
2002,10,Female,Some college,17250952.880500004,752200.4608,9199,2002-10-01
2002,11,Male,Bachelor's+,20606032.905199967,616032.9407000002,10335,2002-11-01
2002,11,Male,HS diploma,20593812.96779999,1083857.9181000001,10464,2002-11-01
2002,11,Male,Less than HS,7736099.6953000035,683558.5395000001,3463,2002-11-01
2002,11,Male,Some college,16921051.93589994,797170.6404000004,8715,2002-11-01
2002,11,Female,Bachelor's+,17752506.95900004,443178.54190000007,9376,2002-11-01
2002,11,Female,HS diploma,17686523.187400028,850682.9343999994,9333,2002-11-01
2002,11,Female,Less than HS,4732786.955199995,439381.9028000002,2189,2002-11-01
2002,11,Female,Some college,17270974.816000044,744867.2174000007,9272,2002-11-01
2002,12,Male,Bachelor's+,20769440.56649998,624797.6877000004,10411,2002-12-01
2002,12,Male,HS diploma,20430467.930200037,1156911.4159999993,10411,2002-12-01
2002,12,Male,Less than HS,7793927.741900026,753380.1869000007,3448,2002-12-01
2002,12,Male,Some college,16953953.095299963,854225.0388999989,8603,2002-12-01
2002,12,Female,Bachelor's+,17771514.406299993,421403.8989000003,9351,2002-12-01
2002,12,Female,HS diploma,17765417.656899985,816612.5485999999,9344,2002-12-01
2002,12,Female,Less than HS,4802927.2611,462974.6219,2198,2002-12-01
2002,12,Female,Some college,17196171.5241,738251.8631000007,9115,2002-12-01
2003,1,Male,Bachelor's+,20869399.40459998,705244.7370000001,10380,2003-01-01
2003,1,Male,HS diploma,20238896.82370002,1387691.7140000006,10194,2003-01-01
2003,1,Male,Less than HS,7981111.6592,887063.9162999992,3466,2003-01-01
2003,1,Male,Some college,16985811.46450001,1029675.9315000002,8572,2003-01-01
2003,1,Female,Bachelor's+,17917418.559000023,528964.6589000003,9242,2003-01-01
2003,1,Female,HS diploma,17985465.007700045,942027.3681000004,9311,2003-01-01
2003,1,Female,Less than HS,4650262.886200003,439349.1084,2153,2003-01-01
2003,1,Female,Some college,17113758.14789998,726717.8467999999,8962,2003-01-01
2003,2,Male,Bachelor's+,21323913.57419994,688462.6357999995,10508,2003-02-01
2003,2,Male,HS diploma,20082378.845700033,1393942.286,10099,2003-02-01
2003,2,Male,Less than HS,7846748.127600015,822036.3678999997,3355,2003-02-01
2003,2,Male,Some college,17140700.646999966,958029.3606000002,8584,2003-02-01
2003,2,Female,Bachelor's+,18041956.200100053,492551.17660000024,9288,2003-02-01
2003,2,Female,HS diploma,17817079.42889999,990853.0443999994,9199,2003-02-01
2003,2,Female,Less than HS,4466421.218699998,456344.1902,2071,2003-02-01
2003,2,Female,Some college,17380223.295000095,781984.4472999991,9005,2003-02-01
2003,3,Male,Bachelor's+,21533333.474999886,679936.4226999995,10552,2003-03-01
2003,3,Male,HS diploma,19968483.00650009,1317473.9365000015,10046,2003-03-01
2003,3,Male,Less than HS,8165875.164800009,766515.1769000002,3474,2003-03-01
2003,3,Male,Some college,17070143.47360011,1031965.6477999999,8527,2003-03-01
2003,3,Female,Bachelor's+,18122378.83380001,495943.9118,9264,2003-03-01
2003,3,Female,HS diploma,18007204.567100033,1010324.3786000006,9259,2003-03-01
2003,3,Female,Less than HS,4750184.840800003,519890.8170000001,2163,2003-03-01
2003,3,Female,Some college,17065175.402699973,704186.9978000002,8766,2003-03-01
2003,4,Male,Bachelor's+,21652202.089299865,691682.7799,10635,2003-04-01
2003,4,Male,HS diploma,19903512.812599935,1202321.1868999994,10085,2003-04-01
2003,4,Male,Less than HS,8174006.663199979,643309.4531000002,3550,2003-04-01
2003,4,Male,Some college,17053060.26740007,938464.5734000009,8510,2003-04-01
2003,4,Female,Bachelor's+,18011885.247299958,465431.9931000001,9193,2003-04-01
2003,4,Female,HS diploma,18006674.91909995,983618.4409999998,9353,2003-04-01
2003,4,Female,Less than HS,4840430.146600011,400305.2835000001,2234,2003-04-01
2003,4,Female,Some college,16844221.721599992,696611.7867000003,8749,2003-04-01
2003,5,Male,Bachelor's+,21610488.91799995,652811.799400001,10537,2003-05-01
2003,5,Male,HS diploma,20165768.925999966,1089772.3964999998,10186,2003-05-01
2003,5,Male,Less than HS,8115582.95300001,578215.3437,3516,2003-05-01
2003,5,Male,Some college,16844601.070300076,840571.0666000001,8339,2003-05-01
2003,5,Female,Bachelor's+,18270806.582300037,477152.85399999964,9327,2003-05-01
2003,5,Female,HS diploma,17673840.703800153,857907.6583000004,9264,2003-05-01
2003,5,Female,Less than HS,4871948.066599993,470495.4055999998,2271,2003-05-01
2003,5,Female,Some college,16866244.88260007,731948.9166999998,8748,2003-05-01
2003,6,Male,Bachelor's+,21564235.960599907,717677.2699999996,10374,2003-06-01
2003,6,Male,HS diploma,20279180.3385,1138395.2257999997,10046,2003-06-01
2003,6,Male,Less than HS,8053013.95289999,641079.8974999997,3455,2003-06-01
2003,6,Male,Some college,16857138.176899996,858174.1974999998,8237,2003-06-01
2003,6,Female,Bachelor's+,18244306.508699935,538989.5014000002,9202,2003-06-01
2003,6,Female,HS diploma,17380058.881200027,940125.7458999996,9030,2003-06-01
2003,6,Female,Less than HS,4690058.857099996,456074.67829999997,2174,2003-06-01
2003,6,Female,Some college,17167089.82420001,817526.7524000003,8766,2003-06-01
2003,7,Male,Bachelor's+,21509168.371900007,687349.5165999997,10323,2003-07-01
2003,7,Male,HS diploma,20569839.271399908,1149171.584899999,10070,2003-07-01
2003,7,Male,Less than HS,7679158.916499999,532880.1836000003,3282,2003-07-01
2003,7,Male,Some college,17021089.21500003,839149.4531999998,8228,2003-07-01
2003,7,Female,Bachelor's+,18150594.252100054,642128.6424999998,9144,2003-07-01
2003,7,Female,HS diploma,16803714.195400123,859478.1595999999,8758,2003-07-01
2003,7,Female,Less than HS,4560767.30530001,474600.866,2064,2003-07-01
2003,7,Female,Some college,17469678.688900027,943944.5091999994,8877,2003-07-01
2003,8,Male,Bachelor's+,21419399.21890004,764516.4686999999,10272,2003-08-01
2003,8,Male,HS diploma,20610034.3177,1065186.1906999988,10087,2003-08-01
2003,8,Male,Less than HS,7843520.502300005,587853.8404999999,3313,2003-08-01
2003,8,Male,Some college,16924616.76550003,783949.3612999998,8257,2003-08-01
2003,8,Female,Bachelor's+,18378746.919300005,665392.0853000002,9217,2003-08-01
2003,8,Female,HS diploma,17090282.48579999,920140.3639999992,8828,2003-08-01
2003,8,Female,Less than HS,4683331.246399998,498834.87920000014,2081,2003-08-01
2003,8,Female,Some college,17025043.48680001,871781.4818999998,8739,2003-08-01
2003,9,Male,Bachelor's+,21402334.14209997,688233.6282999999,10377,2003-09-01
2003,9,Male,HS diploma,20689098.54119998,972820.0777000007,10224,2003-09-01
2003,9,Male,Less than HS,7983747.546300001,493630.7338000001,3408,2003-09-01
2003,9,Male,Some college,16886530.75679999,801677.1883,8305,2003-09-01
2003,9,Female,Bachelor's+,18463307.172699966,618992.3064000002,9394,2003-09-01
2003,9,Female,HS diploma,17316809.873300023,864393.3209999998,8930,2003-09-01
2003,9,Female,Less than HS,4642439.30549999,513222.1389999998,2080,2003-09-01
2003,9,Female,Some college,17123008.382000074,805061.3558999995,8849,2003-09-01
2003,10,Male,Bachelor's+,21847234.254300013,668532.0949000003,10457,2003-10-01
2003,10,Male,HS diploma,20634448.651000056,1043506.2853999994,10146,2003-10-01
2003,10,Male,Less than HS,7816464.568399993,580525.2956999999,3349,2003-10-01
2003,10,Male,Some college,17018232.20100003,760136.7288,8359,2003-10-01
2003,10,Female,Bachelor's+,18856324.08550002,556199.3561,9506,2003-10-01
2003,10,Female,HS diploma,17337869.831600025,863954.0290999999,8852,2003-10-01
2003,10,Female,Less than HS,4755147.439900004,470813.5486,2088,2003-10-01
2003,10,Female,Some college,16996949.2079,799567.8836,8784,2003-10-01
2003,11,Male,Bachelor's+,21755996.40599995,726526.9105,10436,2003-11-01
2003,11,Male,HS diploma,20852860.723299976,1093195.6763999995,10133,2003-11-01
2003,11,Male,Less than HS,7864754.874199995,639120.2953999998,3358,2003-11-01
2003,11,Male,Some college,16876550.87289995,822164.1811000004,8295,2003-11-01
2003,11,Female,Bachelor's+,18729905.97109997,456780.19200000016,9456,2003-11-01
2003,11,Female,HS diploma,17712928.319599982,905621.2445999997,9014,2003-11-01
2003,11,Female,Less than HS,4834030.223699998,467349.1937999999,2134,2003-11-01
2003,11,Female,Some college,16859998.65689999,721497.7148999999,8719,2003-11-01
2003,12,Male,Bachelor's+,21664150.401299894,703328.4765000001,10343,2003-12-01
2003,12,Male,HS diploma,20687322.847699996,1142264.8838000007,10011,2003-12-01
2003,12,Male,Less than HS,7920587.702599992,656002.5578000003,3318,2003-12-01
2003,12,Male,Some college,17056651.07069999,734035.1485999995,8308,2003-12-01
2003,12,Female,Bachelor's+,18621203.41590009,441394.33200000017,9409,2003-12-01
2003,12,Female,HS diploma,17545226.730700064,923899.2316999998,8928,2003-12-01
2003,12,Female,Less than HS,4761608.861300003,443234.5162,2122,2003-12-01
2003,12,Female,Some college,17101956.51620006,727322.2277999995,8668,2003-12-01
2004,1,Male,Bachelor's+,21799945.800699912,698509.6586999996,10371,2004-01-01
2004,1,Male,HS diploma,20518775.29459999,1233802.1517999994,9924,2004-01-01
2004,1,Male,Less than HS,7790883.7764999885,836701.2149000004,3289,2004-01-01
2004,1,Male,Some college,16944691.987999983,897837.1909000002,8305,2004-01-01
2004,1,Female,Bachelor's+,18505625.49800001,536126.3641000001,9340,2004-01-01
2004,1,Female,HS diploma,17575049.04830015,972388.3545000007,8963,2004-01-01
2004,1,Female,Less than HS,4634674.358999996,495766.4817000002,2089,2004-01-01
2004,1,Female,Some college,16862516.383299984,752448.0226000004,8619,2004-01-01
2004,2,Male,Bachelor's+,21630535.651899997,638058.4770999999,10368,2004-02-01
2004,2,Male,HS diploma,20483581.49260006,1305923.6391,9952,2004-02-01
2004,2,Male,Less than HS,7746781.715700002,768900.1304000006,3226,2004-02-01
2004,2,Male,Some college,17037905.22810001,834564.7049000002,8375,2004-02-01
2004,2,Female,Bachelor's+,18506642.705199894,532551.4953999999,9395,2004-02-01
2004,2,Female,HS diploma,17565256.704799913,898573.6398999995,8944,2004-02-01
2004,2,Female,Less than HS,4496284.705299994,463698.3032999997,2067,2004-02-01
2004,2,Female,Some college,17342489.208699923,749671.5962,8909,2004-02-01
2004,3,Male,Bachelor's+,21826976.77860003,608094.8493000004,10232,2004-03-01
2004,3,Male,HS diploma,20346582.569199935,1302336.1279999996,9774,2004-03-01
2004,3,Male,Less than HS,7795396.220200006,696674.2241999999,3203,2004-03-01
2004,3,Male,Some college,17163590.394999973,950272.4967000003,8350,2004-03-01
2004,3,Female,Bachelor's+,18667702.716199964,517413.54689999996,9311,2004-03-01
2004,3,Female,HS diploma,17458029.00629994,922718.3763,8804,2004-03-01
2004,3,Female,Less than HS,4627042.663000002,555209.5956000001,2095,2004-03-01
2004,3,Female,Some college,17308049.1361,742701.3494,8720,2004-03-01
2004,4,Male,Bachelor's+,21780319.6185999,589168.6462,10234,2004-04-01
2004,4,Male,HS diploma,20238983.587099846,1122485.553,9841,2004-04-01
2004,4,Male,Less than HS,7790246.638499999,568038.7693999999,3248,2004-04-01
2004,4,Male,Some college,17059552.624800008,712178.2205000004,8306,2004-04-01
2004,4,Female,Bachelor's+,18536693.76469999,504141.47909999976,9192,2004-04-01
2004,4,Female,HS diploma,17389346.023199916,860913.7325999996,8817,2004-04-01
2004,4,Female,Less than HS,4474454.5024000015,428107.05360000004,2050,2004-04-01
2004,4,Female,Some college,17371702.00670004,687797.8645999997,8716,2004-04-01
2004,5,Male,Bachelor's+,21826832.786800038,577659.6107999998,10282,2004-05-01
2004,5,Male,HS diploma,20549611.03030007,1025362.5334999998,9908,2004-05-01
2004,5,Male,Less than HS,7907746.890600007,526438.8572000001,3320,2004-05-01
2004,5,Male,Some college,16875926.92130003,672187.1137999998,8194,2004-05-01
2004,5,Female,Bachelor's+,18503350.381500132,499413.46499999997,9167,2004-05-01
2004,5,Female,HS diploma,17338541.368400034,735124.3975,8760,2004-05-01
2004,5,Female,Less than HS,4616121.446100007,443265.9011000001,2113,2004-05-01
2004,5,Female,Some college,17391759.444700032,618878.5931999999,8693,2004-05-01
2004,6,Male,Bachelor's+,21724378.37130008,580141.2907999993,10168,2004-06-01
2004,6,Male,HS diploma,20656572.581500024,990861.5666999999,9838,2004-06-01
2004,6,Male,Less than HS,7948524.2542000115,556081.7789999997,3318,2004-06-01
2004,6,Male,Some college,16882109.813600026,668793.7441000005,8169,2004-06-01
2004,6,Female,Bachelor's+,18257769.38750002,537228.4153000002,8971,2004-06-01
2004,6,Female,HS diploma,17173007.754700057,899800.3201999994,8568,2004-06-01
2004,6,Female,Less than HS,4582685.316599996,460305.06840000016,2057,2004-06-01
2004,6,Female,Some college,17530779.848500066,787144.4836000005,8620,2004-06-01
2004,7,Male,Bachelor's+,21644029.10969999,581161.7920999991,10112,2004-07-01
2004,7,Male,HS diploma,20788063.672900073,976751.4216,9793,2004-07-01
2004,7,Male,Less than HS,7646683.121899992,501160.34589999996,3138,2004-07-01
2004,7,Male,Some college,17299361.553400036,723140.2869000002,8236,2004-07-01
2004,7,Female,Bachelor's+,18277713.389399946,593936.9019999999,8899,2004-07-01
2004,7,Female,HS diploma,17070906.00869995,909457.6731000005,8475,2004-07-01
2004,7,Female,Less than HS,4430177.812699993,441215.8733999999,1974,2004-07-01
2004,7,Female,Some college,17760757.547600012,821982.7050000002,8702,2004-07-01
2004,8,Male,Bachelor's+,21613575.19660002,641434.0403999996,10186,2004-08-01
2004,8,Male,HS diploma,20976936.222999975,941039.9036000007,9913,2004-08-01
2004,8,Male,Less than HS,7869750.266600002,519613.9700999996,3298,2004-08-01
2004,8,Male,Some college,17118516.663600035,646359.4129999998,8165,2004-08-01
2004,8,Female,Bachelor's+,18366685.377800077,569190.9738000007,9098,2004-08-01
2004,8,Female,HS diploma,17075578.964300063,866190.7779,8505,2004-08-01
2004,8,Female,Less than HS,4626397.196799999,424499.2457000002,2077,2004-08-01
2004,8,Female,Some college,17495955.8877,763852.7011,8700,2004-08-01
2004,9,Male,Bachelor's+,21784882.89630005,605882.0374000003,10267,2004-09-01
2004,9,Male,HS diploma,20684180.544799916,849907.1157999997,9926,2004-09-01
2004,9,Male,Less than HS,8053923.071300005,511431.54339999997,3369,2004-09-01
2004,9,Male,Some college,17081909.768699992,625705.4953000002,8149,2004-09-01
2004,9,Female,Bachelor's+,18797656.55630001,457773.86129999993,9298,2004-09-01
2004,9,Female,HS diploma,17186768.883399922,774439.5886000001,8563,2004-09-01
2004,9,Female,Less than HS,4771221.684499999,520229.0996,2146,2004-09-01
2004,9,Female,Some college,17431051.290700044,736744.2667999994,8698,2004-09-01
2004,10,Male,Bachelor's+,21971853.283399995,540926.2639000001,10459,2004-10-01
2004,10,Male,HS diploma,20770101.150599938,925087.5315000003,10076,2004-10-01
2004,10,Male,Less than HS,7901047.528400013,528182.9717999998,3357,2004-10-01
2004,10,Male,Some college,17230654.965199977,672837.3091000002,8320,2004-10-01
2004,10,Female,Bachelor's+,19121148.80080003,468085.85709999973,9557,2004-10-01
2004,10,Female,HS diploma,17143040.627199996,751406.0088999998,8610,2004-10-01
2004,10,Female,Less than HS,4527944.700699999,439689.18450000015,2046,2004-10-01
2004,10,Female,Some college,17613671.065399963,714191.7489000002,8866,2004-10-01
2004,11,Male,Bachelor's+,22208150.07419987,580568.2240000003,10578,2004-11-01
2004,11,Male,HS diploma,20676829.83610004,997493.4300000004,10063,2004-11-01
2004,11,Male,Less than HS,8033899.605100006,583134.1342000003,3415,2004-11-01
2004,11,Male,Some college,17090540.496899977,695096.8648999999,8323,2004-11-01
2004,11,Female,Bachelor's+,19073814.828499924,418577.4512999999,9607,2004-11-01
2004,11,Female,HS diploma,17244631.775400054,801462.3306999995,8697,2004-11-01
2004,11,Female,Less than HS,4731958.853499993,439256.89649999986,2112,2004-11-01
2004,11,Female,Some college,17519368.841899972,771357.2924999994,8917,2004-11-01
2004,12,Male,Bachelor's+,21940227.69469999,546618.8037000002,10391,2004-12-01
2004,12,Male,HS diploma,20554736.34969993,1039518.7339000002,9890,2004-12-01
2004,12,Male,Less than HS,8111907.636199985,700853.5399000002,3350,2004-12-01
2004,12,Male,Some college,17007085.11689998,749673.7242,8174,2004-12-01
2004,12,Female,Bachelor's+,18949338.90350001,398288.3996000001,9453,2004-12-01
2004,12,Female,HS diploma,17319525.162200015,778937.3097,8654,2004-12-01
2004,12,Female,Less than HS,4798298.706300005,437853.7922999998,2131,2004-12-01
2004,12,Female,Some college,17416845.223400023,681514.3728000006,8756,2004-12-01
2005,1,Male,Bachelor's+,21660491.95830006,569301.6323,10355,2005-01-01
2005,1,Male,HS diploma,20780783.818400055,1233786.7682999978,9994,2005-01-01
2005,1,Male,Less than HS,7941303.461100017,717336.373,3280,2005-01-01
2005,1,Male,Some college,17005890.258900054,817304.4462,8210,2005-01-01
2005,1,Female,Bachelor's+,19140371.43809991,471509.1625999999,9572,2005-01-01
2005,1,Female,HS diploma,17265388.913699917,891254.5077999997,8703,2005-01-01
2005,1,Female,Less than HS,4658044.800600001,446649.24189999996,2075,2005-01-01
2005,1,Female,Some college,17284238.201599933,718466.2460999996,8707,2005-01-01
2005,2,Male,Bachelor's+,21662466.997499935,531155.2582999999,10166,2005-02-01
2005,2,Male,HS diploma,21018413.013499975,1264267.905100002,9829,2005-02-01
2005,2,Male,Less than HS,7761630.026899986,682272.4293999993,3173,2005-02-01
2005,2,Male,Some college,17274306.091699984,818161.0332,8229,2005-02-01
2005,2,Female,Bachelor's+,18998444.57770005,444924.0141999999,9439,2005-02-01
2005,2,Female,HS diploma,17271892.250900008,878153.6301999998,8579,2005-02-01
2005,2,Female,Less than HS,4543384.169400005,452580.4071999998,1998,2005-02-01
2005,2,Female,Some college,17841208.519600008,739365.428,8952,2005-02-01
2005,3,Male,Bachelor's+,21513594.215200022,546843.1767000005,9952,2005-03-01
2005,3,Male,HS diploma,21294715.73950003,1236908.951800001,9845,2005-03-01
2005,3,Male,Less than HS,7861903.8525000075,626782.2088999995,3170,2005-03-01
2005,3,Male,Some college,17369901.30669995,739182.2143000006,8134,2005-03-01
2005,3,Female,Bachelor's+,19015355.873799838,413703.1567999998,9285,2005-03-01
2005,3,Female,HS diploma,17097754.6485,772629.7172000007,8421,2005-03-01
2005,3,Female,Less than HS,4653181.23749999,481656.54729999986,2044,2005-03-01
2005,3,Female,Some college,17528226.163700014,698256.5076000006,8677,2005-03-01
2005,4,Male,Bachelor's+,21904400.868300043,521090.94949999993,10140,2005-04-01
2005,4,Male,HS diploma,21322775.667899963,907539.4849000004,10024,2005-04-01
2005,4,Male,Less than HS,8097580.22140001,575926.1245999997,3315,2005-04-01
2005,4,Male,Some college,17151978.75830005,625264.5188999997,8143,2005-04-01
2005,4,Female,Bachelor's+,19113048.877,434546.41630000016,9424,2005-04-01
2005,4,Female,HS diploma,17111668.46140006,794302.2669000002,8502,2005-04-01
2005,4,Female,Less than HS,4629783.719199997,432495.36980000016,2047,2005-04-01
2005,4,Female,Some college,17655403.7718,714233.2867999998,8760,2005-04-01
2005,5,Male,Bachelor's+,22065368.293699946,556809.7840000001,10261,2005-05-01
2005,5,Male,HS diploma,21243835.079799984,887372.1766999998,9987,2005-05-01
2005,5,Male,Less than HS,8340229.443100017,477264.27560000005,3426,2005-05-01
2005,5,Male,Some college,16938110.19930005,540438.4652000001,8068,2005-05-01
2005,5,Female,Bachelor's+,19039298.75509993,384808.34380000015,9470,2005-05-01
2005,5,Female,HS diploma,17184263.378500015,708143.305,8532,2005-05-01
2005,5,Female,Less than HS,4814886.354600004,442182.5138000001,2124,2005-05-01
2005,5,Female,Some college,17552584.74890002,714216.2955000004,8760,2005-05-01
2005,6,Male,Bachelor's+,22070042.362899892,466536.4063000001,10304,2005-06-01
2005,6,Male,HS diploma,21101360.457799878,915975.2846,9909,2005-06-01
2005,6,Male,Less than HS,8364816.244100007,440183.94169999997,3483,2005-06-01
2005,6,Male,Some college,17014121.577799913,569751.5943000003,8107,2005-06-01
2005,6,Female,Bachelor's+,18757149.636400044,503546.83550000004,9240,2005-06-01
2005,6,Female,HS diploma,16959318.974200092,834197.4912999992,8384,2005-06-01
2005,6,Female,Less than HS,4835065.744299995,405241.1090999998,2129,2005-06-01
2005,6,Female,Some college,17602823.615499996,801710.6642999996,8710,2005-06-01
2005,7,Male,Bachelor's+,22047025.00380002,515369.9733000004,10290,2005-07-01
2005,7,Male,HS diploma,20720372.121699944,880225.6808999995,9792,2005-07-01
2005,7,Male,Less than HS,8185893.192099982,422198.61909999995,3381,2005-07-01
2005,7,Male,Some college,17683357.044399872,620911.5516,8473,2005-07-01
2005,7,Female,Bachelor's+,19034689.119900037,580334.4975999998,9342,2005-07-01
2005,7,Female,HS diploma,16917621.0414001,948033.7274999996,8343,2005-07-01
2005,7,Female,Less than HS,4731094.320300001,505732.70369999995,2078,2005-07-01
2005,7,Female,Some college,17750665.916999973,773001.0734000005,8812,2005-07-01
2005,8,Male,Bachelor's+,22089039.61110003,469982.6111000001,10289,2005-08-01
2005,8,Male,HS diploma,21152860.5062,823458.1949000004,9856,2005-08-01
2005,8,Male,Less than HS,8088822.058300018,444532.29490000015,3386,2005-08-01
2005,8,Male,Some college,17610486.008200068,556490.4947,8398,2005-08-01
2005,8,Female,Bachelor's+,19089569.147899956,504845.1955000003,9315,2005-08-01
2005,8,Female,HS diploma,17026714.476999946,899162.2203999992,8381,2005-08-01
2005,8,Female,Less than HS,4777505.952900004,466086.1244999999,2101,2005-08-01
2005,8,Female,Some college,17591425.541699953,693824.6033000003,8725,2005-08-01
2005,9,Male,Bachelor's+,21963433.80000001,442928.2259999998,10210,2005-09-01
2005,9,Male,HS diploma,21246563.011400063,888950.7008000001,9861,2005-09-01
2005,9,Male,Less than HS,8095389.054099997,471104.79060000007,3344,2005-09-01
2005,9,Male,Some college,17582986.64360005,540963.6576,8287,2005-09-01
2005,9,Female,Bachelor's+,19748481.291200057,555107.7609999995,9540,2005-09-01
2005,9,Female,HS diploma,17223582.276099995,842882.9357999996,8348,2005-09-01
2005,9,Female,Less than HS,4815955.884999998,510478.3052000002,2089,2005-09-01
2005,9,Female,Some college,17652884.66399993,691963.3159999993,8719,2005-09-01
2005,10,Male,Bachelor's+,22101828.688100122,472191.1706,10336,2005-10-01
2005,10,Male,HS diploma,21374063.07900009,881490.5048999998,10036,2005-10-01
2005,10,Male,Less than HS,7850574.443800007,393857.75719999993,3279,2005-10-01
2005,10,Male,Some college,17788957.492500048,569656.0940999999,8520,2005-10-01
2005,10,Female,Bachelor's+,19904829.288099963,460751.11090000015,9672,2005-10-01
2005,10,Female,HS diploma,17312213.093100004,801605.0126999997,8456,2005-10-01
2005,10,Female,Less than HS,4551554.567100009,430899.06760000007,2022,2005-10-01
2005,10,Female,Some college,17772187.0386,731842.3321999996,8848,2005-10-01
2005,11,Male,Bachelor's+,21948307.400300093,480000.15020000015,10265,2005-11-01
2005,11,Male,HS diploma,21381476.010200147,935616.0297000002,10009,2005-11-01
2005,11,Male,Less than HS,7929109.279199986,463094.69590000005,3293,2005-11-01
2005,11,Male,Some college,17615909.39139998,671126.1148000002,8376,2005-11-01
2005,11,Female,Bachelor's+,19759481.118099935,435853.8776999998,9551,2005-11-01
2005,11,Female,HS diploma,17248546.956799947,883828.2327999999,8388,2005-11-01
2005,11,Female,Less than HS,4701829.893299996,462015.40650000004,2064,2005-11-01
2005,11,Female,Some college,17767174.016799953,687155.1149999996,8780,2005-11-01
2005,12,Male,Bachelor's+,22250213.145900007,460034.8409000001,10251,2005-12-01
2005,12,Male,HS diploma,21014980.66330003,1008846.9315000008,9768,2005-12-01
2005,12,Male,Less than HS,7816742.488500007,565114.6195000001,3200,2005-12-01
2005,12,Male,Some college,17601028.365999985,703815.7936,8217,2005-12-01
2005,12,Female,Bachelor's+,19819651.759099923,398421.0940999999,9489,2005-12-01
2005,12,Female,HS diploma,17166302.110500026,755643.0771999999,8256,2005-12-01
2005,12,Female,Less than HS,4672456.991500001,445367.3130999997,2074,2005-12-01
2005,12,Female,Some college,17735374.692500003,681068.4882000001,8738,2005-12-01
2006,1,Male,Bachelor's+,22061414.096100047,483562.5207999999,10181,2006-01-01
2006,1,Male,HS diploma,21005852.11560002,1119822.4214999997,9796,2006-01-01
2006,1,Male,Less than HS,8029698.164500007,602281.5194999997,3320,2006-01-01
2006,1,Male,Some college,17524814.5105,669140.0636,8205,2006-01-01
2006,1,Female,Bachelor's+,19646755.013500065,441954.9001999999,9428,2006-01-01
2006,1,Female,HS diploma,16993488.219400026,849586.5917,8216,2006-01-01
2006,1,Female,Less than HS,4593775.541200001,445022.9139999999,2045,2006-01-01
2006,1,Female,Some college,17698338.90740006,699484.4395000001,8643,2006-01-01
2006,2,Male,Bachelor's+,22049879.66569989,524138.64239999984,10152,2006-02-01
2006,2,Male,HS diploma,20883903.25020007,1151132.5808000013,9640,2006-02-01
2006,2,Male,Less than HS,7915705.411900005,649914.2034999997,3237,2006-02-01
2006,2,Male,Some college,17796603.386800017,710452.3601000003,8258,2006-02-01
2006,2,Female,Bachelor's+,19545422.391599994,406837.7677000001,9444,2006-02-01
2006,2,Female,HS diploma,16965297.620600022,791873.9723999996,8154,2006-02-01
2006,2,Female,Less than HS,4472019.012399998,412500.7626999998,1975,2006-02-01
2006,2,Female,Some college,18217170.915399853,715175.8469,8895,2006-02-01
2006,3,Male,Bachelor's+,22300743.488700178,513608.68210000015,10096,2006-03-01
2006,3,Male,HS diploma,21372712.39799998,1042507.4367999992,9720,2006-03-01
2006,3,Male,Less than HS,8048325.890899988,600148.2629000003,3250,2006-03-01
2006,3,Male,Some college,17627850.58200004,691612.8629999998,8029,2006-03-01
2006,3,Female,Bachelor's+,19531322.389300052,398974.74760000024,9278,2006-03-01
2006,3,Female,HS diploma,17142989.37490005,711563.7063,8165,2006-03-01
2006,3,Female,Less than HS,4512923.177900006,395903.8412000001,1977,2006-03-01
2006,3,Female,Some college,17959694.91050005,696031.6272999997,8693,2006-03-01
2006,4,Male,Bachelor's+,22672791.70879997,476934.1432999998,10349,2006-04-01
2006,4,Male,HS diploma,21328755.21259986,929814.8010000003,9912,2006-04-01
2006,4,Male,Less than HS,8281354.7065999955,472078.6738999998,3422,2006-04-01
2006,4,Male,Some college,17388116.30760009,667160.9589000004,8001,2006-04-01
2006,4,Female,Bachelor's+,19525982.707399987,408425.4643000003,9372,2006-04-01
2006,4,Female,HS diploma,17134249.136399984,762794.9218000002,8265,2006-04-01
2006,4,Female,Less than HS,4704506.567500001,392140.2771,2072,2006-04-01
2006,4,Female,Some college,17970615.70189998,643880.2919000001,8737,2006-04-01
2006,5,Male,Bachelor's+,22627664.259299815,444083.7124000001,10307,2006-05-01
2006,5,Male,HS diploma,21469222.301999785,906850.1164000004,9921,2006-05-01
2006,5,Male,Less than HS,8446149.106600031,453856.9494999998,3447,2006-05-01
2006,5,Male,Some college,17092477.178900015,569841.9229000001,7909,2006-05-01
2006,5,Female,Bachelor's+,19805156.83619993,397962.67299999984,9478,2006-05-01
2006,5,Female,HS diploma,17119043.889299937,633888.1643000003,8287,2006-05-01
2006,5,Female,Less than HS,4841658.821300002,366670.7420000001,2142,2006-05-01
2006,5,Female,Some college,17746637.7111,658077.8564000006,8638,2006-05-01
2006,6,Male,Bachelor's+,22697570.620600007,459556.8883000001,10390,2006-06-01
2006,6,Male,HS diploma,21570898.405699976,810469.9189999998,9870,2006-06-01
2006,6,Male,Less than HS,8250130.7207999965,485481.39589999954,3359,2006-06-01
2006,6,Male,Some college,17098171.015700012,510925.8721999999,7926,2006-06-01
2006,6,Female,Bachelor's+,19574952.59640002,433906.4854999997,9371,2006-06-01
2006,6,Female,HS diploma,17103308.935299963,698877.8211,8229,2006-06-01
2006,6,Female,Less than HS,4927512.382700009,369032.4811000002,2147,2006-06-01
2006,6,Female,Some college,17618144.224200007,720539.0897000006,8586,2006-06-01
2006,7,Male,Bachelor's+,22743557.755600072,414637.6984,10455,2006-07-01
2006,7,Male,HS diploma,21183395.7089,867976.7147000002,9777,2006-07-01
2006,7,Male,Less than HS,7842404.621500003,505508.9931999999,3223,2006-07-01
2006,7,Male,Some college,17696222.24170006,570058.9978000004,8275,2006-07-01
2006,7,Female,Bachelor's+,19844650.261800133,570854.1032999997,9597,2006-07-01
2006,7,Female,HS diploma,16778071.112200033,826486.3905999996,8109,2006-07-01
2006,7,Female,Less than HS,4709727.308600009,341828.1317999998,2053,2006-07-01
2006,7,Female,Some college,18120275.120300073,796946.6601999993,8812,2006-07-01
2006,8,Male,Bachelor's+,22620938.489100065,403655.8243,10562,2006-08-01
2006,8,Male,HS diploma,21321076.33690004,890754.7509999999,9888,2006-08-01
2006,8,Male,Less than HS,8096814.814999993,479897.17069999996,3340,2006-08-01
2006,8,Male,Some college,17528295.460300047,493336.7744,8271,2006-08-01
2006,8,Female,Bachelor's+,19776227.57419998,461217.9306000001,9631,2006-08-01
2006,8,Female,HS diploma,17063050.2128,829415.7695,8256,2006-08-01
2006,8,Female,Less than HS,4726268.689200002,351502.8088,2104,2006-08-01
2006,8,Female,Some college,17897499.11789991,794980.2277999999,8785,2006-08-01
2006,9,Male,Bachelor's+,22765875.79359994,433351.91870000004,10506,2006-09-01
2006,9,Male,HS diploma,21427173.480699893,722765.1500000003,9909,2006-09-01
2006,9,Male,Less than HS,8059767.441999991,387632.16799999995,3317,2006-09-01
2006,9,Male,Some college,17544947.42279996,475780.5727000002,8224,2006-09-01
2006,9,Female,Bachelor's+,20216944.65080007,489150.88700000005,9686,2006-09-01
2006,9,Female,HS diploma,17183827.778700028,759214.8783000007,8186,2006-09-01
2006,9,Female,Less than HS,4773128.119600003,385232.28040000005,2086,2006-09-01
2006,9,Female,Some college,17940210.27389994,763243.8968000001,8764,2006-09-01
2006,10,Male,Bachelor's+,22816293.40069992,418024.2461000002,10484,2006-10-01
2006,10,Male,HS diploma,21344194.61970001,761240.6585,9871,2006-10-01
2006,10,Male,Less than HS,8067665.962000003,382315.3941999999,3340,2006-10-01
2006,10,Male,Some college,17957824.935499962,529534.8292,8375,2006-10-01
2006,10,Female,Bachelor's+,20493427.38460009,384225.4436999999,9798,2006-10-01
2006,10,Female,HS diploma,17382816.09010003,703947.3998000002,8300,2006-10-01
2006,10,Female,Less than HS,4553130.503300006,292583.59369999997,1999,2006-10-01
2006,10,Female,Some college,18096159.79410002,664881.9506999995,8842,2006-10-01
2006,11,Male,Bachelor's+,22863993.922399897,396156.9121000003,10475,2006-11-01
2006,11,Male,HS diploma,21463715.884600002,938402.5293999998,9848,2006-11-01
2006,11,Male,Less than HS,8204217.928900004,464813.4157000001,3340,2006-11-01
2006,11,Male,Some college,17683080.612199944,534718.4251999999,8285,2006-11-01
2006,11,Female,Bachelor's+,20729681.16079985,375760.6711999999,9871,2006-11-01
2006,11,Female,HS diploma,17483715.831899922,727512.9536000004,8332,2006-11-01
2006,11,Female,Less than HS,4561306.006900007,377496.0272000001,2015,2006-11-01
2006,11,Female,Some college,17759561.995799948,651711.3989,8709,2006-11-01
2006,12,Male,Bachelor's+,22895418.261000104,398562.02889999986,10331,2006-12-01
2006,12,Male,HS diploma,21260930.13289994,1028086.7855999997,9722,2006-12-01
2006,12,Male,Less than HS,8222060.489700025,593401.2074000002,3340,2006-12-01
2006,12,Male,Some college,17678714.417499997,585194.3297999995,8169,2006-12-01
2006,12,Female,Bachelor's+,20868917.163299926,374705.08510000014,9861,2006-12-01
2006,12,Female,HS diploma,17175064.82259995,667905.6011,8168,2006-12-01
2006,12,Female,Less than HS,4601564.121299994,353972.4309,2036,2006-12-01
2006,12,Female,Some college,17864354.79670002,619778.1737999998,8691,2006-12-01
2007,1,Male,Bachelor's+,22996165.151700024,535610.7812000002,10264,2007-01-01
2007,1,Male,HS diploma,21325120.991900105,1154762.1765999992,9649,2007-01-01
2007,1,Male,Less than HS,8250170.836600001,689947.0840999997,3301,2007-01-01
2007,1,Male,Some college,17374903.167399894,738256.7440000003,7960,2007-01-01
2007,1,Female,Bachelor's+,20641737.726100113,417020.1726999999,9699,2007-01-01
2007,1,Female,HS diploma,17429758.093400054,765350.3079000001,8223,2007-01-01
2007,1,Female,Less than HS,4613868.761599996,369495.608,2002,2007-01-01
2007,1,Female,Some college,17510541.94739995,682063.1422999997,8432,2007-01-01
2007,2,Male,Bachelor's+,23084286.470499784,462373.06180000026,10290,2007-02-01
2007,2,Male,HS diploma,21365884.97449993,1161148.7025000013,9624,2007-02-01
2007,2,Male,Less than HS,8248938.074900001,789426.4302999998,3268,2007-02-01
2007,2,Male,Some college,17280239.34869999,702478.9080999993,7887,2007-02-01
2007,2,Female,Bachelor's+,20604213.060300086,366471.44650000014,9667,2007-02-01
2007,2,Female,HS diploma,17316370.816499956,743622.5938999997,8125,2007-02-01
2007,2,Female,Less than HS,4617217.966800001,319853.0389999999,1970,2007-02-01
2007,2,Female,Some college,17627184.08029997,648935.0043999997,8455,2007-02-01
2007,3,Male,Bachelor's+,23125964.664399844,415750.96490000025,10295,2007-03-01
2007,3,Male,HS diploma,21398765.08689979,1102988.4234000011,9631,2007-03-01
2007,3,Male,Less than HS,8185353.3104000045,664807.4370999999,3214,2007-03-01
2007,3,Male,Some college,17499024.39569992,680087.8503000002,7914,2007-03-01
2007,3,Female,Bachelor's+,20436036.076599922,357793.2196,9577,2007-03-01
2007,3,Female,HS diploma,17384815.479700033,603916.9907000004,8108,2007-03-01
2007,3,Female,Less than HS,4719056.639400005,366157.23969999986,2000,2007-03-01
2007,3,Female,Some college,17970237.432200026,640509.8796000001,8565,2007-03-01
2007,4,Male,Bachelor's+,23268870.049399827,397525.5152,10496,2007-04-01
2007,4,Male,HS diploma,21346287.3251,930542.2240000002,9677,2007-04-01
2007,4,Male,Less than HS,8158567.7112999875,496576.8843000001,3272,2007-04-01
2007,4,Male,Some college,17748304.345700044,667053.2217999995,8120,2007-04-01
2007,4,Female,Bachelor's+,20351848.77759986,357989.95650000003,9723,2007-04-01
2007,4,Female,HS diploma,17080389.446099978,633515.5421000009,8123,2007-04-01
2007,4,Female,Less than HS,4663827.425800005,388540.2481999999,1999,2007-04-01
2007,4,Female,Some college,17968255.879999887,594720.8263999999,8622,2007-04-01
2007,5,Male,Bachelor's+,23532912.357700024,468140.2614000001,10643,2007-05-01
2007,5,Male,HS diploma,21134677.40359988,869725.5994000004,9626,2007-05-01
2007,5,Male,Less than HS,8146747.861399998,414968.77759999974,3267,2007-05-01
2007,5,Male,Some college,17793456.95579989,563576.0582999999,8178,2007-05-01
2007,5,Female,Bachelor's+,20705460.476599935,370623.58239999996,9849,2007-05-01
2007,5,Female,HS diploma,17041907.9926,714985.6741000002,8156,2007-05-01
2007,5,Female,Less than HS,4608223.4582000105,342409.01569999993,1968,2007-05-01
2007,5,Female,Some college,18043430.78090002,590696.7532000002,8682,2007-05-01
2007,6,Male,Bachelor's+,23506487.67309979,456800.8552999998,10584,2007-06-01
2007,6,Male,HS diploma,21249613.301699787,768146.5243999996,9662,2007-06-01
2007,6,Male,Less than HS,7982665.833099978,430440.78959999996,3203,2007-06-01
2007,6,Male,Some college,17866752.485499967,579045.2910999998,8217,2007-06-01
2007,6,Female,Bachelor's+,20610364.126800068,444487.6420999998,9701,2007-06-01
2007,6,Female,HS diploma,16951532.410800036,738911.8738000003,8066,2007-06-01
2007,6,Female,Less than HS,4365251.555100005,332384.08979999996,1878,2007-06-01
2007,6,Female,Some college,18140073.55659998,695633.2881999996,8640,2007-06-01
2007,7,Male,Bachelor's+,23477904.95659996,461317.11080000026,10545,2007-07-01
2007,7,Male,HS diploma,21241365.750699952,904849.1228000007,9558,2007-07-01
2007,7,Male,Less than HS,7705775.311099976,468225.33910000033,3037,2007-07-01
2007,7,Male,Some college,18275557.50179996,587633.8367999998,8344,2007-07-01
2007,7,Female,Bachelor's+,20925456.65989984,595395.0384,9757,2007-07-01
2007,7,Female,HS diploma,16628644.221599987,807767.5470999996,7894,2007-07-01
2007,7,Female,Less than HS,4211552.117499999,360080.1375999999,1788,2007-07-01
2007,7,Female,Some college,18361717.22119992,771382.3299999994,8775,2007-07-01
2007,8,Male,Bachelor's+,23577657.45020016,484762.3389,10594,2007-08-01
2007,8,Male,HS diploma,21425748.21170013,836827.4406000002,9609,2007-08-01
2007,8,Male,Less than HS,7724383.791000001,396645.3479999998,3045,2007-08-01
2007,8,Male,Some college,17909498.334499933,580480.6693999999,8264,2007-08-01
2007,8,Female,Bachelor's+,20866009.75729989,543018.5233999995,9717,2007-08-01
2007,8,Female,HS diploma,17055266.291099925,789544.8808000003,7985,2007-08-01
2007,8,Female,Less than HS,4324098.342500001,348567.21719999984,1801,2007-08-01
2007,8,Female,Some college,18137667.210100025,771755.2322,8696,2007-08-01
2007,9,Male,Bachelor's+,23417414.052799992,460398.1261,10539,2007-09-01
2007,9,Male,HS diploma,21702557.348699976,866392.6952999999,9754,2007-09-01
2007,9,Male,Less than HS,7815614.828100009,482516.27470000007,3070,2007-09-01
2007,9,Male,Some college,17857312.8599,480858.9392999997,8223,2007-09-01
2007,9,Female,Bachelor's+,20844029.407700025,452106.3774000003,9851,2007-09-01
2007,9,Female,HS diploma,17462907.613599963,785296.1242999998,8074,2007-09-01
2007,9,Female,Less than HS,4492341.345200003,389951.5125999999,1891,2007-09-01
2007,9,Female,Some college,18332213.380200017,712387.2328999997,8766,2007-09-01
2007,10,Male,Bachelor's+,23317909.941099998,433234.26250000007,10471,2007-10-01
2007,10,Male,HS diploma,21545586.78540011,910367.4611000005,9630,2007-10-01
2007,10,Male,Less than HS,7729058.258400011,435820.6782,3008,2007-10-01
2007,10,Male,Some college,18330844.87779991,595367.8054999999,8296,2007-10-01
2007,10,Female,Bachelor's+,21260202.527199853,487684.6246,9966,2007-10-01
2007,10,Female,HS diploma,17242775.175099984,749616.8136,7991,2007-10-01
2007,10,Female,Less than HS,4205334.906999998,354592.42909999995,1762,2007-10-01
2007,10,Female,Some college,18510658.091500055,647693.9581999998,8778,2007-10-01
2007,11,Male,Bachelor's+,23281846.583200045,445902.84049999993,10409,2007-11-01
2007,11,Male,HS diploma,21625549.42419997,948633.6498999998,9699,2007-11-01
2007,11,Male,Less than HS,7939756.248900007,494041.09069999994,3112,2007-11-01
2007,11,Male,Some college,18399802.057999976,583989.5540999998,8351,2007-11-01
2007,11,Female,Bachelor's+,21362028.046600033,483767.3932999999,10020,2007-11-01
2007,11,Female,HS diploma,17551826.774900027,767990.64830000035,8056,2007-11-01
2007,11,Female,Less than HS,4314424.946700001,433771.97609999997,1824,2007-11-01
2007,11,Female,Some college,18212983.801500022,592033.7298000001,8643,2007-11-01
2007,12,Male,Bachelor's+,23324200.197899964,487188.60929999984,10310,2007-12-01
2007,12,Male,HS diploma,21565333.473200113,1116229.981400001,9644,2007-12-01
2007,12,Male,Less than HS,7964150.935500005,614855.3607000002,3080,2007-12-01
2007,12,Male,Some college,18162754.707600005,665002.9943000003,8211,2007-12-01
2007,12,Female,Bachelor's+,21406156.715499993,423714.2940000002,9962,2007-12-01
2007,12,Female,HS diploma,17369581.50089996,734220.9911000005,7989,2007-12-01
2007,12,Female,Less than HS,4343283.373899998,401393.7737999999,1832,2007-12-01
2007,12,Female,Some college,18203433.99520007,702258.3336000005,8643,2007-12-01
2008,1,Male,Bachelor's+,23270282.333900075,540938.0908000002,10293,2008-01-01
2008,1,Male,HS diploma,21278403.622400053,1322017.752900001,9592,2008-01-01
2008,1,Male,Less than HS,7932706.360700004,724138.4330000002,3092,2008-01-01
2008,1,Male,Some college,18055302.16659999,697500.3358,8218,2008-01-01
2008,1,Female,Bachelor's+,21396112.55809999,450597.3662999998,9928,2008-01-01
2008,1,Female,HS diploma,17142620.033999965,781794.7769999999,8004,2008-01-01
2008,1,Female,Less than HS,4439116.748299996,413336.6968000002,1891,2008-01-01
2008,1,Female,Some college,18083337.263400003,746056.6643,8622,2008-01-01
2008,2,Male,Bachelor's+,23679790.709099993,493137.7986999999,10496,2008-02-01
2008,2,Male,HS diploma,21086180.35709995,1292641.7209999973,9481,2008-02-01
2008,2,Male,Less than HS,7637653.883199992,669057.5554,2976,2008-02-01
2008,2,Male,Some college,18053428.56510008,747375.9419999999,8248,2008-02-01
2008,2,Female,Bachelor's+,21683831.026099876,461081.36800000013,10131,2008-02-01
2008,2,Female,HS diploma,16940153.05919999,791787.9604999996,7932,2008-02-01
2008,2,Female,Less than HS,4286650.4287,373985.70870000025,1831,2008-02-01
2008,2,Female,Some college,18218397.6483,747452.1509,8700,2008-02-01
2008,3,Male,Bachelor's+,23652278.936699923,481405.6354999998,10468,2008-03-01
2008,3,Male,HS diploma,21265152.117299967,1283671.1457000005,9480,2008-03-01
2008,3,Male,Less than HS,7749889.7767,794726.2964999999,2988,2008-03-01
2008,3,Male,Some college,18067842.478399903,732582.9801000003,8106,2008-03-01
2008,3,Female,Bachelor's+,21750753.365299966,450445.85520000017,10067,2008-03-01
2008,3,Female,HS diploma,16952530.208600022,861460.5055000017,7925,2008-03-01
2008,3,Female,Less than HS,4314885.434800003,361582.30929999996,1822,2008-03-01
2008,3,Female,Some college,18466593.472299952,777328.4843000008,8716,2008-03-01
2008,4,Male,Bachelor's+,23817644.746200025,455056.3642000002,10658,2008-04-01
2008,4,Male,HS diploma,20979852.040500056,1075391.548,9528,2008-04-01
2008,4,Male,Less than HS,7805368.978100004,591008.1302999998,3015,2008-04-01
2008,4,Male,Some college,18145196.32259989,760048.7259999999,8212,2008-04-01
2008,4,Female,Bachelor's+,21449053.236899734,439387.93409999995,10041,2008-04-01
2008,4,Female,HS diploma,16814714.261799928,814243.6994999994,7913,2008-04-01
2008,4,Female,Less than HS,4525769.274599992,342087.8496,1907,2008-04-01
2008,4,Female,Some college,18548279.150899958,674039.0806999992,8770,2008-04-01
2008,5,Male,Bachelor's+,23433261.383300163,509414.49010000005,10604,2008-05-01
2008,5,Male,HS diploma,21303731.34420012,1007987.2183,9610,2008-05-01
2008,5,Male,Less than HS,8024593.991900001,551022.8316,3149,2008-05-01
2008,5,Male,Some college,18109261.440700058,755094.9822999997,8220,2008-05-01
2008,5,Female,Bachelor's+,21248117.150900204,441740.5761000001,10022,2008-05-01
2008,5,Female,HS diploma,17004059.90739995,825500.3429999998,7951,2008-05-01
2008,5,Female,Less than HS,4457588.1091999905,368406.08960000006,1902,2008-05-01
2008,5,Female,Some college,18523879.89660011,732921.8633000002,8749,2008-05-01
2008,6,Male,Bachelor's+,23601370.787900094,513739.9914999999,10611,2008-06-01
2008,6,Male,HS diploma,21163024.85200014,1018423.8920000003,9566,2008-06-01
2008,6,Male,Less than HS,7981914.501800017,584210.8737999995,3153,2008-06-01
2008,6,Male,Some college,18317025.675600052,786828.7080000003,8299,2008-06-01
2008,6,Female,Bachelor's+,21229272.355999976,566530.8026000003,9936,2008-06-01
2008,6,Female,HS diploma,16898584.804100048,848587.7012000005,7856,2008-06-01
2008,6,Female,Less than HS,4509312.021200004,415694.223,1930,2008-06-01
2008,6,Female,Some college,18500976.783400048,808234.4887999998,8798,2008-06-01
2008,7,Male,Bachelor's+,23762171.35549993,584139.6415999999,10664,2008-07-01
2008,7,Male,HS diploma,21621812.14390006,1175274.6939000005,9719,2008-07-01
2008,7,Male,Less than HS,7636887.912600011,579073.7694999998,2992,2008-07-01
2008,7,Male,Some college,18371618.765600067,879911.7858999994,8322,2008-07-01
2008,7,Female,Bachelor's+,21314196.634899925,675521.3002000003,9909,2008-07-01
2008,7,Female,HS diploma,16763288.010000031,876682.8161000002,7791,2008-07-01
2008,7,Female,Less than HS,4296747.577300005,408182.24799999996,1791,2008-07-01
2008,7,Female,Some college,18521814.435400087,891089.4291000008,8765,2008-07-01
2008,8,Male,Bachelor's+,23867135.516700037,631213.2018000003,10719,2008-08-01
2008,8,Male,HS diploma,21459509.00629991,1141861.133199999,9645,2008-08-01
2008,8,Male,Less than HS,7763074.359200006,659012.3554,3062,2008-08-01
2008,8,Male,Some college,18292982.319699977,860993.9512999995,8327,2008-08-01
2008,8,Female,Bachelor's+,21521482.071999848,775037.1092999994,9970,2008-08-01
2008,8,Female,HS diploma,16849077.291699972,1009329.4842000005,7837,2008-08-01
2008,8,Female,Less than HS,4385701.434599998,461884.8960000001,1835,2008-08-01
2008,8,Female,Some college,18578914.902800135,1019057.0120999994,8817,2008-08-01
2008,9,Male,Bachelor's+,23636559.55349994,620603.9378999999,10529,2008-09-01
2008,9,Male,HS diploma,21540422.763299882,1317560.6120999993,9605,2008-09-01
2008,9,Male,Less than HS,7844659.632099978,743472.7533999998,3053,2008-09-01
2008,9,Male,Some college,18289324.76539994,889449.4140000002,8257,2008-09-01
2008,9,Female,Bachelor's+,21585807.025199875,572646.7738999999,9951,2008-09-01
2008,9,Female,HS diploma,16952948.035599954,934436.1788000007,7803,2008-09-01
2008,9,Female,Less than HS,4354499.233599998,384524.3315,1807,2008-09-01
2008,9,Female,Some college,18834169.902899895,944863.264999999,8815,2008-09-01
2008,10,Male,Bachelor's+,23868793.37299993,712824.6879000005,10609,2008-10-01
2008,10,Male,HS diploma,21724147.071099985,1318538.7552999996,9566,2008-10-01
2008,10,Male,Less than HS,7734831.688200011,679099.0417999999,2998,2008-10-01
2008,10,Male,Some college,18213811.2844,934367.4879000004,8191,2008-10-01
2008,10,Female,Bachelor's+,21809132.063399903,683717.6231999998,10053,2008-10-01
2008,10,Female,HS diploma,16912191.334299948,978597.3736999998,7793,2008-10-01
2008,10,Female,Less than HS,4431028.931299997,470585.4271999999,1831,2008-10-01
2008,10,Female,Some college,18887081.574799966,944615.8362000007,8741,2008-10-01
2008,11,Male,Bachelor's+,23633643.878299966,689048.2702000005,10375,2008-11-01
2008,11,Male,HS diploma,21626510.980900005,1556708.1312000006,9463,2008-11-01
2008,11,Male,Less than HS,7745930.3936,803673.8648999999,2989,2008-11-01
2008,11,Male,Some college,18537297.838399958,1033955.0519000007,8304,2008-11-01
2008,11,Female,Bachelor's+,21756591.625799887,697338.4219999999,10014,2008-11-01
2008,11,Female,HS diploma,17074663.909799963,1050964.7735000006,7796,2008-11-01
2008,11,Female,Less than HS,4428807.764800008,480628.6432000004,1827,2008-11-01
2008,11,Female,Some college,18914415.553300045,949368.5203000003,8705,2008-11-01
2008,12,Male,Bachelor's+,23409856.645799913,886042.1978000001,10268,2008-12-01
2008,12,Male,HS diploma,21677659.668899897,1983034.9836000004,9357,2008-12-01
2008,12,Male,Less than HS,7806977.4192999825,940014.8050999996,2934,2008-12-01
2008,12,Male,Some college,18366986.07130001,1157703.1591000007,8126,2008-12-01
2008,12,Female,Bachelor's+,21801912.549099978,728913.7717999999,9900,2008-12-01
2008,12,Female,HS diploma,17200779.40089997,1096074.6020999996,7750,2008-12-01
2008,12,Female,Less than HS,4344546.799800008,495518.5362999997,1737,2008-12-01
2008,12,Female,Some college,18513417.426399942,924334.7943000003,8472,2008-12-01
2009,1,Male,Bachelor's+,23576287.298199847,1052881.4871000005,10557,2009-01-01
2009,1,Male,HS diploma,21722333.590700008,2397635.3728000037,9574,2009-01-01
2009,1,Male,Less than HS,7677511.691200005,1140116.4715000005,2994,2009-01-01
2009,1,Male,Some college,18144336.722899996,1448261.8844999992,8224,2009-01-01
2009,1,Female,Bachelor's+,21558078.28760005,846304.5756,10076,2009-01-01
2009,1,Female,HS diploma,17297843.056599952,1272001.3229999999,8014,2009-01-01
2009,1,Female,Less than HS,4542616.137900006,637696.0708999997,1898,2009-01-01
2009,1,Female,Some college,18236501.34099999,1088171.9349,8586,2009-01-01
2009,2,Male,Bachelor's+,23411591.636900015,1059311.4306,10601,2009-02-01
2009,2,Male,HS diploma,21405468.91560001,2452688.0650999993,9506,2009-02-01
2009,2,Male,Less than HS,7528663.705100004,1228178.0810000002,2910,2009-02-01
2009,2,Male,Some college,18649750.520999987,1675022.5866999996,8476,2009-02-01
2009,2,Female,Bachelor's+,21598644.278100006,844326.0775000004,10181,2009-02-01
2009,2,Female,HS diploma,17037856.378999986,1275214.6542,7864,2009-02-01
2009,2,Female,Less than HS,4371134.182900001,587003.4404999999,1851,2009-02-01
2009,2,Female,Some college,18590621.39009999,1193179.2947,8826,2009-02-01
2009,3,Male,Bachelor's+,23519452.02090004,1107722.6336999992,10581,2009-03-01
2009,3,Male,HS diploma,21445532.060899742,2544971.666800001,9542,2009-03-01
2009,3,Male,Less than HS,7590327.209600003,1231037.8621999999,2948,2009-03-01
2009,3,Male,Some college,18350881.094599973,1659387.6469999987,8295,2009-03-01
2009,3,Female,Bachelor's+,21692032.3478,826265.8245,10195,2009-03-01
2009,3,Female,HS diploma,16996578.90130003,1316031.1199000003,7864,2009-03-01
2009,3,Female,Less than HS,4493074.570399998,659725.6188000003,1879,2009-03-01
2009,3,Female,Some college,18468804.252700016,1209386.8188999982,8760,2009-03-01
2009,4,Male,Bachelor's+,23563920.975100007,1065640.6634999986,10697,2009-04-01
2009,4,Male,HS diploma,21266877.40619995,2296686.758000004,9588,2009-04-01
2009,4,Male,Less than HS,7683435.6525000045,1181787.6477999992,2991,2009-04-01
2009,4,Male,Some college,18360778.130499918,1575810.5417999998,8353,2009-04-01
2009,4,Female,Bachelor's+,21786573.96359999,763291.2199999996,10336,2009-04-01
2009,4,Female,HS diploma,17047716.181199957,1288811.4569000008,7999,2009-04-01
2009,4,Female,Less than HS,4489250.013500003,620382.0770000002,1935,2009-04-01
2009,4,Female,Some college,18572379.48779993,1187483.7322999996,8850,2009-04-01
2009,5,Male,Bachelor's+,23423265.701100025,1116177.728600001,10669,2009-05-01
2009,5,Male,HS diploma,21409898.767099977,2289823.387999998,9708,2009-05-01
2009,5,Male,Less than HS,8028184.381999993,1169096.4394000003,3110,2009-05-01
2009,5,Male,Some college,18222127.1463999,1540350.0721000002,8366,2009-05-01
2009,5,Female,Bachelor's+,21961175.05679994,954356.0299999994,10380,2009-05-01
2009,5,Female,HS diploma,16994616.14850005,1335660.8437000003,7991,2009-05-01
2009,5,Female,Less than HS,4356886.402200009,587714.8768000002,1897,2009-05-01
2009,5,Female,Some college,18367813.523800023,1172537.0517,8753,2009-05-01
2009,6,Male,Bachelor's+,23571732.38740015,1189682.721099999,10674,2009-06-01
2009,6,Male,HS diploma,21267623.377799995,2177806.5744,9680,2009-06-01
2009,6,Male,Less than HS,8037493.589600027,1141491.7526999994,3109,2009-06-01
2009,6,Male,Some college,18200607.93860001,1570684.4854999988,8355,2009-06-01
2009,6,Female,Bachelor's+,21743412.268900078,1022010.6313999997,10229,2009-06-01
2009,6,Female,HS diploma,17023253.767999984,1357703.0273999993,7993,2009-06-01
2009,6,Female,Less than HS,4516873.1546999905,682326.0166000003,1936,2009-06-01
2009,6,Female,Some college,18401681.632399976,1376430.408299999,8743,2009-06-01
2009,7,Male,Bachelor's+,23833658.331399985,1280659.1167999995,10781,2009-07-01
2009,7,Male,HS diploma,21320728.377599932,2114287.8672999996,9655,2009-07-01
2009,7,Male,Less than HS,7638478.052299982,1124391.569100001,2941,2009-07-01
2009,7,Male,Some college,18320429.76270007,1540474.5274999992,8307,2009-07-01
2009,7,Female,Bachelor's+,21963308.745799944,1142970.352800001,10203,2009-07-01
2009,7,Female,HS diploma,16571938.016900016,1444145.0117,7770,2009-07-01
2009,7,Female,Less than HS,4496187.055099993,665555.4746,1903,2009-07-01
2009,7,Female,Some college,18573783.455000035,1499130.8185999996,8775,2009-07-01
2009,8,Male,Bachelor's+,23830241.561400052,1176241.9270000006,10756,2009-08-01
2009,8,Male,HS diploma,21490676.319099963,2137431.4104000013,9730,2009-08-01
2009,8,Male,Less than HS,7744698.074000008,1144345.6365,3027,2009-08-01
2009,8,Male,Some college,18228196.284599982,1644117.1236999996,8300,2009-08-01
2009,8,Female,Bachelor's+,22065351.304899924,1204228.0614999991,10338,2009-08-01
2009,8,Female,HS diploma,16489339.857599963,1396720.4918000011,7730,2009-08-01
2009,8,Female,Less than HS,4500527.744299999,673253.0476999998,1911,2009-08-01
2009,8,Female,Some college,18396981.003400076,1469398.624600001,8725,2009-08-01
2009,9,Male,Bachelor's+,23804743.077499945,1186420.7030000004,10725,2009-09-01
2009,9,Male,HS diploma,21526392.970700037,2380141.4985999987,9712,2009-09-01
2009,9,Male,Less than HS,7820809.6427999865,1046648.0626999997,3033,2009-09-01
2009,9,Male,Some college,17991127.596099995,1539068.2580999995,8180,2009-09-01
2009,9,Female,Bachelor's+,22147274.86040006,1111509.1732999994,10326,2009-09-01
2009,9,Female,HS diploma,16462972.238199994,1437521.6179999998,7688,2009-09-01
2009,9,Female,Less than HS,4450579.899100005,635090.7482000001,1869,2009-09-01
2009,9,Female,Some college,18711890.474900052,1464568.4253,8774,2009-09-01
2009,10,Male,Bachelor's+,23979918.424600013,1087437.6001000013,10756,2009-10-01
2009,10,Male,HS diploma,21494967.4457999,2447681.253499997,9599,2009-10-01
2009,10,Male,Less than HS,7560799.869899992,1037241.4500000002,2936,2009-10-01
2009,10,Male,Some college,18152204.108499933,1664116.320199999,8167,2009-10-01
2009,10,Female,Bachelor's+,22490622.65069995,1058610.176799999,10407,2009-10-01
2009,10,Female,HS diploma,16214567.155600028,1431211.8971999995,7566,2009-10-01
2009,10,Female,Less than HS,4294588.515399998,629609.0236,1821,2009-10-01
2009,10,Female,Some college,18851798.164000027,1504715.4532000006,8814,2009-10-01
2009,11,Male,Bachelor's+,23638905.438800033,1088688.6147999994,10677,2009-11-01
2009,11,Male,HS diploma,21674729.70140004,2497616.4439999997,9700,2009-11-01
2009,11,Male,Less than HS,7560958.673199998,1111059.5635999995,2961,2009-11-01
2009,11,Male,Some college,18254767.062699977,1685534.4794999964,8272,2009-11-01
2009,11,Female,Bachelor's+,22283345.46580014,1025928.3520000005,10359,2009-11-01
2009,11,Female,HS diploma,16348097.906599965,1293696.2454,7710,2009-11-01
2009,11,Female,Less than HS,4385783.315399998,629828.8948999997,1887,2009-11-01
2009,11,Female,Some college,18957239.530099977,1464286.0014999993,8897,2009-11-01
2009,12,Male,Bachelor's+,23822656.354700044,1127951.2704999994,10680,2009-12-01
2009,12,Male,HS diploma,21354422.26000003,2661866.3475999986,9452,2009-12-01
2009,12,Male,Less than HS,7657957.173400005,1309738.8505999998,2908,2009-12-01
2009,12,Male,Some college,18048066.84639992,1760194.722899998,8114,2009-12-01
2009,12,Female,Bachelor's+,22067287.56200007,1070612.6686000004,10193,2009-12-01
2009,12,Female,HS diploma,16468441.40499997,1387014.0582000013,7683,2009-12-01
2009,12,Female,Less than HS,4380403.822499996,594622.9773000003,1839,2009-12-01
2009,12,Female,Some college,18742043.625400033,1406192.670300002,8774,2009-12-01
2010,1,Male,Bachelor's+,23807619.640900142,1268067.2264000007,10745,2010-01-01
2010,1,Male,HS diploma,21540645.547400042,2897735.2685,9546,2010-01-01
2010,1,Male,Less than HS,7619846.035099993,1446290.1420000023,2947,2010-01-01
2010,1,Male,Some college,17905511.41360002,1887798.2821999975,8159,2010-01-01
2010,1,Female,Bachelor's+,22160280.32759991,1081537.484699999,10361,2010-01-01
2010,1,Female,HS diploma,16775598.143099992,1517820.8737999995,7788,2010-01-01
2010,1,Female,Less than HS,4418698.734399998,679426.5439000002,1900,2010-01-01
2010,1,Female,Some college,18703213.14050003,1408240.5588999996,8838,2010-01-01
2010,2,Male,Bachelor's+,23682452.199799906,1286999.3000999999,10755,2010-02-01
2010,2,Male,HS diploma,22073167.219800018,3105763.4226000025,9808,2010-02-01
2010,2,Male,Less than HS,7237208.185000003,1367355.0352,2840,2010-02-01
2010,2,Male,Some college,18055094.962300006,1756980.5345999992,8326,2010-02-01
2010,2,Female,Bachelor's+,21974828.74089982,995144.0892000005,10357,2010-02-01
2010,2,Female,HS diploma,17038836.825899947,1553289.9723,7935,2010-02-01
2010,2,Female,Less than HS,4198461.490499993,675258.5519999992,1830,2010-02-01
2010,2,Female,Some college,18774569.100099925,1351067.2364000003,8892,2010-02-01
2010,3,Male,Bachelor's+,23641565.482800122,1209471.8459999978,10629,2010-03-01
2010,3,Male,HS diploma,22049829.694000073,3093637.0133999973,9767,2010-03-01
2010,3,Male,Less than HS,7607602.940700025,1323420.036700001,2999,2010-03-01
2010,3,Male,Some college,17998160.5528,1813994.5105,8179,2010-03-01
2010,3,Female,Bachelor's+,22144404.706700034,983083.7369000001,10363,2010-03-01
2010,3,Female,HS diploma,17167092.45660008,1628815.586799999,7890,2010-03-01
2010,3,Female,Less than HS,4188497.7591000013,606016.2254999998,1824,2010-03-01
2010,3,Female,Some college,18605804.137600068,1392118.2626,8664,2010-03-01
2010,4,Male,Bachelor's+,23548834.038699858,1077892.9664999994,10628,2010-04-01
2010,4,Male,HS diploma,21793575.67769998,2616766.343799994,9813,2010-04-01
2010,4,Male,Less than HS,7823995.435599996,1173856.7165000008,3115,2010-04-01
2010,4,Male,Some college,18077230.837200016,1569878.6182000006,8257,2010-04-01
2010,4,Female,Bachelor's+,22308129.042800043,955135.8465000001,10509,2010-04-01
2010,4,Female,HS diploma,17017878.12659998,1484501.4941000012,7947,2010-04-01
2010,4,Female,Less than HS,4395520.245799995,626182.0239999994,1934,2010-04-01
2010,4,Female,Some college,18496761.01640004,1425685.3900000008,8751,2010-04-01
2010,5,Male,Bachelor's+,23368452.853400085,1015590.6986000002,10511,2010-05-01
2010,5,Male,HS diploma,21639502.057400037,2478223.149899999,9634,2010-05-01
2010,5,Male,Less than HS,7875317.475799982,1095935.1604999995,3115,2010-05-01
2010,5,Male,Some college,18296862.208700012,1521662.3934999988,8202,2010-05-01
2010,5,Female,Bachelor's+,22205122.407399997,1008833.6285999992,10414,2010-05-01
2010,5,Female,HS diploma,16691501.10389994,1488020.2091000008,7806,2010-05-01
2010,5,Female,Less than HS,4442506.6601,595029.4206000001,1958,2010-05-01
2010,5,Female,Some college,18382743.112199973,1366975.0701000004,8653,2010-05-01
2010,6,Male,Bachelor's+,23701974.681500115,1021177.2060999998,10539,2010-06-01
2010,6,Male,HS diploma,21252217.17379995,2328607.405300001,9512,2010-06-01
2010,6,Male,Less than HS,7910343.021599986,1016552.1734000001,3074,2010-06-01
2010,6,Male,Some college,18129486.65340002,1558614.2707,8107,2010-06-01
2010,6,Female,Bachelor's+,22291956.35540002,1036520.5535000007,10443,2010-06-01
2010,6,Female,HS diploma,16543068.655499956,1463607.4357999992,7707,2010-06-01
2010,6,Female,Less than HS,4425143.305599998,590734.5372999999,1927,2010-06-01
2010,6,Female,Some college,18308555.716700017,1434179.8878999993,8555,2010-06-01
2010,7,Male,Bachelor's+,23725054.142400052,1143553.0069,10558,2010-07-01
2010,7,Male,HS diploma,21310171.428900052,2115145.8734999984,9531,2010-07-01
2010,7,Male,Less than HS,7599692.476600001,972450.0867000005,2917,2010-07-01
2010,7,Male,Some college,18497228.663900048,1600735.4808999998,8234,2010-07-01
2010,7,Female,Bachelor's+,22412628.406500082,1179158.5172000004,10462,2010-07-01
2010,7,Female,HS diploma,16361157.133300032,1643082.4282000002,7632,2010-07-01
2010,7,Female,Less than HS,4239376.4929,576985.7822,1796,2010-07-01
2010,7,Female,Some college,18455850.51139996,1588786.1301,8656,2010-07-01
2010,8,Male,Bachelor's+,23750430.24619979,1105258.8018999996,10584,2010-08-01
2010,8,Male,HS diploma,21711607.48579999,2200874.2657999992,9606,2010-08-01
2010,8,Male,Less than HS,7472643.270400008,930270.181099999,2885,2010-08-01
2010,8,Male,Some college,18468596.57359991,1705515.8055000002,8277,2010-08-01
2010,8,Female,Bachelor's+,22087941.136499982,1176866.5531999993,10363,2010-08-01
2010,8,Female,HS diploma,16540703.827600114,1521369.2814000018,7688,2010-08-01
2010,8,Female,Less than HS,4299879.316399996,643448.5989999998,1831,2010-08-01
2010,8,Female,Some college,18676252.571800098,1638618.7724000015,8751,2010-08-01
2010,9,Male,Bachelor's+,24131300.963399917,1056667.6324999994,10654,2010-09-01
2010,9,Male,HS diploma,21465511.04800002,2115037.7622999963,9518,2010-09-01
2010,9,Male,Less than HS,7498211.858500008,1044152.5016000005,2910,2010-09-01
2010,9,Male,Some college,18301301.483799983,1683926.2301,8183,2010-09-01
2010,9,Female,Bachelor's+,22526765.271799847,1042364.1481000001,10496,2010-09-01
2010,9,Female,HS diploma,16616684.36860003,1444058.929599999,7648,2010-09-01
2010,9,Female,Less than HS,4371269.737199998,671208.4567,1845,2010-09-01
2010,9,Female,Some college,18765045.971400067,1578939.6107999997,8742,2010-09-01
2010,10,Male,Bachelor's+,23908862.54210001,1091347.0968000002,10608,2010-10-01
2010,10,Male,HS diploma,21453652.63530003,2093237.4680999974,9502,2010-10-01
2010,10,Male,Less than HS,7306819.148400001,952075.8807999993,2862,2010-10-01
2010,10,Male,Some college,18507042.542599995,1543454.1719999993,8288,2010-10-01
2010,10,Female,Bachelor's+,22612806.556199986,992338.3926999996,10499,2010-10-01
2010,10,Female,HS diploma,16261981.070300004,1387437.5521000011,7557,2010-10-01
2010,10,Female,Less than HS,4234970.306599996,676066.8623000002,1782,2010-10-01
2010,10,Female,Some college,18996385.85730002,1498125.846600002,8759,2010-10-01
2010,11,Male,Bachelor's+,23862984.91230016,1181380.3756,10554,2010-11-01
2010,11,Male,HS diploma,21463472.632700108,2162579.8268999998,9455,2010-11-01
2010,11,Male,Less than HS,7384302.026400017,1146411.9447000008,2866,2010-11-01
2010,11,Male,Some college,18351022.231500134,1605712.6215,8173,2010-11-01
2010,11,Female,Bachelor's+,22447897.024800032,1055162.2643000002,10415,2010-11-01
2010,11,Female,HS diploma,16362056.800599977,1482468.3488000005,7545,2010-11-01
2010,11,Female,Less than HS,4366266.605900004,661862.1492999999,1844,2010-11-01
2010,11,Female,Some college,18989025.1926,1494708.9629999986,8780,2010-11-01
2010,12,Male,Bachelor's+,23904431.730200004,1129268.0255000002,10622,2010-12-01
2010,12,Male,HS diploma,21710623.605900057,2363711.1104999995,9573,2010-12-01
2010,12,Male,Less than HS,7484214.66430001,1256261.3819000004,2857,2010-12-01
2010,12,Male,Some college,18041733.76910001,1577695.0534000008,8086,2010-12-01
2010,12,Female,Bachelor's+,22481257.86760004,1031579.4344000001,10443,2010-12-01
2010,12,Female,HS diploma,16601533.319200024,1443298.4994,7627,2010-12-01
2010,12,Female,Less than HS,4302690.555999999,616219.7149,1804,2010-12-01
2010,12,Female,Some college,18791960.832899965,1349281.2056000005,8714,2010-12-01
2011,1,Male,Bachelor's+,23996398.12329992,1168573.1677,10639,2011-01-01
2011,1,Male,HS diploma,21545739.80550004,2567053.2122999993,9491,2011-01-01
2011,1,Male,Less than HS,7189737.353900009,1220671.518600001,2823,2011-01-01
2011,1,Male,Some college,17897897.20899998,1669878.9123999989,8053,2011-01-01
2011,1,Female,Bachelor's+,22420976.643000245,922223.9561000005,10487,2011-01-01
2011,1,Female,HS diploma,16304142.52340002,1476740.2077000018,7564,2011-01-01
2011,1,Female,Less than HS,4269680.169299989,675658.1392999997,1808,2011-01-01
2011,1,Female,Some college,18931101.057700146,1476767.811900001,8721,2011-01-01
2011,2,Male,Bachelor's+,24175791.0465999,1137701.1872000007,10688,2011-02-01
2011,2,Male,HS diploma,21628172.298899937,2570424.539000003,9459,2011-02-01
2011,2,Male,Less than HS,7061086.140800006,1142204.9863999998,2756,2011-02-01
2011,2,Male,Some college,18157059.06129995,1619126.3581,8093,2011-02-01
2011,2,Female,Bachelor's+,22529355.524200026,911475.654099999,10446,2011-02-01
2011,2,Female,HS diploma,16329483.204699982,1513581.266199999,7492,2011-02-01
2011,2,Female,Less than HS,4026624.4735000003,616589.4538999998,1726,2011-02-01
2011,2,Female,Some college,18913015.15629994,1416100.6055999992,8659,2011-02-01
2011,3,Male,Bachelor's+,24301321.15760008,1070105.6344000006,10710,2011-03-01
2011,3,Male,HS diploma,21378980.67200013,2535583.4558999995,9301,2011-03-01
2011,3,Male,Less than HS,7498419.261199995,1172975.4147000003,2924,2011-03-01
2011,3,Male,Some college,17840159.362500127,1485287.8011000003,7860,2011-03-01
2011,3,Female,Bachelor's+,22819363.12699996,964985.1854000011,10500,2011-03-01
2011,3,Female,HS diploma,16274140.742199916,1416990.918399999,7402,2011-03-01
2011,3,Female,Less than HS,4066419.3350999947,581608.3135999999,1748,2011-03-01
2011,3,Female,Some college,18777294.16409998,1332522.9910000006,8531,2011-03-01
2011,4,Male,Bachelor's+,24271657.46180001,1006925.8508999998,10740,2011-04-01
2011,4,Male,HS diploma,21370602.25140012,2216574.662900001,9361,2011-04-01
2011,4,Male,Less than HS,7520605.7693000045,1118088.1363000001,2948,2011-04-01
2011,4,Male,Some college,17727600.739100076,1318629.6209000002,7880,2011-04-01
2011,4,Female,Bachelor's+,22756527.77089998,932250.0469000007,10582,2011-04-01
2011,4,Female,HS diploma,16219023.458099956,1408354.8568000004,7452,2011-04-01
2011,4,Female,Less than HS,4185944.8975000065,589609.253,1812,2011-04-01
2011,4,Female,Some college,18839215.034900073,1325883.1848000004,8572,2011-04-01
2011,5,Male,Bachelor's+,24112378.88599993,1039951.8145000003,10701,2011-05-01
2011,5,Male,HS diploma,21501889.409999967,2084035.3798999977,9420,2011-05-01
2011,5,Male,Less than HS,7528354.940300018,1016936.081,2948,2011-05-01
2011,5,Male,Some college,18198500.817699965,1354246.3672999996,8065,2011-05-01
2011,5,Female,Bachelor's+,22768981.125400096,968569.3779000003,10631,2011-05-01
2011,5,Female,HS diploma,16258369.70409993,1366247.3837000001,7510,2011-05-01
2011,5,Female,Less than HS,4143533.659399999,593865.9460000001,1784,2011-05-01
2011,5,Female,Some college,18535813.91899993,1417492.9007000013,8593,2011-05-01
2011,6,Male,Bachelor's+,24145281.57530009,1061341.3687000012,10553,2011-06-01
2011,6,Male,HS diploma,21155381.011199992,2089492.4364,9240,2011-06-01
2011,6,Male,Less than HS,7489319.325800002,973098.0704999998,2920,2011-06-01
2011,6,Male,Some college,18304662.508600064,1540971.2534000005,8014,2011-06-01
2011,6,Female,Bachelor's+,22563053.18029991,989819.0838000001,10431,2011-06-01
2011,6,Female,HS diploma,16265163.830099989,1490770.654,7445,2011-06-01
2011,6,Female,Less than HS,4178061.2353000045,574384.7971000001,1781,2011-06-01
2011,6,Female,Some college,18258717.563299894,1538326.8372999995,8348,2011-06-01
2011,7,Male,Bachelor's+,24037597.459599935,1032285.8338000011,10455,2011-07-01
2011,7,Male,HS diploma,21036173.12750011,1951922.8275000022,9187,2011-07-01
2011,7,Male,Less than HS,7493644.564600004,1010155.7538999988,2850,2011-07-01
2011,7,Male,Some college,18470246.81819992,1553286.4879000005,8132,2011-07-01
2011,7,Female,Bachelor's+,22592115.825900003,1172845.0284000004,10451,2011-07-01
2011,7,Female,HS diploma,16114019.367499985,1465062.4228000012,7364,2011-07-01
2011,7,Female,Less than HS,4126584.8015999994,648386.3362000003,1696,2011-07-01
2011,7,Female,Some college,18262881.533500046,1601545.638599999,8426,2011-07-01
2011,8,Male,Bachelor's+,24254188.560499854,1020206.7723999991,10538,2011-08-01
2011,8,Male,HS diploma,20812044.09570003,1883431.2989999983,9070,2011-08-01
2011,8,Male,Less than HS,7419523.824000018,880907.1953,2862,2011-08-01
2011,8,Male,Some college,18679349.948600024,1519612.107799999,8158,2011-08-01
2011,8,Female,Bachelor's+,22617439.957300104,1153343.4951999986,10438,2011-08-01
2011,8,Female,HS diploma,16143106.843499966,1473268.9617999997,7378,2011-08-01
2011,8,Female,Less than HS,4237866.090199997,678332.2961000003,1745,2011-08-01
2011,8,Female,Some college,18517640.12530003,1659546.6718999993,8459,2011-08-01
2011,9,Male,Bachelor's+,24290084.942399725,982287.4402000002,10663,2011-09-01
2011,9,Male,HS diploma,20996880.082299896,1916823.4969000006,9186,2011-09-01
2011,9,Male,Less than HS,7504124.086199997,918825.1661999999,2903,2011-09-01
2011,9,Male,Some college,18541904.092499875,1463073.6847999985,8079,2011-09-01
2011,9,Female,Bachelor's+,22810197.225800067,1016013.0224000011,10595,2011-09-01
2011,9,Female,HS diploma,16343070.034900019,1512067.4339999997,7545,2011-09-01
2011,9,Female,Less than HS,4368097.569400005,634831.9775000006,1811,2011-09-01
2011,9,Female,Some college,18745339.593399923,1663019.3770000003,8561,2011-09-01
2011,10,Male,Bachelor's+,24507853.53049999,1040950.2969000002,10794,2011-10-01
2011,10,Male,HS diploma,21057055.773300048,1960848.2748000023,9243,2011-10-01
2011,10,Male,Less than HS,7327718.319800008,840392.6088999999,2840,2011-10-01
2011,10,Male,Some college,18515835.440099996,1440679.8070000017,8118,2011-10-01
2011,10,Female,Bachelor's+,22915976.66040006,973582.065500001,10674,2011-10-01
2011,10,Female,HS diploma,16197386.311599977,1338918.8657999989,7472,2011-10-01
2011,10,Female,Less than HS,4303833.192499996,640484.16090000025,1785,2011-10-01
2011,10,Female,Some college,18712266.246099908,1572335.888800001,8584,2011-10-01
2011,11,Male,Bachelor's+,24388626.51949998,1032195.3167000005,10721,2011-11-01
2011,11,Male,HS diploma,21033157.053599965,1851085.782900001,9164,2011-11-01
2011,11,Male,Less than HS,7464780.279999995,902837.4301999997,2822,2011-11-01
2011,11,Male,Some college,18508646.022199977,1282880.411899999,8081,2011-11-01
2011,11,Female,Bachelor's+,22843134.976999957,970316.5205999998,10557,2011-11-01
2011,11,Female,HS diploma,16161498.138000045,1310544.3095999986,7330,2011-11-01
2011,11,Female,Less than HS,4249848.308300004,604369.4126000002,1756,2011-11-01
2011,11,Female,Some college,18675725.06949985,1471425.172199998,8453,2011-11-01
2011,12,Male,Bachelor's+,24309705.208500046,1006928.1151999995,10674,2011-12-01
2011,12,Male,HS diploma,21193487.305500116,1963735.061199999,9244,2011-12-01
2011,12,Male,Less than HS,7428166.037799987,1019478.4242999998,2771,2011-12-01
2011,12,Male,Some college,18484686.9625999,1330955.5095000009,8049,2011-12-01
2011,12,Female,Bachelor's+,22886529.11850009,884479.3353000002,10526,2011-12-01
2011,12,Female,HS diploma,16028555.213500084,1313146.1273000005,7262,2011-12-01
2011,12,Female,Less than HS,4331794.160399999,678457.1213,1785,2011-12-01
2011,12,Female,Some college,18673802.792800117,1436731.7719999994,8468,2011-12-01
2012,1,Male,Bachelor's+,24428675.274200097,1079668.3501,10717,2012-01-01
2012,1,Male,HS diploma,21084750.70269994,2103654.381500001,9228,2012-01-01
2012,1,Male,Less than HS,7110214.3247999875,1034522.7202000007,2717,2012-01-01
2012,1,Male,Some college,18293566.409200042,1347114.4841999991,8024,2012-01-01
2012,1,Female,Bachelor's+,23144400.96139999,1036803.1854999998,10581,2012-01-01
2012,1,Female,HS diploma,15991983.811200006,1422054.5695999982,7122,2012-01-01
2012,1,Female,Less than HS,4286883.9659999935,668143.6095999996,1735,2012-01-01
2012,1,Female,Some college,19028921.2710999,1483784.7366,8553,2012-01-01
2012,2,Male,Bachelor's+,24624598.23530007,1101041.0263,10832,2012-02-01
2012,2,Male,HS diploma,21035916.26449994,2089404.3468000002,9123,2012-02-01
2012,2,Male,Less than HS,6977519.603100004,982850.3090999994,2636,2012-02-01
2012,2,Male,Some college,18627423.179300003,1312378.7734000003,8130,2012-02-01
2012,2,Female,Bachelor's+,23347622.51839996,955484.8659,10672,2012-02-01
2012,2,Female,HS diploma,16072206.936100025,1359434.4411000013,7118,2012-02-01
2012,2,Female,Less than HS,4155309.7753000027,673021.0036,1666,2012-02-01
2012,2,Female,Some college,18995726.307399992,1545604.7357999992,8545,2012-02-01
2012,3,Male,Bachelor's+,24918173.420500055,1101128.9342999994,10824,2012-03-01
2012,3,Male,HS diploma,20859312.000399973,2046893.222,9026,2012-03-01
2012,3,Male,Less than HS,6990244.813900002,920669.8055999996,2666,2012-03-01
2012,3,Male,Some college,18628091.706100002,1462146.8079000004,8077,2012-03-01
2012,3,Female,Bachelor's+,23546272.587199952,911242.3965,10660,2012-03-01
2012,3,Female,HS diploma,15827793.076199958,1206890.8915999995,7052,2012-03-01
2012,3,Female,Less than HS,4377166.202300002,654061.0690000001,1766,2012-03-01
2012,3,Female,Some college,18819329.957999967,1456207.8086000006,8403,2012-03-01
2012,4,Male,Bachelor's+,24657062.719000038,880658.0757000009,10852,2012-04-01
2012,4,Male,HS diploma,20871175.37639998,1719903.4458999995,9058,2012-04-01
2012,4,Male,Less than HS,7107829.091599982,819801.7665000004,2761,2012-04-01
2012,4,Male,Some college,18397460.55520011,1391192.4734000007,8098,2012-04-01
2012,4,Female,Bachelor's+,23475178.285400122,901024.5429999998,10735,2012-04-01
2012,4,Female,HS diploma,15983146.099000065,1164559.4785999998,7147,2012-04-01
2012,4,Female,Less than HS,4405257.067999998,616632.9059,1788,2012-04-01
2012,4,Female,Some college,18663380.287999965,1353577.291000001,8448,2012-04-01
2012,5,Male,Bachelor's+,24545610.861999955,942514.0386,10713,2012-05-01
2012,5,Male,HS diploma,21159491.859099895,1642491.3671,9099,2012-05-01
2012,5,Male,Less than HS,7409107.280600003,849248.5906000002,2812,2012-05-01
2012,5,Male,Some college,18431929.2241999,1384943.5081999998,8108,2012-05-01
2012,5,Female,Bachelor's+,23767987.595300037,865774.5935000001,10796,2012-05-01
2012,5,Female,HS diploma,16032223.520700015,1271255.6266999978,7106,2012-05-01
2012,5,Female,Less than HS,4270837.903699999,593326.3285,1743,2012-05-01
2012,5,Female,Some college,18558350.41330005,1403515.1979000012,8338,2012-05-01
2012,6,Male,Bachelor's+,24285298.686800066,895502.5738,10620,2012-06-01
2012,6,Male,HS diploma,21046621.871000145,1643965.1671000004,9101,2012-06-01
2012,6,Male,Less than HS,7470535.398200001,822967.9276000002,2875,2012-06-01
2012,6,Male,Some college,18617383.874399986,1342861.2916,8249,2012-06-01
2012,6,Female,Bachelor's+,23499767.904000096,1074682.8498000002,10622,2012-06-01
2012,6,Female,HS diploma,15939924.008200008,1338462.259199999,7042,2012-06-01
2012,6,Female,Less than HS,4190028.3292000014,517753.6260999999,1731,2012-06-01
2012,6,Female,Some college,18721921.620199975,1420393.2887999995,8386,2012-06-01
2012,7,Male,Bachelor's+,24360108.60940006,917923.7236000004,10674,2012-07-01
2012,7,Male,HS diploma,21154873.787100065,1768533.5972999993,9136,2012-07-01
2012,7,Male,Less than HS,7364628.174800001,810171.9224,2804,2012-07-01
2012,7,Male,Some college,18525398.49859998,1226164.434899999,8176,2012-07-01
2012,7,Female,Bachelor's+,23293726.62670022,1242512.2608999999,10584,2012-07-01
2012,7,Female,HS diploma,15739145.231500037,1368076.346699999,6945,2012-07-01
2012,7,Female,Less than HS,4170766.942999998,609783.6673,1673,2012-07-01
2012,7,Female,Some college,18885738.99189991,1556481.4940000002,8467,2012-07-01
2012,8,Male,Bachelor's+,24821127.480999965,979542.2339000001,10818,2012-08-01
2012,8,Male,HS diploma,20896699.51339997,1697995.9974999998,9008,2012-08-01
2012,8,Male,Less than HS,7163158.827400011,737626.2859999996,2754,2012-08-01
2012,8,Male,Some college,18554390.889699943,1150958.4692,8067,2012-08-01
2012,8,Female,Bachelor's+,23661619.79329986,1204339.8914999994,10709,2012-08-01
2012,8,Female,HS diploma,15600587.145300068,1419232.3238000013,6901,2012-08-01
2012,8,Female,Less than HS,4059472.288400003,528530.8722000002,1638,2012-08-01
2012,8,Female,Some college,19002528.243599985,1451704.3033999992,8433,2012-08-01
2012,9,Male,Bachelor's+,24907386.95280003,911622.2438000002,10909,2012-09-01
2012,9,Male,HS diploma,20937702.817799993,1707268.6227000018,8998,2012-09-01
2012,9,Male,Less than HS,7148906.519700001,658679.2258000002,2723,2012-09-01
2012,9,Male,Some college,18682100.931499906,1130360.4344999995,8097,2012-09-01
2012,9,Female,Bachelor's+,23763422.243800078,1035121.3390999986,10760,2012-09-01
2012,9,Female,HS diploma,15666079.067899996,1303262.5521000007,6992,2012-09-01
2012,9,Female,Less than HS,4229722.725999992,524212.1473000002,1695,2012-09-01
2012,9,Female,Some college,19244680.197899938,1329001.2764,8549,2012-09-01
2012,10,Male,Bachelor's+,24947060.52089993,819308.5550000002,10955,2012-10-01
2012,10,Male,HS diploma,21102224.409600247,1599205.3436000021,9067,2012-10-01
2012,10,Male,Less than HS,7053492.998800007,724494.0213000003,2665,2012-10-01
2012,10,Male,Some college,18730899.730400026,1275326.7401999997,8055,2012-10-01
2012,10,Female,Bachelor's+,24080959.85489989,960276.1284000003,10849,2012-10-01
2012,10,Female,HS diploma,15579560.62089998,1267808.520399999,6982,2012-10-01
2012,10,Female,Less than HS,4135602.509199997,567639.5019000001,1647,2012-10-01
2012,10,Female,Some college,19298376.821199924,1345182.5486,8573,2012-10-01
2012,11,Male,Bachelor's+,25084485.436700076,852243.2551000001,11044,2012-11-01
2012,11,Male,HS diploma,20962250.39730005,1638811.6124000014,9132,2012-11-01
2012,11,Male,Less than HS,7054482.193599998,790851.3430999999,2660,2012-11-01
2012,11,Male,Some college,18617774.326599978,1235259.1358999992,8120,2012-11-01
2012,11,Female,Bachelor's+,23907114.682600126,985955.8321999995,10874,2012-11-01
2012,11,Female,HS diploma,15849459.908499978,1234026.4479000003,7105,2012-11-01
2012,11,Female,Less than HS,4061961.807499999,559769.8601999999,1639,2012-11-01
2012,11,Female,Some college,18866416.948400076,1155668.1534,8431,2012-11-01
2012,12,Male,Bachelor's+,25026729.05289991,885198.7803000001,10984,2012-12-01
2012,12,Male,HS diploma,21021444.898600053,1760876.8961000007,9122,2012-12-01
2012,12,Male,Less than HS,6963285.24539999,826655.8406999998,2577,2012-12-01
2012,12,Male,Some college,18655530.7887999,1325682.1276000002,8135,2012-12-01
2012,12,Female,Bachelor's+,23760308.98900011,996718.9968999997,10710,2012-12-01
2012,12,Female,HS diploma,15918062.240200024,1256304.0437,7045,2012-12-01
2012,12,Female,Less than HS,4210366.527400004,574357.3843999994,1656,2012-12-01
2012,12,Female,Some college,18732076.632300127,1188714.1746999994,8380,2012-12-01
2013,1,Male,Bachelor's+,25126672.147300024,914175.8185000005,11023,2013-01-01
2013,1,Male,HS diploma,21008711.132399976,2053369.2033999974,9056,2013-01-01
2013,1,Male,Less than HS,6889466.3703000005,982153.6808999997,2583,2013-01-01
2013,1,Male,Some college,18551396.263200033,1412583.6250999994,8136,2013-01-01
2013,1,Female,Bachelor's+,23877030.21760008,1017170.5690999998,10856,2013-01-01
2013,1,Female,HS diploma,15721381.753399994,1328149.1994000007,6992,2013-01-01
2013,1,Female,Less than HS,4169242.194499999,574316.1706000001,1659,2013-01-01
2013,1,Female,Some college,18689311.27550002,1351231.0606999993,8363,2013-01-01
2013,2,Male,Bachelor's+,25500185.917800043,974564.0479,11034,2013-02-01
2013,2,Male,HS diploma,20799217.781700045,2064914.5566,8932,2013-02-01
2013,2,Male,Less than HS,6872911.251099997,835756.3284000001,2565,2013-02-01
2013,2,Male,Some college,18611750.835900024,1279292.6169000003,8070,2013-02-01
2013,2,Female,Bachelor's+,24135583.69409995,979625.859199999,10816,2013-02-01
2013,2,Female,HS diploma,15501343.66880001,1166637.0689000005,6817,2013-02-01
2013,2,Female,Less than HS,4019104.3660999993,553730.0332,1578,2013-02-01
2013,2,Female,Some college,18922528.947599992,1331417.5684999998,8362,2013-02-01
2013,3,Male,Bachelor's+,25538546.798600066,967470.551500001,10920,2013-03-01
2013,3,Male,HS diploma,20487289.559200153,1824055.3318000014,8729,2013-03-01
2013,3,Male,Less than HS,7108149.008699987,788969.2683000006,2616,2013-03-01
2013,3,Male,Some college,18541211.571200054,1164787.6517999994,7968,2013-03-01
2013,3,Female,Bachelor's+,24124132.206299875,888367.5838000005,10688,2013-03-01
2013,3,Female,HS diploma,15656577.366499953,1192498.5876000002,6834,2013-03-01
2013,3,Female,Less than HS,4077448.510599996,547887.9963000001,1592,2013-03-01
2013,3,Female,Some college,18759306.455799922,1243275.6525000005,8263,2013-03-01
2013,4,Male,Bachelor's+,25438074.82470013,919475.7962999993,10984,2013-04-01
2013,4,Male,HS diploma,20529082.38249991,1598311.8396000005,8837,2013-04-01
2013,4,Male,Less than HS,7169805.3874000115,772014.1218999999,2690,2013-04-01
2013,4,Male,Some college,18586353.72020004,1148135.0308000003,8098,2013-04-01
2013,4,Female,Bachelor's+,24307180.549800035,863520.2492999993,10911,2013-04-01
2013,4,Female,HS diploma,15788613.68340003,1029929.3289000008,6957,2013-04-01
2013,4,Female,Less than HS,3930811.961999994,488146.2404000003,1580,2013-04-01
2013,4,Female,Some college,18522996.03070018,1092517.1016000002,8310,2013-04-01
2013,5,Male,Bachelor's+,25227050.502799798,940693.7475999995,10938,2013-05-01
2013,5,Male,HS diploma,20716192.68339998,1538209.3623,8943,2013-05-01
2013,5,Male,Less than HS,7396443.666600005,662786.4979000002,2799,2013-05-01
2013,5,Male,Some college,18560447.674699966,1234491.1282999995,8126,2013-05-01
2013,5,Female,Bachelor's+,24309783.45989987,832056.3038999999,10890,2013-05-01
2013,5,Female,HS diploma,15903630.299399974,1022337.8964000002,6983,2013-05-01
2013,5,Female,Less than HS,4103964.9626999986,535853.0797000001,1644,2013-05-01
2013,5,Female,Some college,18782298.363899983,1143426.537700001,8445,2013-05-01
2013,6,Male,Bachelor's+,25245573.641999993,969388.9012000004,10842,2013-06-01
2013,6,Male,HS diploma,20753141.060000017,1527469.7480999995,8857,2013-06-01
2013,6,Male,Less than HS,7423148.993300014,587714.1730000001,2767,2013-06-01
2013,6,Male,Some college,18406598.665200006,1072344.9612999996,8030,2013-06-01
2013,6,Female,Bachelor's+,24138491.227500003,978969.9065999995,10718,2013-06-01
2013,6,Female,HS diploma,15718251.006700013,1143800.0365999995,6831,2013-06-01
2013,6,Female,Less than HS,3999645.4451000025,517735.1704999998,1598,2013-06-01
2013,6,Female,Some college,18745272.713399947,1338432.2746999995,8316,2013-06-01
2013,7,Male,Bachelor's+,25084634.80559982,984541.1114000009,10787,2013-07-01
2013,7,Male,HS diploma,21095574.19949996,1607145.1141999995,8922,2013-07-01
2013,7,Male,Less than HS,7124114.7503999965,632877.4863000001,2610,2013-07-01
2013,7,Male,Some college,18479461.547099967,1048163.9235999993,7898,2013-07-01
2013,7,Female,Bachelor's+,23970610.963499714,1069010.2451999998,10625,2013-07-01
2013,7,Female,HS diploma,15773875.762900025,1146337.9379000007,6809,2013-07-01
2013,7,Female,Less than HS,3792806.663599998,544659.1070999997,1481,2013-07-01
2013,7,Female,Some college,18945065.425800018,1286967.9561000003,8353,2013-07-01
2013,8,Male,Bachelor's+,25077082.283400048,889076.6973000003,10853,2013-08-01
2013,8,Male,HS diploma,20817899.817299847,1576787.0114999993,8828,2013-08-01
2013,8,Male,Less than HS,7031225.381500009,646349.4884000006,2602,2013-08-01
2013,8,Male,Some college,18673093.854099832,1110258.1687999996,7922,2013-08-01
2013,8,Female,Bachelor's+,24066879.78450008,964110.8198000012,10706,2013-08-01
2013,8,Female,HS diploma,15590656.99530007,1080644.6295,6779,2013-08-01
2013,8,Female,Less than HS,3887090.263299996,505810.1185999999,1554,2013-08-01
2013,8,Female,Some college,19187270.010300085,1260781.4159,8406,2013-08-01
2013,9,Male,Bachelor's+,25120092.98680003,888718.7391999998,10878,2013-09-01
2013,9,Male,HS diploma,20922218.42920009,1582883.8719999983,8935,2013-09-01
2013,9,Male,Less than HS,6994711.108400013,571938.8867999997,2570,2013-09-01
2013,9,Male,Some college,18721438.734999977,1110153.2124000003,7901,2013-09-01
2013,9,Female,Bachelor's+,24223882.2166999,918310.2869999998,10874,2013-09-01
2013,9,Female,HS diploma,15683236.947199987,1092258.9373999992,6887,2013-09-01
2013,9,Female,Less than HS,3987184.1703000017,463718.4855999996,1577,2013-09-01
2013,9,Female,Some college,19053988.138000034,1133497.4566999981,8376,2013-09-01
2013,10,Male,Bachelor's+,25221404.571499825,868956.8017999998,10919,2013-10-01
2013,10,Male,HS diploma,20646607.377000004,1438455.4135999982,8893,2013-10-01
2013,10,Male,Less than HS,6737260.699699988,662079.0030999999,2489,2013-10-01
2013,10,Male,Some college,18795522.48089995,1204891.5365000013,7948,2013-10-01
2013,10,Female,Bachelor's+,24510669.87439986,969194.8061000011,10993,2013-10-01
2013,10,Female,HS diploma,15606900.872199994,1024662.7686000005,6893,2013-10-01
2013,10,Female,Less than HS,3856621.1045000013,421147.0752,1539,2013-10-01
2013,10,Female,Some college,18796425.069000028,1205299.896399999,8335,2013-10-01
2013,11,Male,Bachelor's+,25445210.86570008,833853.1651,10922,2013-11-01
2013,11,Male,HS diploma,20603147.73789997,1500234.5332000006,8849,2013-11-01
2013,11,Male,Less than HS,6922298.917500016,694887.1479,2518,2013-11-01
2013,11,Male,Some college,18779922.338700034,1208569.7884,7899,2013-11-01
2013,11,Female,Bachelor's+,24538971.175900076,795052.7587000001,10977,2013-11-01
2013,11,Female,HS diploma,15418429.384799952,1022308.5542,6798,2013-11-01
2013,11,Female,Less than HS,4002938.340600004,472766.69209999975,1556,2013-11-01
2013,11,Female,Some college,18691266.75080004,1108406.747,8231,2013-11-01
2013,12,Male,Bachelor's+,25367316.520699926,822318.2767000006,10853,2013-12-01
2013,12,Male,HS diploma,20857036.772599954,1542933.2358000008,8983,2013-12-01
2013,12,Male,Less than HS,6835206.141899993,675436.1930999998,2506,2013-12-01
2013,12,Male,Some college,18361870.58720003,1159300.2286999996,7836,2013-12-01
2013,12,Female,Bachelor's+,24289405.025099833,742779.1918999999,10849,2013-12-01
2013,12,Female,HS diploma,15684678.497300096,1056752.4211000009,6856,2013-12-01
2013,12,Female,Less than HS,3942820.0540000037,454757.97889999987,1536,2013-12-01
2013,12,Female,Some college,18603543.304899935,1053758.9788000004,8201,2013-12-01
2014,1,Male,Bachelor's+,25608094.11400009,919689.0579000005,10932,2014-01-01
2014,1,Male,HS diploma,20631926.90519986,1689093.5599,8826,2014-01-01
2014,1,Male,Less than HS,6819413.677899998,721794.4688999999,2503,2014-01-01
2014,1,Male,Some college,18313857.503499918,1173869.2851,7859,2014-01-01
2014,1,Female,Bachelor's+,24795849.98169997,777378.7098000005,11045,2014-01-01
2014,1,Female,HS diploma,15405938.349600019,960176.1742000009,6764,2014-01-01
2014,1,Female,Less than HS,4009118.058799996,497516.58389999985,1567,2014-01-01
2014,1,Female,Some college,18503371.32369993,1167459.3060000017,8180,2014-01-01
2014,2,Male,Bachelor's+,25683322.141299956,945011.9646000003,10989,2014-02-01
2014,2,Male,HS diploma,20647887.416399844,1676804.5461999993,8703,2014-02-01
2014,2,Male,Less than HS,6946305.190100004,712902.1652,2536,2014-02-01
2014,2,Male,Some college,18403820.93230005,1195447.8711999995,7820,2014-02-01
2014,2,Female,Bachelor's+,24940402.7148,809652.1903000004,11056,2014-02-01
2014,2,Female,HS diploma,15461288.884599976,940613.6167999995,6730,2014-02-01
2014,2,Female,Less than HS,3892126.787399994,504817.5512,1496,2014-02-01
2014,2,Female,Some college,18928717.848599996,1211548.3417999998,8270,2014-02-01
2014,3,Male,Bachelor's+,25402139.79950009,860393.3836,10744,2014-03-01
2014,3,Male,HS diploma,20830801.818300024,1534942.8217999984,8692,2014-03-01
2014,3,Male,Less than HS,7195398.8628999945,657334.0561000003,2597,2014-03-01
2014,3,Male,Some college,18501442.67079997,1146577.0680999996,7755,2014-03-01
2014,3,Female,Bachelor's+,25067201.118900128,855274.4030000005,10893,2014-03-01
2014,3,Female,HS diploma,15568409.475799948,979170.9837000001,6708,2014-03-01
2014,3,Female,Less than HS,3990793.869100001,500193.3718999998,1528,2014-03-01
2014,3,Female,Some college,18677941.37460005,1147084.9791,8141,2014-03-01
2014,4,Male,Bachelor's+,25479981.008699916,765909.1520000002,10781,2014-04-01
2014,4,Male,HS diploma,20738936.074800055,1324520.1590000002,8662,2014-04-01
2014,4,Male,Less than HS,7105932.879499982,551544.5907000002,2607,2014-04-01
2014,4,Male,Some college,18557237.0557001,1005700.5658,7798,2014-04-01
2014,4,Female,Bachelor's+,24975376.17329992,759375.3739999998,10931,2014-04-01
2014,4,Female,HS diploma,15549467.787299996,850729.4239999995,6669,2014-04-01
2014,4,Female,Less than HS,3893895.778399998,400757.5285000001,1511,2014-04-01
2014,4,Female,Some college,18776787.629900042,1024209.3169000003,8252,2014-04-01
2014,5,Male,Bachelor's+,25397067.96140009,742145.2585000005,10806,2014-05-01
2014,5,Male,HS diploma,20912483.590499956,1265208.525700001,8878,2014-05-01
2014,5,Male,Less than HS,7148252.380800023,568977.1404,2661,2014-05-01
2014,5,Male,Some college,18746446.997900013,984865.7716000007,7976,2014-05-01
2014,5,Female,Bachelor's+,25032167.327499934,746733.8398000007,10952,2014-05-01
2014,5,Female,HS diploma,15501503.057600014,944742.1341999995,6733,2014-05-01
2014,5,Female,Less than HS,4029035.5235000025,389024.1557000002,1624,2014-05-01
2014,5,Female,Some college,18403987.16349988,992784.4969000006,8228,2014-05-01
2014,6,Male,Bachelor's+,25677404.576700043,795213.071,10836,2014-06-01
2014,6,Male,HS diploma,20910969.711800028,1146144.1644000015,8863,2014-06-01
2014,6,Male,Less than HS,6850717.126500009,519870.9742999999,2549,2014-06-01
2014,6,Male,Some college,18850460.61210001,909623.0749000002,8050,2014-06-01
2014,6,Female,Bachelor's+,24587568.735899996,898148.3326000001,10784,2014-06-01
2014,6,Female,HS diploma,15312595.023300005,864359.5135000005,6650,2014-06-01
2014,6,Female,Less than HS,3850359.9371999926,367294.813,1538,2014-06-01
2014,6,Female,Some college,18553495.47480003,1005183.2866999997,8208,2014-06-01
2014,7,Male,Bachelor's+,25486838.447500058,739472.2734000001,10791,2014-07-01
2014,7,Male,HS diploma,21231494.421499994,1257680.7471999992,8987,2014-07-01
2014,7,Male,Less than HS,6571720.994199999,518220.0257999998,2438,2014-07-01
2014,7,Male,Some college,18964706.030099936,901434.4707000002,8131,2014-07-01
2014,7,Female,Bachelor's+,24516644.58230002,1026258.7723000001,10819,2014-07-01
2014,7,Female,HS diploma,15165767.828700012,979213.640099999,6628,2014-07-01
2014,7,Female,Less than HS,3639526.917499992,469567.7019999999,1467,2014-07-01
2014,7,Female,Some college,19063320.172799975,1209193.2779000003,8423,2014-07-01
2014,8,Male,Bachelor's+,25417145.57740006,796214.3686000006,10794,2014-08-01
2014,8,Male,HS diploma,21051416.06239997,1245350.2543000004,8932,2014-08-01
2014,8,Male,Less than HS,6885328.041400001,493831.15349999996,2573,2014-08-01
2014,8,Male,Some college,18854180.547899965,927602.5215999999,8066,2014-08-01
2014,8,Female,Bachelor's+,24378067.083999958,1000464.0639000004,10729,2014-08-01
2014,8,Female,HS diploma,15294869.986899976,983878.9120000004,6758,2014-08-01
2014,8,Female,Less than HS,3751736.236899996,428595.1624999999,1512,2014-08-01
2014,8,Female,Some college,19072789.720499896,1171043.2000999998,8418,2014-08-01
2014,9,Male,Bachelor's+,25544123.03290002,700699.3433000002,10929,2014-09-01
2014,9,Male,HS diploma,20745356.44199998,1028694.0067000005,8885,2014-09-01
2014,9,Male,Less than HS,6923388.0404999945,416984.88100000005,2565,2014-09-01
2014,9,Male,Some college,18958884.560199913,896727.4652000001,8121,2014-09-01
2014,9,Female,Bachelor's+,24753111.98720015,796445.9734000007,10923,2014-09-01
2014,9,Female,HS diploma,15537094.579599988,878299.9186000001,6787,2014-09-01
2014,9,Female,Less than HS,3868883.3229999985,389881.19290000014,1508,2014-09-01
2014,9,Female,Some college,18852166.10479999,1123574.3097,8322,2014-09-01
2014,10,Male,Bachelor's+,25446904.351400048,714530.482,11002,2014-10-01
2014,10,Male,HS diploma,20761616.901700087,1094614.3298000002,9107,2014-10-01
2014,10,Male,Less than HS,6924152.229299995,413206.51029999997,2612,2014-10-01
2014,10,Male,Some college,18887147.45980008,876032.7859999998,8124,2014-10-01
2014,10,Female,Bachelor's+,25211124.985300083,790256.1719999998,11216,2014-10-01
2014,10,Female,HS diploma,15542649.342500027,867931.4236000007,6932,2014-10-01
2014,10,Female,Less than HS,3759826.9082000023,382976.62179999996,1514,2014-10-01
2014,10,Female,Some college,18841957.852000087,976145.7342999998,8476,2014-10-01
2014,11,Male,Bachelor's+,26012758.479799934,758795.0072000003,11119,2014-11-01
2014,11,Male,HS diploma,20144353.091799974,1166222.245500001,8801,2014-11-01
2014,11,Male,Less than HS,7235790.213899998,601167.0818000002,2741,2014-11-01
2014,11,Male,Some college,18656893.17910003,845973.9081999998,8040,2014-11-01
2014,11,Female,Bachelor's+,25460232.45500006,794758.3055000013,11244,2014-11-01
2014,11,Female,HS diploma,15375062.381100021,787958.9032999995,6843,2014-11-01
2014,11,Female,Less than HS,3939235.2665999923,365984.3777999999,1605,2014-11-01
2014,11,Female,Some college,18731390.152000044,900517.0570000001,8371,2014-11-01
2014,12,Male,Bachelor's+,26384580.392799977,766948.3185999999,11015,2014-12-01
2014,12,Male,HS diploma,20171566.98759991,1179089.0376000006,8646,2014-12-01
2014,12,Male,Less than HS,7120761.923500003,602000.8641000004,2652,2014-12-01
2014,12,Male,Some college,18572305.035799924,903391.5747999997,7888,2014-12-01
2014,12,Female,Bachelor's+,25554507.616699792,630956.5597,11044,2014-12-01
2014,12,Female,HS diploma,15227366.281899953,726797.8523000001,6670,2014-12-01
2014,12,Female,Less than HS,3918897.811999999,405578.3469000001,1563,2014-12-01
2014,12,Female,Some college,18429395.953199983,880338.5525000005,8125,2014-12-01
2015,1,Male,Bachelor's+,26219132.507900104,770760.2627999997,10936,2015-01-01
2015,1,Male,HS diploma,20314054.49480008,1404452.9104999988,8698,2015-01-01
2015,1,Male,Less than HS,7325452.754999992,709400.8113999998,2772,2015-01-01
2015,1,Male,Some college,18447696.58840001,1045128.1298,7887,2015-01-01
2015,1,Female,Bachelor's+,25553408.870999962,745095.4248999999,11121,2015-01-01
2015,1,Female,HS diploma,14984499.197400024,807594.6037000003,6599,2015-01-01
2015,1,Female,Less than HS,3992426.340599998,427187.3623999996,1610,2015-01-01
2015,1,Female,Some college,18854945.857699923,1080235.7777000007,8330,2015-01-01
2015,2,Male,Bachelor's+,26286125.234099977,782700.1323999999,10895,2015-02-01
2015,2,Male,HS diploma,20447527.382999957,1363047.2291000008,8519,2015-02-01
2015,2,Male,Less than HS,7040266.740099992,683295.9136000001,2583,2015-02-01
2015,2,Male,Some college,18652227.15789986,1025162.6977999998,7867,2015-02-01
2015,2,Female,Bachelor's+,25862296.486800056,665518.4874999998,11217,2015-02-01
2015,2,Female,HS diploma,14826572.150000012,787453.9972000003,6420,2015-02-01
2015,2,Female,Less than HS,3824591.2279999997,350592.02030000003,1486,2015-02-01
2015,2,Female,Some college,18967644.867700014,1024126.1481999997,8208,2015-02-01
2015,3,Male,Bachelor's+,26233227.9469001,678686.3170000002,10644,2015-03-01
2015,3,Male,HS diploma,20827363.451599844,1296974.3095,8531,2015-03-01
2015,3,Male,Less than HS,7186273.234499993,627863.8138000002,2627,2015-03-01
2015,3,Male,Some college,18722998.99779996,911159.9988999995,7717,2015-03-01
2015,3,Female,Bachelor's+,25609602.889200106,571770.968,10979,2015-03-01
2015,3,Female,HS diploma,14959563.992200034,756975.5861000001,6412,2015-03-01
2015,3,Female,Less than HS,3967665.281000001,429971.43280000007,1522,2015-03-01
2015,3,Female,Some college,18874472.468799945,954632.3168999993,8086,2015-03-01
2015,4,Male,Bachelor's+,26139892.589299873,693759.7066000003,10744,2015-04-01
2015,4,Male,HS diploma,20701431.62000004,1081376.3309000006,8691,2015-04-01
2015,4,Male,Less than HS,7380798.314900002,554413.2856999999,2742,2015-04-01
2015,4,Male,Some college,18911070.410700064,834685.8346999991,7971,2015-04-01
2015,4,Female,Bachelor's+,25404831.99820008,619604.3552000001,11029,2015-04-01
2015,4,Female,HS diploma,15066000.939199971,797715.6836000001,6593,2015-04-01
2015,4,Female,Less than HS,4201370.3349,427718.75299999997,1657,2015-04-01
2015,4,Female,Some college,18985279.440099973,858769.1197000004,8211,2015-04-01
2015,5,Male,Bachelor's+,26516411.046899967,648528.7391000001,10847,2015-05-01
2015,5,Male,HS diploma,20524041.830999944,1115840.5828000002,8520,2015-05-01
2015,5,Male,Less than HS,7442630.895199988,538965.6978999998,2729,2015-05-01
2015,5,Male,Some college,18772132.38179998,757949.1760000002,7890,2015-05-01
2015,5,Female,Bachelor's+,25762083.496999864,683817.6137999996,11040,2015-05-01
2015,5,Female,HS diploma,15111426.874500003,810028.4814,6537,2015-05-01
2015,5,Female,Less than HS,4074568.4709999985,386976.8398,1588,2015-05-01
2015,5,Female,Some college,18851922.244399942,820229.7736000002,8112,2015-05-01
2015,6,Male,Bachelor's+,26594073.6116998,625935.6653999995,10624,2015-06-01
2015,6,Male,HS diploma,20143051.854699943,991567.3314999993,8283,2015-06-01
2015,6,Male,Less than HS,7308648.324800009,492421.4457999997,2664,2015-06-01
2015,6,Male,Some college,19046052.153899875,741793.1027000002,7825,2015-06-01
2015,6,Female,Bachelor's+,25120691.210700188,721647.2042999996,10488,2015-06-01
2015,6,Female,HS diploma,14972532.113500005,825730.4162000002,6359,2015-06-01
2015,6,Female,Less than HS,3933934.5260000047,335012.7882999999,1545,2015-06-01
2015,6,Female,Some college,18863480.165699918,828798.3802999995,7927,2015-06-01
2015,7,Male,Bachelor's+,26663381.29629992,615456.2743999995,10520,2015-07-01
2015,7,Male,HS diploma,20077368.435299866,999407.9712999994,8232,2015-07-01
2015,7,Male,Less than HS,6933685.28710001,458188.8562999999,2509,2015-07-01
2015,7,Male,Some college,19262849.608900003,846911.1549999994,7892,2015-07-01
2015,7,Female,Bachelor's+,25360893.33039967,868531.6082000002,10442,2015-07-01
2015,7,Female,HS diploma,15051791.207799977,962793.4011000011,6406,2015-07-01
2015,7,Female,Less than HS,3688988.2156999903,431365.7474000001,1461,2015-07-01
2015,7,Female,Some college,18581524.51699994,868775.4660000002,7832,2015-07-01
2015,8,Male,Bachelor's+,26555899.107700072,637226.2652999999,10633,2015-08-01
2015,8,Male,HS diploma,20431261.27570004,1026531.6383999995,8350,2015-08-01
2015,8,Male,Less than HS,6784149.6156,402235.6352999999,2476,2015-08-01
2015,8,Male,Some college,18826879.024899922,800599.3712999993,7770,2015-08-01
2015,8,Female,Bachelor's+,25533823.375599984,799584.1207000002,10617,2015-08-01
2015,8,Female,HS diploma,15185730.931600062,938870.7576999996,6444,2015-08-01
2015,8,Female,Less than HS,3729393.6329999967,381581.484,1483,2015-08-01
2015,8,Female,Some college,18388443.806699965,882072.4300000002,7786,2015-08-01
2015,9,Male,Bachelor's+,26608896.565199982,640299.9464,10649,2015-09-01
2015,9,Male,HS diploma,20367088.1848,964162.6662999989,8296,2015-09-01
2015,9,Male,Less than HS,6823323.0035000015,373399.7663,2487,2015-09-01
2015,9,Male,Some college,18810589.900500037,772234.9529999997,7726,2015-09-01
2015,9,Female,Bachelor's+,25924230.5967,673678.7190000002,10729,2015-09-01
2015,9,Female,HS diploma,15142313.102500038,836568.6661000004,6413,2015-09-01
2015,9,Female,Less than HS,3752886.3313999954,363609.5345000003,1468,2015-09-01
2015,9,Female,Some college,18558796.651000116,818295.3224000002,7873,2015-09-01
2015,10,Male,Bachelor's+,26378356.197500113,600690.7504999996,10711,2015-10-01
2015,10,Male,HS diploma,20802105.35659997,1013697.3449999997,8583,2015-10-01
2015,10,Male,Less than HS,6791719.6972999815,432103.6137000003,2476,2015-10-01
2015,10,Male,Some college,18767879.088899978,758574.2527000005,7737,2015-10-01
2015,10,Female,Bachelor's+,26525280.542399753,736615.0080999997,11057,2015-10-01
2015,10,Female,HS diploma,14908104.88580005,755427.4856,6360,2015-10-01
2015,10,Female,Less than HS,3730644.134500003,282538.92059999995,1426,2015-10-01
2015,10,Female,Some college,18800205.012300115,873909.5545000002,8017,2015-10-01
2015,11,Male,Bachelor's+,26559509.63610013,643211.3954999999,10782,2015-11-01
2015,11,Male,HS diploma,20497272.279099926,1100193.4921000008,8463,2015-11-01
2015,11,Male,Less than HS,7062551.776900014,420133.7987,2534,2015-11-01
2015,11,Male,Some college,18544166.76809999,761495.2174999997,7657,2015-11-01
2015,11,Female,Bachelor's+,26482853.34470005,627562.3692,11082,2015-11-01
2015,11,Female,HS diploma,14942885.089499984,777138.8196999996,6334,2015-11-01
2015,11,Female,Less than HS,3978194.4910999965,326568.31729999994,1510,2015-11-01
2015,11,Female,Some college,19001967.96280003,855034.4185999999,8002,2015-11-01
2015,12,Male,Bachelor's+,26839968.520099998,633471.0062000004,10688,2015-12-01
2015,12,Male,HS diploma,20287761.34099996,1259981.0562999987,8285,2015-12-01
2015,12,Male,Less than HS,6968393.798300015,469668.70579999994,2490,2015-12-01
2015,12,Male,Some college,18955891.424599968,776997.234,7670,2015-12-01
2015,12,Female,Bachelor's+,26633270.41639989,624056.6824,11066,2015-12-01
2015,12,Female,HS diploma,14626017.43030005,731404.2951999999,6167,2015-12-01
2015,12,Female,Less than HS,3891424.1757999957,292629.3902,1470,2015-12-01
2015,12,Female,Some college,18907607.48589995,743863.8837999998,7944,2015-12-01
2016,1,Male,Bachelor's+,26711385.896399897,663833.7793000003,10651,2016-01-01
2016,1,Male,HS diploma,20483488.0221999,1266211.9940999995,8402,2016-01-01
2016,1,Male,Less than HS,7050812.104100012,567429.8841999999,2544,2016-01-01
2016,1,Male,Some college,19058025.467499986,862910.7818000003,7757,2016-01-01
2016,1,Female,Bachelor's+,26280289.309099935,703277.1960000002,11012,2016-01-01
2016,1,Female,HS diploma,14851329.554100007,848927.6201000006,6305,2016-01-01
2016,1,Female,Less than HS,4029992.4401,403538.6818999998,1543,2016-01-01
2016,1,Female,Some college,19060385.169800013,893293.4950999996,8046,2016-01-01
2016,2,Male,Bachelor's+,27288883.527700093,674314.5805999998,10845,2016-02-01
2016,2,Male,HS diploma,20772494.536000025,1260864.9833999996,8411,2016-02-01
2016,2,Male,Less than HS,6585765.8356,517088.3062999998,2358,2016-02-01
2016,2,Male,Some college,18965153.716399964,899388.2061000003,7708,2016-02-01
2016,2,Female,Bachelor's+,26460152.528499886,655807.5246000001,11038,2016-02-01
2016,2,Female,HS diploma,14836605.752999973,823076.8645000003,6237,2016-02-01
2016,2,Female,Less than HS,3806264.8587999963,334624.2683000001,1456,2016-02-01
2016,2,Female,Some college,19339164.480599906,868058.9103999996,8090,2016-02-01
2016,3,Male,Bachelor's+,27366050.65770004,674719.3347999994,10523,2016-03-01
2016,3,Male,HS diploma,20820976.51899982,1220241.488300001,8304,2016-03-01
2016,3,Male,Less than HS,6867342.95979998,529754.0526,2429,2016-03-01
2016,3,Male,Some college,18979507.533500012,844144.3319999994,7542,2016-03-01
2016,3,Female,Bachelor's+,26633570.55780004,726266.6127000009,10870,2016-03-01
2016,3,Female,HS diploma,14952696.069300026,846391.3155999999,6170,2016-03-01
2016,3,Female,Less than HS,3949933.518700005,360242.6049,1466,2016-03-01
2016,3,Female,Some college,19112140.462599937,795170.9845999995,7876,2016-03-01
2016,4,Male,Bachelor's+,27335254.97029998,659938.2726,10708,2016-04-01
2016,4,Male,HS diploma,20866790.20569999,1108499.2748,8387,2016-04-01
2016,4,Male,Less than HS,7034795.591799992,471371.61910000036,2534,2016-04-01
2016,4,Male,Some college,18916791.702100024,748271.4739999997,7604,2016-04-01
2016,4,Female,Bachelor's+,26416487.323599957,575569.1579999996,10923,2016-04-01
2016,4,Female,HS diploma,15036574.490299996,789742.1768000006,6263,2016-04-01
2016,4,Female,Less than HS,4031412.732300003,360855.41989999986,1555,2016-04-01
2016,4,Female,Some college,19171066.378399935,759663.1170000001,7983,2016-04-01
2016,5,Male,Bachelor's+,27239471.7910003,630437.3289,10808,2016-05-01
2016,5,Male,HS diploma,20918473.70910002,1000769.8511999998,8480,2016-05-01
2016,5,Male,Less than HS,6947756.830200008,416670.2906000002,2554,2016-05-01
2016,5,Male,Some college,18834760.610499974,680181.1876000001,7649,2016-05-01
2016,5,Female,Bachelor's+,26371670.210899938,572710.9318000005,10986,2016-05-01
2016,5,Female,HS diploma,14950316.99450005,705582.7244,6254,2016-05-01
2016,5,Female,Less than HS,3866736.1019999995,305557.7872999999,1507,2016-05-01
2016,5,Female,Some college,19056313.90929994,682878.5198000005,7984,2016-05-01
2016,6,Male,Bachelor's+,27637271.63369974,687314.3847000006,10873,2016-06-01
2016,6,Male,HS diploma,20503221.15729995,921950.2625,8288,2016-06-01
2016,6,Male,Less than HS,6811005.066699995,395275.2143,2536,2016-06-01
2016,6,Male,Some college,19288772.76259997,732286.5421000003,7773,2016-06-01
2016,6,Female,Bachelor's+,26275928.327999886,729619.3489999998,10834,2016-06-01
2016,6,Female,HS diploma,14786230.845499951,752427.8160999994,6239,2016-06-01
2016,6,Female,Less than HS,3945494.3028,328466.13300000015,1515,2016-06-01
2016,6,Female,Some college,18792355.230799906,798107.6592999995,7815,2016-06-01
2016,7,Male,Bachelor's+,27554400.19059994,665883.4056000002,10972,2016-07-01
2016,7,Male,HS diploma,20761401.519299995,1030180.2556000003,8452,2016-07-01
2016,7,Male,Less than HS,6708903.562099997,374066.08369999996,2471,2016-07-01
2016,7,Male,Some college,19292528.087099925,820108.5224,7841,2016-07-01
2016,7,Female,Bachelor's+,26335119.325199973,831710.3723999996,10868,2016-07-01
2016,7,Female,HS diploma,14926344.930500017,791435.2734999998,6284,2016-07-01
2016,7,Female,Less than HS,3748382.172000006,279080.8102000002,1410,2016-07-01
2016,7,Female,Some college,18845375.92080009,860372.9309000003,7905,2016-07-01
2016,8,Male,Bachelor's+,27332963.334800027,743575,11011,2016-08-01
2016,8,Male,HS diploma,21079742.181800004,973869.6242000009,8714,2016-08-01
2016,8,Male,Less than HS,6775160.132199999,375481.8295,2543,2016-08-01
2016,8,Male,Some college,18797902.1842,744986.3453000002,7819,2016-08-01
2016,8,Female,Bachelor's+,26419006.150600024,900466.7862999996,10987,2016-08-01
2016,8,Female,HS diploma,14984134.055299995,855545.1047,6433,2016-08-01
2016,8,Female,Less than HS,3900982.559300001,370427.6163999999,1499,2016-08-01
2016,8,Female,Some college,18676608.352199957,921854.0895,8022,2016-08-01
2016,9,Male,Bachelor's+,27286990.58369981,654638.3492999995,11109,2016-09-01
2016,9,Male,HS diploma,20971874.85780002,1084912.9696999996,8639,2016-09-01
2016,9,Male,Less than HS,6792270.412100002,427380.3048000001,2554,2016-09-01
2016,9,Male,Some college,19026988.134899963,703220.1477000001,7892,2016-09-01
2016,9,Female,Bachelor's+,27020956.650600065,729210.9959000004,11246,2016-09-01
2016,9,Female,HS diploma,15048441.67030001,724053.4872000002,6469,2016-09-01
2016,9,Female,Less than HS,4004194.622900003,403416.4554,1544,2016-09-01
2016,9,Female,Some college,18851292.860400006,865526.2547000009,8050,2016-09-01
2016,10,Male,Bachelor's+,27175004.66600014,709448.0041000006,11050,2016-10-01
2016,10,Male,HS diploma,21105112.72380013,1079331.414400001,8655,2016-10-01
2016,10,Male,Less than HS,6719591.05920001,376902.488,2462,2016-10-01
2016,10,Male,Some college,19129011.372900028,658902.5729,7840,2016-10-01
2016,10,Female,Bachelor's+,27143335.034700114,693579.518,11382,2016-10-01
2016,10,Female,HS diploma,15147263.818800014,812843.5250000003,6507,2016-10-01
2016,10,Female,Less than HS,3753540.7576000085,331476.81,1438,2016-10-01
2016,10,Female,Some college,19137679.10759993,797862.6683000003,8152,2016-10-01
2016,11,Male,Bachelor's+,27160711.36940004,604782.2726000001,11001,2016-11-01
2016,11,Male,HS diploma,20872664.160899997,998506.1637,8514,2016-11-01
2016,11,Male,Less than HS,6783561.197300006,457628.8408000001,2438,2016-11-01
2016,11,Male,Some college,19015862.586899936,704395.6496999997,7750,2016-11-01
2016,11,Female,Bachelor's+,26913685.773200054,594856.0732,11287,2016-11-01
2016,11,Female,HS diploma,15046035.552200023,727112.0323999999,6417,2016-11-01
2016,11,Female,Less than HS,3934430.9413000057,380342.26440000004,1479,2016-11-01
2016,11,Female,Some college,19159749.334699992,757881.4837999993,8100,2016-11-01
2016,12,Male,Bachelor's+,27461249.512399893,639837.241,10876,2016-12-01
2016,12,Male,HS diploma,20665148.405600023,1071721.577799999,8219,2016-12-01
2016,12,Male,Less than HS,6613074.976100007,527239.5844,2319,2016-12-01
2016,12,Male,Some college,19109178.801599983,791925.2379000003,7681,2016-12-01
2016,12,Female,Bachelor's+,26741575.79770001,627865.1871999998,11137,2016-12-01
2016,12,Female,HS diploma,15017173.778400047,796741.4336,6277,2016-12-01
2016,12,Female,Less than HS,3885043.027499997,335956.40790000005,1446,2016-12-01
2016,12,Female,Some college,19174954.418500032,638913.3179999995,7994,2016-12-01
2017,1,Male,Bachelor's+,27358660.85569992,646401.0625000002,10816,2017-01-01
2017,1,Male,HS diploma,20684368.49499992,1253134.0354000002,8350,2017-01-01
2017,1,Male,Less than HS,6611900.290800003,576156.6253000002,2341,2017-01-01
2017,1,Male,Some college,19144585.93360006,784188.3664,7701,2017-01-01
2017,1,Female,Bachelor's+,27140800.43669997,745858.1219999999,11360,2017-01-01
2017,1,Female,HS diploma,14660133.00110005,844551.5209999994,6230,2017-01-01
2017,1,Female,Less than HS,4028810.0618999987,370576.0749,1507,2017-01-01
2017,1,Female,Some college,18941476.25599992,779465.9863999998,7930,2017-01-01
2017,2,Male,Bachelor's+,27601952.26330001,613745.0876000003,10968,2017-02-01
2017,2,Male,HS diploma,21132321.170700125,1149944.4895000006,8506,2017-02-01
2017,2,Male,Less than HS,6337189.200699994,563837.0808999997,2274,2017-02-01
2017,2,Male,Some college,18982719.909500074,841001.343799999,7716,2017-02-01
2017,2,Female,Bachelor's+,27755423.719499916,690223.6810999996,11456,2017-02-01
2017,2,Female,HS diploma,14740170.509799981,793009.9461999998,6195,2017-02-01
2017,2,Female,Less than HS,3637908.655400004,327186.95529999986,1351,2017-02-01
2017,2,Female,Some college,18981507.771299984,818724.3320999998,7893,2017-02-01
2017,3,Male,Bachelor's+,27601267.807900187,698096.7136999998,10806,2017-03-01
2017,3,Male,HS diploma,21349262.784100067,1123515.4261999996,8514,2017-03-01
2017,3,Male,Less than HS,6470884.084499991,489944.93950000027,2306,2017-03-01
2017,3,Male,Some college,18919696.33650004,772106.6718000004,7497,2017-03-01
2017,3,Female,Bachelor's+,27515545.11390007,634061.5004000005,11156,2017-03-01
2017,3,Female,HS diploma,14982981.800500035,799621.3217000003,6170,2017-03-01
2017,3,Female,Less than HS,3686283.8316000006,275228.8359999999,1366,2017-03-01
2017,3,Female,Some college,19075431.163800105,688256.8136999996,7779,2017-03-01
2017,4,Male,Bachelor's+,27725791.060299963,602114.1023000001,10905,2017-04-01
2017,4,Male,HS diploma,21411025.122599978,890255.1179000001,8599,2017-04-01
2017,4,Male,Less than HS,6482643.950300001,395899.2953,2337,2017-04-01
2017,4,Male,Some college,18968662.179000035,634391.4868000001,7560,2017-04-01
2017,4,Female,Bachelor's+,27463543.004199997,638902.1316,11216,2017-04-01
2017,4,Female,HS diploma,15037195.539100008,697184.1508000002,6175,2017-04-01
2017,4,Female,Less than HS,3801865.7865999993,259304.5243000001,1430,2017-04-01
2017,4,Female,Some college,19119657.16250005,694029.0904999999,7825,2017-04-01
2017,5,Male,Bachelor's+,27881041.012099914,575615.5596,10761,2017-05-01
2017,5,Male,HS diploma,21261791.978799973,870253.3906999999,8445,2017-05-01
2017,5,Male,Less than HS,6790876.383499974,338905.9088000001,2411,2017-05-01
2017,5,Male,Some college,18604471.85390005,651281.2079,7387,2017-05-01
2017,5,Female,Bachelor's+,27604620.33219984,609693.1204,11055,2017-05-01
2017,5,Female,HS diploma,15116608.418299979,739722.6469999995,6135,2017-05-01
2017,5,Female,Less than HS,3861686.174000006,247910.863,1442,2017-05-01
2017,5,Female,Some college,18846325.961299986,759110.4276,7709,2017-05-01
2017,6,Male,Bachelor's+,27908817.067599874,656506.1696000001,10684,2017-06-01
2017,6,Male,HS diploma,20887399.24179988,802326.2885000006,8208,2017-06-01
2017,6,Male,Less than HS,6656735.846800006,370164.4049000001,2348,2017-06-01
2017,6,Male,Some college,18939258.63889999,646151.7199999999,7428,2017-06-01
2017,6,Female,Bachelor's+,27323179.632300142,692583.9414999998,10951,2017-06-01
2017,6,Female,HS diploma,14915799.958800014,756784.2477999991,6079,2017-06-01
2017,6,Female,Less than HS,3835387.9452000055,251824.4159,1428,2017-06-01
2017,6,Female,Some college,18785217.062300045,761561.0057000004,7694,2017-06-01
2017,7,Male,Bachelor's+,27903977.366000082,628416.4214999997,10674,2017-07-01
2017,7,Male,HS diploma,20919657.95290006,931286.2718999998,8188,2017-07-01
2017,7,Male,Less than HS,6598502.757499995,419385.5156,2282,2017-07-01
2017,7,Male,Some college,19050157.604200102,607192.0324999999,7483,2017-07-01
2017,7,Female,Bachelor's+,27854898.24859991,862378.7581000004,11121,2017-07-01
2017,7,Female,HS diploma,14710541.86139997,698322.9452999998,5999,2017-07-01
2017,7,Female,Less than HS,3848254.6769000012,309793.6864,1432,2017-07-01
2017,7,Female,Some college,18653705.27610005,858500.3935999996,7660,2017-07-01
2017,8,Male,Bachelor's+,27885379.519999843,695160.8099999995,10827,2017-08-01
2017,8,Male,HS diploma,21247363.417199973,1035244.182699999,8379,2017-08-01
2017,8,Male,Less than HS,6598884.896399995,364865.57849999977,2329,2017-08-01
2017,8,Male,Some college,18616370.904999953,624452.9835999999,7433,2017-08-01
2017,8,Female,Bachelor's+,27505056.353700113,840049.9024000005,11137,2017-08-01
2017,8,Female,HS diploma,14932737.821299933,816833.9256,6150,2017-08-01
2017,8,Female,Less than HS,3929081.982900005,229414.9989,1479,2017-08-01
2017,8,Female,Some college,18616486.825000007,847453.2869000006,7742,2017-08-01
2017,9,Male,Bachelor's+,28154110.706100266,606474.9978,10922,2017-09-01
2017,9,Male,HS diploma,21041062.724199902,811594.9627999999,8291,2017-09-01
2017,9,Male,Less than HS,6592477.99299999,324050.3661,2331,2017-09-01
2017,9,Male,Some college,18963791.35069998,596375.7423000002,7554,2017-09-01
2017,9,Female,Bachelor's+,27715250.511700038,651363.2816000002,11330,2017-09-01
2017,9,Female,HS diploma,15163192.799799995,671282.4540000001,6229,2017-09-01
2017,9,Female,Less than HS,4041829.209799995,305439.5514,1511,2017-09-01
2017,9,Female,Some college,18716266.626400054,745084.2295999994,7817,2017-09-01
2017,10,Male,Bachelor's+,28181872.940099943,522221.09610000014,11005,2017-10-01
2017,10,Male,HS diploma,20649874.346300066,813280.3918999996,8186,2017-10-01
2017,10,Male,Less than HS,6416017.424899994,289136.2543,2290,2017-10-01
2017,10,Male,Some college,19410372.994900018,717645.5395000004,7709,2017-10-01
2017,10,Female,Bachelor's+,27703440.3420999,614795.3125999996,11292,2017-10-01
2017,10,Female,HS diploma,15198602.682000048,653241.6425999996,6275,2017-10-01
2017,10,Female,Less than HS,3724221.5506000007,233844.73069999993,1391,2017-10-01
2017,10,Female,Some college,18649630.575800117,657607.3776,7757,2017-10-01
2017,11,Male,Bachelor's+,27891009.590300057,559456.4094999997,10948,2017-11-01
2017,11,Male,HS diploma,20771754.53479997,804363.5038999997,8181,2017-11-01
2017,11,Male,Less than HS,6442401.478600001,295739.8815,2319,2017-11-01
2017,11,Male,Some college,19568966.123099998,665081.4839999998,7743,2017-11-01
2017,11,Female,Bachelor's+,27757853.871899985,519930.2454000001,11271,2017-11-01
2017,11,Female,HS diploma,15379666.792899935,704291.6040999998,6282,2017-11-01
2017,11,Female,Less than HS,3854954.027200001,219011.54359999995,1423,2017-11-01
2017,11,Female,Some college,18616469.486600004,670023.9953,7720,2017-11-01
2017,12,Male,Bachelor's+,28163056.914299987,596471.3378000001,10809,2017-12-01
2017,12,Male,HS diploma,20664871.284800015,845804.4551000003,7986,2017-12-01
2017,12,Male,Less than HS,6457282.703500001,427948.51930000016,2259,2017-12-01
2017,12,Male,Some college,19487331.695400037,711786.2274999998,7570,2017-12-01
2017,12,Female,Bachelor's+,27757292.484799966,538116.1680999999,11118,2017-12-01
2017,12,Female,HS diploma,15199351.198700003,673713.0351999999,6108,2017-12-01
2017,12,Female,Less than HS,3723016.831999998,263867.71140000003,1344,2017-12-01
2017,12,Female,Some college,18535152.081899956,600031.7805,7568,2017-12-01
2018,1,Male,Bachelor's+,28219345.563400008,646704.6508,10706,2018-01-01
2018,1,Male,HS diploma,20683798.63540004,1081847.6454999987,7931,2018-01-01
2018,1,Male,Less than HS,6643282.720599999,496329.26739999984,2284,2018-01-01
2018,1,Male,Some college,19362353.30030002,740381.7557999992,7459,2018-01-01
2018,1,Female,Bachelor's+,27797525.034400024,607444.3224,11053,2018-01-01
2018,1,Female,HS diploma,14815594.043499945,745600.9955,5982,2018-01-01
2018,1,Female,Less than HS,3851247.412900003,251802.60919999998,1404,2018-01-01
2018,1,Female,Some college,18505789.48449994,653018.6493999998,7487,2018-01-01
2018,2,Male,Bachelor's+,28637056.200599972,647639.5528000001,10754,2018-02-01
2018,2,Male,HS diploma,21307609.20959992,1051629.9603999995,8059,2018-02-01
2018,2,Male,Less than HS,6352484.295200002,453022.5280999999,2158,2018-02-01
2018,2,Male,Some college,19141711.480700046,709035.1962999997,7382,2018-02-01
2018,2,Female,Bachelor's+,28821077.095000103,647929.6712999999,11276,2018-02-01
2018,2,Female,HS diploma,14841500.683299974,728049.8320999995,5892,2018-02-01
2018,2,Female,Less than HS,3637600.7176999985,257626.5283,1312,2018-02-01
2018,2,Female,Some college,18671822.715599988,731972.2111999993,7487,2018-02-01
2018,3,Male,Bachelor's+,28781573.48600015,639285.6755999997,10647,2018-03-01
2018,3,Male,HS diploma,21263463.572399918,1052879.1356999993,8046,2018-03-01
2018,3,Male,Less than HS,6535844.779199994,388023.7581999999,2194,2018-03-01
2018,3,Male,Some college,18993811.124800008,692559.0303999998,7226,2018-03-01
2018,3,Female,Bachelor's+,28465334.79149994,617684.5293,10992,2018-03-01
2018,3,Female,HS diploma,14829827.682700017,636714.9394000004,5870,2018-03-01
2018,3,Female,Less than HS,3704481.157899993,272111.5094,1322,2018-03-01
2018,3,Female,Some college,18680787.99510007,697082.8597000003,7340,2018-03-01
2018,4,Male,Bachelor's+,28789313.13929999,593359.2327999996,10861,2018-04-01
2018,4,Male,HS diploma,21224634.76639999,928411.7320000001,8172,2018-04-01
2018,4,Male,Less than HS,6578525.410299993,346184.78129999986,2265,2018-04-01
2018,4,Male,Some college,19244862.975299917,627021.3637000003,7458,2018-04-01
2018,4,Female,Bachelor's+,28383011.29899992,514135.1497,11067,2018-04-01
2018,4,Female,HS diploma,14524248.567899987,563527.7058,5859,2018-04-01
2018,4,Female,Less than HS,3899953.6234000013,260762.74060000008,1404,2018-04-01
2018,4,Female,Some college,19062302.995200027,631158.7119000001,7547,2018-04-01
2018,5,Male,Bachelor's+,29063354.211999867,582952.2214000003,10835,2018-05-01
2018,5,Male,HS diploma,21242109.230899956,764961.5942999995,8166,2018-05-01
2018,5,Male,Less than HS,6711016.1208,285180.88730000006,2291,2018-05-01
2018,5,Male,Some college,19040239.9866,543221.1028999997,7305,2018-05-01
2018,5,Female,Bachelor's+,28203768.88590011,469836.6778000002,10998,2018-05-01
2018,5,Female,HS diploma,14927235.468999993,551757.9478000002,5907,2018-05-01
2018,5,Female,Less than HS,3868809.624499994,199841.0586,1424,2018-05-01
2018,5,Female,Some college,19027162.751799993,596904.7292000001,7477,2018-05-01
2018,6,Male,Bachelor's+,28598231.594600055,664453.6218000001,10621,2018-06-01
2018,6,Male,HS diploma,21175867.866499998,783230.7271000001,8105,2018-06-01
2018,6,Male,Less than HS,6723003.697799983,288077.70089999994,2280,2018-06-01
2018,6,Male,Some college,19148133.189299986,558630.1476999999,7280,2018-06-01
2018,6,Female,Bachelor's+,28000080.568799917,728605.7398999999,10757,2018-06-01
2018,6,Female,HS diploma,14896891.62770001,621683.1655999996,5787,2018-06-01
2018,6,Female,Less than HS,3963835.962499998,244604.49079999997,1450,2018-06-01
2018,6,Female,Some college,18937972.76669997,695105.8201000001,7374,2018-06-01
2018,7,Male,Bachelor's+,28682778.680600118,623225.4468000002,10542,2018-07-01
2018,7,Male,HS diploma,21350261.063899986,760686.8152999999,8003,2018-07-01
2018,7,Male,Less than HS,6507437.452800009,259231.44009999998,2138,2018-07-01
2018,7,Male,Some college,19061029.77200002,519620.6591999998,7188,2018-07-01
2018,7,Female,Bachelor's+,28387874.378100194,841078.2349000002,10821,2018-07-01
2018,7,Female,HS diploma,15170859.198199967,726317.6758999999,5832,2018-07-01
2018,7,Female,Less than HS,3592430.208699999,223025.47699999993,1297,2018-07-01
2018,7,Female,Some college,18677478.79860001,722926.1266000008,7285,2018-07-01
2018,8,Male,Bachelor's+,28684223.45529998,578892.2797,10637,2018-08-01
2018,8,Male,HS diploma,21355845.89609996,756467.1377999997,8025,2018-08-01
2018,8,Male,Less than HS,6612622.885599999,285328.58920000005,2156,2018-08-01
2018,8,Male,Some college,18827316.83420001,618182.5662999998,7118,2018-08-01
2018,8,Female,Bachelor's+,28747866.602300026,801083.8331,10979,2018-08-01
2018,8,Female,HS diploma,15128605.551100004,703412.7296,5834,2018-08-01
2018,8,Female,Less than HS,3734557.802600003,236338.35620000004,1333,2018-08-01
2018,8,Female,Some college,18284759.382699985,805775.7717999998,7271,2018-08-01
2018,9,Male,Bachelor's+,28465083.297599994,527717.6384999999,10663,2018-09-01
2018,9,Male,HS diploma,21363950.343099933,763087.1821000002,8076,2018-09-01
2018,9,Male,Less than HS,6562109.246399993,282361.7052000001,2201,2018-09-01
2018,9,Male,Some college,19039214.118900046,528711.1582999998,7285,2018-09-01
2018,9,Female,Bachelor's+,28916444.774600044,608994.1558999997,11191,2018-09-01
2018,9,Female,HS diploma,15314469.865299948,535601.1928000001,5924,2018-09-01
2018,9,Female,Less than HS,3757934.757900004,213289.87349999996,1343,2018-09-01
2018,9,Female,Some college,18493608.541499943,654709.7812,7404,2018-09-01
2018,10,Male,Bachelor's+,28670669.743700005,572172.9910999999,10733,2018-10-01
2018,10,Male,HS diploma,21380401.581700064,799306.0846999994,8001,2018-10-01
2018,10,Male,Less than HS,6490659.314399997,289791.29870000016,2142,2018-10-01
2018,10,Male,Some college,19338371.23210002,524209.44209999987,7398,2018-10-01
2018,10,Female,Bachelor's+,29549644.462999914,585409.4765000002,11406,2018-10-01
2018,10,Female,HS diploma,15019031.753699955,592657.2618999997,5820,2018-10-01
2018,10,Female,Less than HS,3616511.9270000076,228075.82680000004,1289,2018-10-01
2018,10,Female,Some college,18618553.003399994,595849.9661999999,7419,2018-10-01
2018,11,Male,Bachelor's+,29097130.556099966,608457.6705999998,10845,2018-11-01
2018,11,Male,HS diploma,21110306.091599926,715416.5522000006,7904,2018-11-01
2018,11,Male,Less than HS,6454107.860400001,294811.8887000001,2138,2018-11-01
2018,11,Male,Some college,19330612.671599932,496636.6876000002,7343,2018-11-01
2018,11,Female,Bachelor's+,29661497.602800015,609440.1316999999,11384,2018-11-01
2018,11,Female,HS diploma,15034452.848600013,506515.28880000015,5770,2018-11-01
2018,11,Female,Less than HS,3828122.4469999964,264490.79100000014,1329,2018-11-01
2018,11,Female,Some college,18576314.96279997,652811.0976000002,7335,2018-11-01
2018,12,Male,Bachelor's+,29346803.94780021,666723.055799999,10687,2018-12-01
2018,12,Male,HS diploma,21185048.776100084,845895.1899999994,7834,2018-12-01
2018,12,Male,Less than HS,6503483.5211000135,387077.34100000013,2129,2018-12-01
2018,12,Male,Some college,19019171.614900026,600383.2786999998,7159,2018-12-01
2018,12,Female,Bachelor's+,29787768.368899956,538420.0919000001,11254,2018-12-01
2018,12,Female,HS diploma,15076761.109299967,555473.2772999998,5721,2018-12-01
2018,12,Female,Less than HS,3800710.510000002,281205.1798,1293,2018-12-01
2018,12,Female,Some college,18376062.610600017,594891.0772999999,7174,2018-12-01
2019,1,Male,Bachelor's+,29186049.733600143,763239.3602000001,10624,2019-01-01
2019,1,Male,HS diploma,21103060.90259996,974304.855700001,7857,2019-01-01
2019,1,Male,Less than HS,6565834.241399992,492426.9842,2190,2019-01-01
2019,1,Male,Some college,19104120.175199967,701747.4173999998,7174,2019-01-01
2019,1,Female,Bachelor's+,29402043.370599877,707335.0309999997,11146,2019-01-01
2019,1,Female,HS diploma,15074094.440399999,617904.3291999998,5811,2019-01-01
2019,1,Female,Less than HS,3684137.8159999973,278182.19779999997,1265,2019-01-01
2019,1,Female,Some college,18431829.295399953,696350.8009000001,7193,2019-01-01
2019,2,Male,Bachelor's+,29638621.566799976,699780.1228000001,10690,2019-02-01
2019,2,Male,HS diploma,21281356.079499915,977591.6696000001,7808,2019-02-01
2019,2,Male,Less than HS,6287387.3498,438884.67439999984,2031,2019-02-01
2019,2,Male,Some college,18993959.188800063,634602.9176000005,7084,2019-02-01
2019,2,Female,Bachelor's+,29706734.462800093,618185.9012999999,11163,2019-02-01
2019,2,Female,HS diploma,15050890.166900044,573963.9789999996,5730,2019-02-01
2019,2,Female,Less than HS,3655285.342199998,236978.59280000007,1266,2019-02-01
2019,2,Female,Some college,18462229.968499973,667880.7849000004,7112,2019-02-01
2019,3,Male,Bachelor's+,29475092.191999972,630709.5763000002,10399,2019-03-01
2019,3,Male,HS diploma,21196265.986899886,863527.1080000008,7724,2019-03-01
2019,3,Male,Less than HS,6496718.838100001,426587.59329999995,2080,2019-03-01
2019,3,Male,Some college,18985114.016200002,704981.7502999996,7005,2019-03-01
2019,3,Female,Bachelor's+,29584610.551900174,589916.8368999999,10919,2019-03-01
2019,3,Female,HS diploma,14894656.575900005,591610.1573,5683,2019-03-01
2019,3,Female,Less than HS,3580449.7704999987,266600.38,1232,2019-03-01
2019,3,Female,Some college,18329927.96399998,635130.8634000004,7009,2019-03-01
2019,4,Male,Bachelor's+,29302700.663100045,640630.4584000004,10435,2019-04-01
2019,4,Male,HS diploma,21096708.632500052,692744.0991999999,7830,2019-04-01
2019,4,Male,Less than HS,6546955.370400011,314994.84440000006,2136,2019-04-01
2019,4,Male,Some college,19038300.673600018,529894.4208999998,7150,2019-04-01
2019,4,Female,Bachelor's+,29194442.58250002,469138.7122999999,10918,2019-04-01
2019,4,Female,HS diploma,14921574.915200014,503463.87269999983,5707,2019-04-01
2019,4,Female,Less than HS,3536899.495,207483.27599999998,1247,2019-04-01
2019,4,Female,Some college,18591092.661000002,577120.0684,7184,2019-04-01
2019,5,Male,Bachelor's+,29135762.821299747,575646.9810999999,10247,2019-05-01
2019,5,Male,HS diploma,21234071.302100055,721134.1192999999,7719,2019-05-01
2019,5,Male,Less than HS,6569692.197299995,210019.72400000007,2088,2019-05-01
2019,5,Male,Some college,19121731.309899967,431166.34350000025,7039,2019-05-01
2019,5,Female,Bachelor's+,29198630.352399997,570211.3568,10745,2019-05-01
2019,5,Female,HS diploma,14757266.787899967,458877.47969999997,5613,2019-05-01
2019,5,Female,Less than HS,3588497.4142000014,237699.78439999995,1254,2019-05-01
2019,5,Female,Some college,18630411.22990007,521767.5493000004,7014,2019-05-01
2019,6,Male,Bachelor's+,29036809.194799986,565192.5303,10137,2019-06-01
2019,6,Male,HS diploma,21112957.686000094,749824.2232000002,7719,2019-06-01
2019,6,Male,Less than HS,6522277.111299992,260005.41409999985,2110,2019-06-01
2019,6,Male,Some college,19074184.006800067,479922.15710000007,6983,2019-06-01
2019,6,Female,Bachelor's+,29236837.613900207,736943.6333999994,10629,2019-06-01
2019,6,Female,HS diploma,14881531.204900004,585947.9303999996,5637,2019-06-01
2019,6,Female,Less than HS,3677042.789799998,212816.95959999994,1273,2019-06-01
2019,6,Female,Some college,18311301.745500017,644156.3140999996,6899,2019-06-01
2019,7,Male,Bachelor's+,29166837.03290005,626763.6594999995,10169,2019-07-01
2019,7,Male,HS diploma,21613491.892499976,724927.1424000001,7719,2019-07-01
2019,7,Male,Less than HS,6390035.406699989,242845.36239999998,2010,2019-07-01
2019,7,Male,Some college,19069304.07439996,565443.0066999997,6913,2019-07-01
2019,7,Female,Bachelor's+,29412837.097100046,855941.6362000008,10652,2019-07-01
2019,7,Female,HS diploma,14852331.094699971,598513.8764,5521,2019-07-01
2019,7,Female,Less than HS,3462785.1234000046,223299.99370000008,1172,2019-07-01
2019,7,Female,Some college,18317069.77649994,685208.5188,6841,2019-07-01
2019,8,Male,Bachelor's+,28927514.681600016,635766.3038000003,10305,2019-08-01
2019,8,Male,HS diploma,21602642.12369999,709946.5727999998,7858,2019-08-01
2019,8,Male,Less than HS,6315097.679700007,233524.4872999999,2016,2019-08-01
2019,8,Male,Some college,19487739.22099994,547262.3783000001,7086,2019-08-01
2019,8,Female,Bachelor's+,29653520.96710003,797364.5929000002,10903,2019-08-01
2019,8,Female,HS diploma,15180475.547200046,626343.6636999996,5728,2019-08-01
2019,8,Female,Less than HS,3795557.422599999,255058.02570000003,1318,2019-08-01
2019,8,Female,Some college,18093930.40550006,680281.2832999997,6931,2019-08-01
2019,9,Male,Bachelor's+,29114791.507899944,563184.2732999998,10352,2019-09-01
2019,9,Male,HS diploma,21540345.062699955,701332.0025000002,7775,2019-09-01
2019,9,Male,Less than HS,6291938.9952,199369.63569999996,2000,2019-09-01
2019,9,Male,Some college,19431705.434199996,492891.0904,7016,2019-09-01
2019,9,Female,Bachelor's+,30321533.007699978,612476.6254999992,11071,2019-09-01
2019,9,Female,HS diploma,15398161.987500038,547909.8647000002,5705,2019-09-01
2019,9,Female,Less than HS,3770858.3158000037,202819.43609999996,1265,2019-09-01
2019,9,Female,Some college,18219536.93219996,578010.0063000001,6965,2019-09-01
2019,10,Male,Bachelor's+,29224779.802500006,576857.6181000004,10433,2019-10-01
2019,10,Male,HS diploma,21599020.866600003,725363.1745999999,7850,2019-10-01
2019,10,Male,Less than HS,6037586.685699995,236244.191,1969,2019-10-01
2019,10,Male,Some college,19567103.154700033,440309.61889999994,7099,2019-10-01
2019,10,Female,Bachelor's+,30841870.62049982,613091.9502999999,11314,2019-10-01
2019,10,Female,HS diploma,15068023.87540001,565400.5620000002,5579,2019-10-01
2019,10,Female,Less than HS,3581347.3926000022,217780.1917,1200,2019-10-01
2019,10,Female,Some college,18574674.776099976,591683.5449000003,7101,2019-10-01
2019,11,Male,Bachelor's+,29717901.76290011,563806.1918999999,10570,2019-11-01
2019,11,Male,HS diploma,21465085.919400126,697227.0699000004,7754,2019-11-01
2019,11,Male,Less than HS,6199273.9946,269561.5319,1988,2019-11-01
2019,11,Male,Some college,19222719.015300084,489930.66440000024,6981,2019-11-01
2019,11,Female,Bachelor's+,30764461.030000024,526990.9407999999,11332,2019-11-01
2019,11,Female,HS diploma,14967988.316899974,575021.4060999999,5569,2019-11-01
2019,11,Female,Less than HS,3604568.2801000006,233422.60059999986,1217,2019-11-01
2019,11,Female,Some college,18613774.148000095,567433.6178999996,7070,2019-11-01
2019,12,Male,Bachelor's+,29751429.29649999,549988.7291999998,10497,2019-12-01
2019,12,Male,HS diploma,21441526.735799942,761325.8388999995,7743,2019-12-01
2019,12,Male,Less than HS,6273300.960799998,391916.6755,1992,2019-12-01
2019,12,Male,Some college,18985579.937700078,473939.66099999996,6923,2019-12-01
2019,12,Female,Bachelor's+,30878228.502100073,531661.8687000002,11293,2019-12-01
2019,12,Female,HS diploma,14726823.156800056,592665.5918000004,5523,2019-12-01
2019,12,Female,Less than HS,3673608.407900006,201337.80570000003,1216,2019-12-01
2019,12,Female,Some college,18749347.786900055,511110.26110000035,7083,2019-12-01
2020,1,Male,Bachelor's+,29930694.21900001,672183.0637999999,10513,2020-01-01
2020,1,Male,HS diploma,21063867.352899887,971533.5643,7583,2020-01-01
2020,1,Male,Less than HS,6151901.328700002,477417.59540000005,1956,2020-01-01
2020,1,Male,Some college,18982421.018100068,555681.0960999998,6922,2020-01-01
2020,1,Female,Bachelor's+,30522494.3373999,564526.5074,11072,2020-01-01
2020,1,Female,HS diploma,14949426.18780004,626256.0111999994,5549,2020-01-01
2020,1,Female,Less than HS,3534624.5513000004,247861.2146,1181,2020-01-01
2020,1,Female,Some college,18386787.229800094,593425.2399999996,6917,2020-01-01
2020,2,Male,Bachelor's+,30135828.644600086,615522.9967999997,10683,2020-02-01
2020,2,Male,HS diploma,21168105.989199918,979911.7863000003,7652,2020-02-01
2020,2,Male,Less than HS,5999629.563299996,450505.8978999998,1915,2020-02-01
2020,2,Male,Some college,18940651.827000007,699501.8987,7001,2020-02-01
2020,2,Female,Bachelor's+,30518376.078700136,576073.2743999999,11214,2020-02-01
2020,2,Female,HS diploma,15142183.779100014,540205.3104000002,5622,2020-02-01
2020,2,Female,Less than HS,3334783.3136999975,222641.27789999996,1149,2020-02-01
2020,2,Female,Some college,18487917.44499993,558205.8066,6992,2020-02-01
2020,3,Male,Bachelor's+,30333880.18689994,760181.6543,9563,2020-03-01
2020,3,Male,HS diploma,20703099.438399952,1044069.8664000006,6630,2020-03-01
2020,3,Male,Less than HS,5844094.993699995,471447.2276,1622,2020-03-01
2020,3,Male,Some college,19036470.573399983,822621.9791999998,6218,2020-03-01
2020,3,Female,Bachelor's+,30696659.475299988,745834.6504,10048,2020-03-01
2020,3,Female,HS diploma,14551572.275599949,693303.5089000002,4841,2020-03-01
2020,3,Female,Less than HS,3311551.051300001,265454.755,963,2020-03-01
2020,3,Female,Some college,18305656.902899973,655267.2368000002,6210,2020-03-01
2020,4,Male,Bachelor's+,29856759.92379999,2240585.025899998,9152,2020-04-01
2020,4,Male,HS diploma,19775610.770999946,3048380.192500002,6220,2020-04-01
2020,4,Male,Less than HS,5612525.942000004,1039939.1132999993,1502,2020-04-01
2020,4,Male,Some college,18458803.194999985,2517230.690000001,5894,2020-04-01
2020,4,Female,Bachelor's+,30412582.079200078,2703758.8624000014,9608,2020-04-01
2020,4,Female,HS diploma,13467618.767000029,2638022.628599998,4350,2020-04-01
2020,4,Female,Less than HS,3083792.049199999,786847.4029,865,2020-04-01
2020,4,Female,Some college,17631383.232599948,2827699.6665000003,5795,2020-04-01
2020,5,Male,Bachelor's+,29780618.74730007,1879893.6470000017,8876,2020-05-01
2020,5,Male,HS diploma,20331139.80530001,2688911.7448,6124,2020-05-01
2020,5,Male,Less than HS,5413312.631900003,895646.8120000003,1378,2020-05-01
2020,5,Male,Some college,18762772.152600016,2177718.7125999997,5658,2020-05-01
2020,5,Female,Bachelor's+,30744133.50180011,2469496.249299998,9398,2020-05-01
2020,5,Female,HS diploma,13501749.414000016,2371165.2736,4197,2020-05-01
2020,5,Female,Less than HS,3048948.137799995,672297.6954999999,827,2020-05-01
2020,5,Female,Some college,17670484.232699975,2560561.1539000003,5545,2020-05-01
2020,6,Male,Bachelor's+,30314558.99530011,1914643.8102000004,8568,2020-06-01
2020,6,Male,HS diploma,20278595.503100023,2230398.387499998,5807,2020-06-01
2020,6,Male,Less than HS,5331133.623399993,707001.4169999998,1302,2020-06-01
2020,6,Male,Some college,19023846.67770005,1912952.0181999987,5490,2020-06-01
2020,6,Female,Bachelor's+,31334428.964600056,2382365.8817999987,9059,2020-06-01
2020,6,Female,HS diploma,13144337.836400023,1740686.4960999982,3964,2020-06-01
2020,6,Female,Less than HS,3220162.7173999986,602174.0136000001,813,2020-06-01
2020,6,Female,Some college,17788998.533499964,2097625.947999999,5359,2020-06-01
2020,7,Male,Bachelor's+,30243694.496000007,1866857.7702999993,8718,2020-07-01
2020,7,Male,HS diploma,20478359.34810003,2000328.9898000003,5988,2020-07-01
2020,7,Male,Less than HS,5218239.265900002,690407.7515,1295,2020-07-01
2020,7,Male,Some college,18945340.228899997,1673653.6712000007,5592,2020-07-01
2020,7,Female,Bachelor's+,31454123.944800068,2426741.9763999986,9308,2020-07-01
2020,7,Female,HS diploma,13656987.0625,1648295.1587999996,4143,2020-07-01
2020,7,Female,Less than HS,2911341.117000003,509540.78179999994,780,2020-07-01
2020,7,Female,Some college,17722964.467800017,2002980.810800003,5399,2020-07-01
2020,8,Male,Bachelor's+,30348862.645400077,1526826.0082999994,9071,2020-08-01
2020,8,Male,HS diploma,20446919.31230003,1758236.2058000003,6277,2020-08-01
2020,8,Male,Less than HS,5463212.7892000005,586589.3368999999,1437,2020-08-01
2020,8,Male,Some college,18960449.99450001,1449176.894999999,5768,2020-08-01
2020,8,Female,Bachelor's+,31314262.40499999,1878136.6582000004,9730,2020-08-01
2020,8,Female,HS diploma,14057728.034199975,1541836.2333999984,4524,2020-08-01
2020,8,Female,Less than HS,3112055.176699999,416527.5807,885,2020-08-01
2020,8,Female,Some college,17309617.6361,1507880.2145,5556,2020-08-01
2020,9,Male,Bachelor's+,29556893.035100102,1313830.7456,9699,2020-09-01
2020,9,Male,HS diploma,21216705.544500023,1759495.7450999992,7241,2020-09-01
2020,9,Male,Less than HS,5902780.612999992,504383.23679999996,1764,2020-09-01
2020,9,Male,Some college,18597401.074800007,1301131.6423000006,6374,2020-09-01
2020,9,Female,Bachelor's+,30619846.071799923,1479944.5112000026,10420,2020-09-01
2020,9,Female,HS diploma,14335753.280100014,1289874.9213999996,5100,2020-09-01
2020,9,Female,Less than HS,3104853.3457000013,349290.6120999999,1016,2020-09-01
2020,9,Female,Some college,17556350.83769999,1542414.7265999997,6261,2020-09-01
2020,10,Male,Bachelor's+,29508760.981599957,1191484.5076999995,9982,2020-10-01
2020,10,Male,HS diploma,21521711.459200002,1642669.825099999,7495,2020-10-01
2020,10,Male,Less than HS,5863219.2540000025,445807.5819999999,1826,2020-10-01
2020,10,Male,Some college,18524158.832400057,1066002.6261999998,6494,2020-10-01
2020,10,Female,Bachelor's+,30560064.846699953,1224483.7348999989,10620,2020-10-01
2020,10,Female,HS diploma,14413502.601200003,1122516.6853,5169,2020-10-01
2020,10,Female,Less than HS,3254554.0791999996,361671.90310000005,1055,2020-10-01
2020,10,Female,Some college,17878442.098699957,1205378.4844000002,6487,2020-10-01
2020,11,Male,Bachelor's+,29735183.39810013,1223124.5736999994,9936,2020-11-01
2020,11,Male,HS diploma,21085316.066499997,1571559.5953999995,7256,2020-11-01
2020,11,Male,Less than HS,6138576.256899998,459401.35059999995,1845,2020-11-01
2020,11,Male,Some college,18057925.014400043,1104191.4861,6297,2020-11-01
2020,11,Female,Bachelor's+,30367036.114200007,1207165.5368000001,10387,2020-11-01
2020,11,Female,HS diploma,14337577.830300044,1036195.4166000008,5046,2020-11-01
2020,11,Female,Less than HS,3314699.7277999953,371098.90080000006,1035,2020-11-01
2020,11,Female,Some college,18004162.46820002,1077815.5216999995,6415,2020-11-01
2020,12,Male,Bachelor's+,30003445.40439983,1043404.8469999998,9716,2020-12-01
2020,12,Male,HS diploma,20818389.541599985,1686013.6853999998,6923,2020-12-01
2020,12,Male,Less than HS,5966897.173300001,580726.9265999997,1709,2020-12-01
2020,12,Male,Some college,18022352.910700046,1132856.1870999995,6064,2020-12-01
2020,12,Female,Bachelor's+,30642728.37829997,1150286.7283000003,10099,2020-12-01
2020,12,Female,HS diploma,14122621.960199999,1069114.1286999998,4810,2020-12-01
2020,12,Female,Less than HS,3313592.0589000015,383463.77940000006,972,2020-12-01
2020,12,Female,Some college,17912683.538000032,1051202.1344,6204,2020-12-01
2021,1,Male,Bachelor's+,29894185.06359995,1196580.3876000002,9855,2021-01-01
2021,1,Male,HS diploma,20361467.677199997,1650589.2200999996,6941,2021-01-01
2021,1,Male,Less than HS,6153983.501300001,665773.4515999998,1815,2021-01-01
2021,1,Male,Some college,18154452.39440007,1277040.9341999984,6255,2021-01-01
2021,1,Female,Bachelor's+,30805790.378400043,1282896.2099000008,10440,2021-01-01
2021,1,Female,HS diploma,13899025.746199992,1065263.453499999,4854,2021-01-01
2021,1,Female,Less than HS,3160750.961099996,345451.61359999987,970,2021-01-01
2021,1,Female,Some college,17435327.042200025,1032969.5885000007,6174,2021-01-01
2021,2,Male,Bachelor's+,30345988.96659991,1156418.4266,9921,2021-02-01
2021,2,Male,HS diploma,20646983.15439993,1716126.6288999997,6916,2021-02-01
2021,2,Male,Less than HS,5587780.245700004,642489.7102000002,1660,2021-02-01
2021,2,Male,Some college,18066543.031299897,1154880.3880999996,6155,2021-02-01
2021,2,Female,Bachelor's+,31146866.06830016,1212641.0234999994,10466,2021-02-01
2021,2,Female,HS diploma,13894873.4265,1027531.7749000001,4800,2021-02-01
2021,2,Female,Less than HS,3031130.593299999,387760.3071,937,2021-02-01
2021,2,Female,Some college,17538063.175000098,1082886.7081000006,6169,2021-02-01
2021,3,Male,Bachelor's+,30261116.468199942,1093607.0438000008,9651,2021-03-01
2021,3,Male,HS diploma,20503514.53679994,1469306.1296999997,6796,2021-03-01
2021,3,Male,Less than HS,5694537.0213000085,516400.0751999999,1681,2021-03-01
2021,3,Male,Some college,18191136.350399993,1198651.8807999997,6038,2021-03-01
2021,3,Female,Bachelor's+,31181841.174900055,1163778.1478,10224,2021-03-01
2021,3,Female,HS diploma,13949029.570499994,1002313.1885999999,4734,2021-03-01
2021,3,Female,Less than HS,3140675.405399998,324074.09080000006,948,2021-03-01
2021,3,Female,Some college,17672785.438799925,1004987.1506999995,6073,2021-03-01
2021,4,Male,Bachelor's+,29932544.531500123,1012547.5565999999,9885,2021-04-01
2021,4,Male,HS diploma,20800579.583100174,1451331.9121999992,7080,2021-04-01
2021,4,Male,Less than HS,5864685.384700025,512715.65330000024,1794,2021-04-01
2021,4,Male,Some college,18228246.65370003,1070711.0770999999,6241,2021-04-01
2021,4,Female,Bachelor's+,30852844.041700024,1042715.5190000001,10492,2021-04-01
2021,4,Female,HS diploma,14044284.150500018,911663.8947000002,4989,2021-04-01
2021,4,Female,Less than HS,3179877.2123000002,347347.42379999993,1022,2021-04-01
2021,4,Female,Some college,17476802.096400008,980365.9874999999,6153,2021-04-01
2021,5,Male,Bachelor's+,30053468.268800013,943142.5473,9854,2021-05-01
2021,5,Male,HS diploma,20890700.037399977,1416541.749700002,7015,2021-05-01
2021,5,Male,Less than HS,5728679.890599986,489858.73099999997,1745,2021-05-01
2021,5,Male,Some college,18314010.829200026,1040177.3765000002,6200,2021-05-01
2021,5,Female,Bachelor's+,30601666.90420009,897431.0261999995,10390,2021-05-01
2021,5,Female,HS diploma,14155137.837099979,911348.4715000001,4952,2021-05-01
2021,5,Female,Less than HS,3175120.371800002,256521.902,1007,2021-05-01
2021,5,Female,Some college,17622026.617099952,1025140.6707000001,6131,2021-05-01
2021,6,Male,Bachelor's+,29580402.289200146,1014580.5353000001,9334,2021-06-01
2021,6,Male,HS diploma,20884332.13960001,1380055.7032999997,6691,2021-06-01
2021,6,Male,Less than HS,5990291.391900006,501679.3044,1728,2021-06-01
2021,6,Male,Some college,18638555.870000012,1098199.8013000002,6066,2021-06-01
2021,6,Female,Bachelor's+,30496332.21879995,1166190.1897000002,9962,2021-06-01
2021,6,Female,HS diploma,13827367.432700042,1005985.7942000001,4649,2021-06-01
2021,6,Female,Less than HS,3301659.035100002,387939.2543000001,997,2021-06-01
2021,6,Female,Some college,17543592.191100005,1038724.5405000001,5850,2021-06-01
2021,7,Male,Bachelor's+,29937803.026200138,932018.5976999998,9384,2021-07-01
2021,7,Male,HS diploma,21063189.891900003,1264102.2510000002,6746,2021-07-01
2021,7,Male,Less than HS,5843294.691700003,446831.0876000001,1690,2021-07-01
2021,7,Male,Some college,18534315.845499992,958468.7005000003,6049,2021-07-01
2021,7,Female,Bachelor's+,30680083.520099897,1182798.1522000013,10057,2021-07-01
2021,7,Female,HS diploma,13916994.732400034,954249.7971000003,4664,2021-07-01
2021,7,Female,Less than HS,3195286.7452,384745.71640000003,958,2021-07-01
2021,7,Female,Some college,17337465.227900006,950614.033,5827,2021-07-01
2021,8,Male,Bachelor's+,29795445.999100048,901832.6501000004,9381,2021-08-01
2021,8,Male,HS diploma,21320948.1263001,1204616.3395999998,6884,2021-08-01
2021,8,Male,Less than HS,6017523.3086,360176.64169999986,1714,2021-08-01
2021,8,Male,Some college,18404099.213100042,898846.8176999995,6025,2021-08-01
2021,8,Female,Bachelor's+,30745168.160700023,1010344.9846,10049,2021-08-01
2021,8,Female,HS diploma,14398599.533499964,945964.1485,4756,2021-08-01
2021,8,Female,Less than HS,3219758.2536000027,290297.57219999994,984,2021-08-01
2021,8,Female,Some college,17266510.47670003,1017878.7035999992,5818,2021-08-01
2021,9,Male,Bachelor's+,30008984.36320018,725717.1710000001,9278,2021-09-01
2021,9,Male,HS diploma,21199403.51529996,1122723.6065,6744,2021-09-01
2021,9,Male,Less than HS,6142681.026999997,357547.07220000005,1704,2021-09-01
2021,9,Male,Some college,18360963.054600026,801210.9002000003,5881,2021-09-01
2021,9,Female,Bachelor's+,30907548.164700028,797937.0131000009,9845,2021-09-01
2021,9,Female,HS diploma,14167432.215899993,828650.9921999997,4611,2021-09-01
2021,9,Female,Less than HS,3195916.629499997,272776.4553,945,2021-09-01
2021,9,Female,Some college,17654705.731199957,791000.1337000006,5784,2021-09-01
2021,10,Male,Bachelor's+,30244063.351699907,711520.1467000002,9532,2021-10-01
2021,10,Male,HS diploma,21372335.60819994,958496.1937000002,6863,2021-10-01
2021,10,Male,Less than HS,5757284.356200016,327040.49400000006,1629,2021-10-01
2021,10,Male,Some college,18093422.26939997,719317.0408999999,5883,2021-10-01
2021,10,Female,Bachelor's+,31001484.660600033,710552.8697000004,10102,2021-10-01
2021,10,Female,HS diploma,14310964.016699981,875842.9059,4690,2021-10-01
2021,10,Female,Less than HS,3230570.286099999,243490.03879999998,950,2021-10-01
2021,10,Female,Some college,17742761.543100055,788867.7633999999,5934,2021-10-01
2021,11,Male,Bachelor's+,30356978.20289996,636424.9757999999,9347,2021-11-01
2021,11,Male,HS diploma,21420774.723200057,1010259.9497000005,6680,2021-11-01
2021,11,Male,Less than HS,5814744.770599996,271751.9372000001,1585,2021-11-01
2021,11,Male,Some college,17859842.845800024,592224.1059000002,5660,2021-11-01
2021,11,Female,Bachelor's+,31310199.48839995,683976.5599000001,9900,2021-11-01
2021,11,Female,HS diploma,14216816.74469999,745254.0103999994,4542,2021-11-01
2021,11,Female,Less than HS,3132459.028300001,196704.07280000002,911,2021-11-01
2021,11,Female,Some college,17862475.07540001,665494.2795999999,5749,2021-11-01
2021,12,Male,Bachelor's+,30205188.493599977,613315.2230999998,9263,2021-12-01
2021,12,Male,HS diploma,21385888.57970002,1059099.7781999991,6625,2021-12-01
2021,12,Male,Less than HS,5682195.022600015,298313.83300000004,1551,2021-12-01
2021,12,Male,Some college,17987270.982799955,529981.4144999998,5702,2021-12-01
2021,12,Female,Bachelor's+,31249090.648099944,564345.2638,9764,2021-12-01
2021,12,Female,HS diploma,14497860.269499963,596833.0146000001,4588,2021-12-01
2021,12,Female,Less than HS,3100794.1038999953,217748.1346,889,2021-12-01
2021,12,Female,Some college,17614542.961600058,664482.0523999998,5683,2021-12-01
2022,1,Male,Bachelor's+,30399482.68849989,742914.3730999997,9199,2022-01-01
2022,1,Male,HS diploma,22246626.692699976,1196015.0168000013,6745,2022-01-01
2022,1,Male,Less than HS,5613337.893200002,424240.72959999996,1557,2022-01-01
2022,1,Male,Some college,17940730.971100077,686985.2448000002,5618,2022-01-01
2022,1,Female,Bachelor's+,31437891.393100016,718533.3086,9872,2022-01-01
2022,1,Female,HS diploma,14627110.120899998,710592.5959999999,4651,2022-01-01
2022,1,Female,Less than HS,3161084.9381000013,287483.07690000004,913,2022-01-01
2022,1,Female,Some college,17338064.74809996,635528.7138,5580,2022-01-01
2022,2,Male,Bachelor's+,31047842.46330007,738830.2841000003,9344,2022-02-01
2022,2,Male,HS diploma,22081551.2345,1124563.3946999996,6774,2022-02-01
2022,2,Male,Less than HS,5710333.830799994,308349.2919999999,1597,2022-02-01
2022,2,Male,Some college,18257129.89989999,719164.3344999991,5751,2022-02-01
2022,2,Female,Bachelor's+,31741019.851800047,638010.7215,9972,2022-02-01
2022,2,Female,HS diploma,14609250.796199972,683049.7864999998,4697,2022-02-01
2022,2,Female,Less than HS,2987231.8612000016,202137.75860000006,892,2022-02-01
2022,2,Female,Some college,17134010.189199988,697631.8254000002,5563,2022-02-01
2022,3,Male,Bachelor's+,30743043.509699933,648873.5648999996,9032,2022-03-01
2022,3,Male,HS diploma,21980952.87509998,950434.0605999997,6628,2022-03-01
2022,3,Male,Less than HS,5931635.543299996,371288.54540000006,1613,2022-03-01
2022,3,Male,Some college,18325073.132000007,565846.417,5598,2022-03-01
2022,3,Female,Bachelor's+,31288434.54930001,534547.7114,9634,2022-03-01
2022,3,Female,HS diploma,15025659.97779999,648446.9611,4630,2022-03-01
2022,3,Female,Less than HS,3149461.8464000016,214423.92659999992,914,2022-03-01
2022,3,Female,Some college,17344489.618000038,588661.7777000002,5443,2022-03-01
2022,4,Male,Bachelor's+,30582208.767999835,615819.3573,9203,2022-04-01
2022,4,Male,HS diploma,21714721.993500054,769113.5329000001,6755,2022-04-01
2022,4,Male,Less than HS,6064222.195600003,318752.6497,1723,2022-04-01
2022,4,Male,Some college,18503781.08000004,574698.4992000002,5791,2022-04-01
2022,4,Female,Bachelor's+,31200927.184300177,528248.1080999998,9903,2022-04-01
2022,4,Female,HS diploma,14826732.184699994,591644.5483,4771,2022-04-01
2022,4,Female,Less than HS,3238203.203100004,172892.80580000006,980,2022-04-01
2022,4,Female,Some college,17186145.13660004,487124.7452999999,5547,2022-04-01
2022,5,Male,Bachelor's+,30758202.52919989,571439.0355000001,9562,2022-05-01
2022,5,Male,HS diploma,21535340.581300005,669029.6674000002,6857,2022-05-01
2022,5,Male,Less than HS,6109684.439999994,264299.8404,1766,2022-05-01
2022,5,Male,Some college,18650017.930399984,598150.2011999999,5938,2022-05-01
2022,5,Female,Bachelor's+,31508726.543700084,515255.43940000003,10271,2022-05-01
2022,5,Female,HS diploma,14701565.413100008,604120.5055999999,4814,2022-05-01
2022,5,Female,Less than HS,3290651.3976999978,162657.25,983,2022-05-01
2022,5,Female,Some college,17151549.983299974,527712.7539000001,5657,2022-05-01
2022,6,Male,Bachelor's+,30427518.444500096,602256.8838,9188,2022-06-01
2022,6,Male,HS diploma,21417524.2626,695172.9559999997,6551,2022-06-01
2022,6,Male,Less than HS,6172708.369100005,263695.5503,1712,2022-06-01
2022,6,Male,Some college,18447011.21580001,594420.9314000005,5729,2022-06-01
2022,6,Female,Bachelor's+,31280333.939199816,811620.2413999998,9818,2022-06-01
2022,6,Female,HS diploma,14361734.77880005,580421.7139999999,4521,2022-06-01
2022,6,Female,Less than HS,3242101.209699996,210554.08809999996,938,2022-06-01
2022,6,Female,Some college,17436899.69490004,550633.4985999998,5586,2022-06-01
2022,7,Male,Bachelor's+,31086396.735299967,574907.5749999998,9339,2022-07-01
2022,7,Male,HS diploma,21273759.37869998,689421.9435999999,6375,2022-07-01
2022,7,Male,Less than HS,5837901.4909999985,337941.0742,1565,2022-07-01
2022,7,Male,Some college,18444347.415299986,489167.79210000014,5695,2022-07-01
2022,7,Female,Bachelor's+,32186782.600100067,918526.6730999997,9938,2022-07-01
2022,7,Female,HS diploma,14138190.178199954,588544.0441000004,4402,2022-07-01
2022,7,Female,Less than HS,2931655.5876999977,154478.4922,828,2022-07-01
2022,7,Female,Some college,17233075.522400003,587408.2585999998,5434,2022-07-01
2022,8,Male,Bachelor's+,31175579.41760011,596092.6070999998,9492,2022-08-01
2022,8,Male,HS diploma,21630350.02509998,841153.2840000005,6557,2022-08-01
2022,8,Male,Less than HS,5765718.471800014,312324.5529999999,1542,2022-08-01
2022,8,Male,Some college,18409739.537500013,512066.1447000001,5736,2022-08-01
2022,8,Female,Bachelor's+,32495727.9039999,828808.5206999996,10169,2022-08-01
2022,8,Female,HS diploma,14581502.36669999,745424.5830999996,4581,2022-08-01
2022,8,Female,Less than HS,2908630.364200003,173092.2052999999,859,2022-08-01
2022,8,Female,Some college,17083005.555199947,634335.3942000001,5514,2022-08-01
2022,9,Male,Bachelor's+,31831383.523300063,519765.7671999998,9465,2022-09-01
2022,9,Male,HS diploma,21291023.143399995,676508.6098000002,6435,2022-09-01
2022,9,Male,Less than HS,5993912.576300003,264836.859,1622,2022-09-01
2022,9,Male,Some college,18377534.95930007,485042.7019000002,5655,2022-09-01
2022,9,Female,Bachelor's+,32051379.495799962,596210.5821999998,9842,2022-09-01
2022,9,Female,HS diploma,14459236.565200007,591043.1441999999,4542,2022-09-01
2022,9,Female,Less than HS,3153473.9417999983,155554.18649999995,938,2022-09-01
2022,9,Female,Some college,17457694.04130001,514060.4900000001,5586,2022-09-01
2022,10,Male,Bachelor's+,31984567.711099852,584441.1280999999,9443,2022-10-01
2022,10,Male,HS diploma,21149006.754999943,723319.6525000002,6371,2022-10-01
2022,10,Male,Less than HS,5947146.998200003,295601.60980000003,1589,2022-10-01
2022,10,Male,Some college,18374302.95169999,468239.18620000005,5562,2022-10-01
2022,10,Female,Bachelor's+,31871403.639399838,611091.3456999998,9795,2022-10-01
2022,10,Female,HS diploma,14326651.909299973,638145.6647,4535,2022-10-01
2022,10,Female,Less than HS,3102677.1195999957,194257.5592,883,2022-10-01
2022,10,Female,Some college,18045870.006299928,584224.9075000001,5658,2022-10-01
2022,11,Male,Bachelor's+,31805033.48869986,630705.6791,9240,2022-11-01
2022,11,Male,HS diploma,21141854.936099946,758659.1068000002,6358,2022-11-01
2022,11,Male,Less than HS,5749519.986400001,177529.2868,1546,2022-11-01
2022,11,Male,Some college,18360165.437499918,525574.0095,5477,2022-11-01
2022,11,Female,Bachelor's+,31617066.531900153,595064.9021999999,9584,2022-11-01
2022,11,Female,HS diploma,14260213.981599934,580136.6282999996,4489,2022-11-01
2022,11,Female,Less than HS,3241960.579299998,179256.81520000007,905,2022-11-01
2022,11,Female,Some college,17921721.978999976,572238.1929000001,5548,2022-11-01
2022,12,Male,Bachelor's+,31819215.923300058,583835.1148000001,9107,2022-12-01
2022,12,Male,HS diploma,21262918.75229998,718521.6640999998,6303,2022-12-01
2022,12,Male,Less than HS,5734007.872400002,315418.2387,1514,2022-12-01
2022,12,Male,Some college,18196653.047599956,520944.83109999984,5382,2022-12-01
2022,12,Female,Bachelor's+,31636635.37339998,531167.8476000002,9481,2022-12-01
2022,12,Female,HS diploma,14400729.746199975,552514.6776999999,4443,2022-12-01
2022,12,Female,Less than HS,3233599.3043,168585.2789,903,2022-12-01
2022,12,Female,Some college,17806751.27639999,502359.79110000003,5444,2022-12-01
2023,1,Male,Bachelor's+,31615243.45859999,731051.1449999999,9046,2023-01-01
2023,1,Male,HS diploma,21574485.980000116,956525.5402999999,6355,2023-01-01
2023,1,Male,Less than HS,5734662.646300011,361039.1723,1512,2023-01-01
2023,1,Male,Some college,18365728.474899925,605990.4768000003,5455,2023-01-01
2023,1,Female,Bachelor's+,31655196.731799945,629227.5202,9604,2023-01-01
2023,1,Female,HS diploma,14654731.380899956,581653.2463000001,4563,2023-01-01
2023,1,Female,Less than HS,3164316.7326999977,194710.225,895,2023-01-01
2023,1,Female,Some college,17789494.11390002,491114.45359999983,5515,2023-01-01
2023,2,Male,Bachelor's+,31976082.076700114,693181.7696000001,8934,2023-02-01
2023,2,Male,HS diploma,21408167.892199997,909663.5806000006,6226,2023-02-01
2023,2,Male,Less than HS,5741964.306900005,377012.5451000001,1502,2023-02-01
2023,2,Male,Some college,18536026.96859992,703592.8836,5350,2023-02-01
2023,2,Female,Bachelor's+,32241243.267400134,635282.3870999996,9514,2023-02-01
2023,2,Female,HS diploma,14641410.518600011,521154.7164999998,4465,2023-02-01
2023,2,Female,Less than HS,3172621.152500002,259195.61109999998,877,2023-02-01
2023,2,Female,Some college,17552165.397299994,589611.9525999997,5347,2023-02-01
2023,3,Male,Bachelor's+,31913153.938099965,646058.5500999999,8804,2023-03-01
2023,3,Male,HS diploma,21338563.323999994,1048786.7357,6093,2023-03-01
2023,3,Male,Less than HS,6052063.2596999975,347854.65700000006,1556,2023-03-01
2023,3,Male,Some college,18561738.331299968,619696.4962999999,5310,2023-03-01
2023,3,Female,Bachelor's+,32409260.350500062,628762.0175999999,9468,2023-03-01
2023,3,Female,HS diploma,14594656.825399961,536260.4931999998,4343,2023-03-01
2023,3,Female,Less than HS,3156107.5177999996,184653.77890000003,899,2023-03-01
2023,3,Female,Some college,17600194.216799997,499100.9348999999,5298,2023-03-01
2023,4,Male,Bachelor's+,32094348.173899915,610267.2106000001,9251,2023-04-01
2023,4,Male,HS diploma,21245702.27419988,847825.3387000001,6361,2023-04-01
2023,4,Male,Less than HS,5996051.999799997,296589.48850000004,1617,2023-04-01
2023,4,Male,Some college,18347787.399599966,534720.8758999999,5496,2023-04-01
2023,4,Female,Bachelor's+,32197433.83709987,528396.4519000002,9786,2023-04-01
2023,4,Female,HS diploma,14739078.553800007,556787.2375000003,4562,2023-04-01
2023,4,Female,Less than HS,3255211.801499999,213223.23859999998,939,2023-04-01
2023,4,Female,Some college,17473792.854300022,438408.70729999995,5443,2023-04-01
2023,5,Male,Bachelor's+,31907412.429799918,636980.6481000002,9327,2023-05-01
2023,5,Male,HS diploma,21373601.601500016,776172.4283999993,6474,2023-05-01
2023,5,Male,Less than HS,6067319.217799999,270830.9222,1691,2023-05-01
2023,5,Male,Some college,18289446.898500036,567509.2155,5537,2023-05-01
2023,5,Female,Bachelor's+,32294631.43639994,602489.7298000004,9882,2023-05-01
2023,5,Female,HS diploma,14910031.083900008,608573.3676000001,4640,2023-05-01
2023,5,Female,Less than HS,3344100.1662999983,207226.38559999995,977,2023-05-01
2023,5,Female,Some college,17072166.44110001,529136.5441999997,5384,2023-05-01
2023,6,Male,Bachelor's+,31644629.09100012,649368.6393000002,9175,2023-06-01
2023,6,Male,HS diploma,21419917.830600012,772948.4310000007,6441,2023-06-01
2023,6,Male,Less than HS,6033901.662899997,275375.8139,1661,2023-06-01
2023,6,Male,Some college,18651333.89179996,563738.9779999999,5554,2023-06-01
2023,6,Female,Bachelor's+,32245896.518699855,738111.8216999997,9737,2023-06-01
2023,6,Female,HS diploma,14595166.804800006,607008.2411999999,4531,2023-06-01
2023,6,Female,Less than HS,3444905.2520000017,248765.88630000004,1006,2023-06-01
2023,6,Female,Some college,17047281.929499947,550350.2888999999,5366,2023-06-01
2023,7,Male,Bachelor's+,32070895.97409988,741366.4729000002,9315,2023-07-01
2023,7,Male,HS diploma,21465067.74289993,660507.8887999997,6463,2023-07-01
2023,7,Male,Less than HS,5644634.091099992,240941.26479999998,1500,2023-07-01
2023,7,Male,Some college,18604547.88840001,547038.9846999997,5565,2023-07-01
2023,7,Female,Bachelor's+,32555724.678800095,795242.7701000004,9824,2023-07-01
2023,7,Female,HS diploma,14467318.883800048,563999.8909000001,4500,2023-07-01
2023,7,Female,Less than HS,3158530.7587999958,209860.1439,887,2023-07-01
2023,7,Female,Some college,17160433.617700033,673960.4310000001,5360,2023-07-01
2023,8,Male,Bachelor's+,31475719.845699932,781706.2571999998,9267,2023-08-01
2023,8,Male,HS diploma,21772574.797299962,792934.6496999994,6604,2023-08-01
2023,8,Male,Less than HS,5916840.374100006,227360.9339,1621,2023-08-01
2023,8,Male,Some college,18701597.24149996,589894.4694999999,5623,2023-08-01
2023,8,Female,Bachelor's+,32834322.068900038,902767.1848999998,9940,2023-08-01
2023,8,Female,HS diploma,14710976.794999974,629404.8905999998,4644,2023-08-01
2023,8,Female,Less than HS,3308447.4570000004,214512.02080000003,954,2023-08-01
2023,8,Female,Some college,16970185.422699988,601529.0830000001,5409,2023-08-01
2023,9,Male,Bachelor's+,32070016.16280013,720053.3642000004,9273,2023-09-01
2023,9,Male,HS diploma,21862761.39800003,873857.6887000004,6452,2023-09-01
2023,9,Male,Less than HS,6003476.506900005,242891.79439999993,1588,2023-09-01
2023,9,Male,Some college,18540747.321999982,519160.71630000026,5434,2023-09-01
2023,9,Female,Bachelor's+,32482789.50160008,641456.2560999999,9694,2023-09-01
2023,9,Female,HS diploma,14717326.141999952,555581.0589000002,4564,2023-09-01
2023,9,Female,Less than HS,3305327.204899998,176621.20999999996,959,2023-09-01
2023,9,Female,Some college,17582095.44960001,541133.2678999999,5451,2023-09-01
2023,10,Male,Bachelor's+,32078621.274099767,631127.6677,9524,2023-10-01
2023,10,Male,HS diploma,21436545.35299997,876293.1327999999,6441,2023-10-01
2023,10,Male,Less than HS,5949285.093999997,264427.0547999999,1612,2023-10-01
2023,10,Male,Some college,18688634.33270002,567271.4461999997,5656,2023-10-01
2023,10,Female,Bachelor's+,32903781.58090002,689116.1481,10086,2023-10-01
2023,10,Female,HS diploma,14485291.147599945,517814.7486,4584,2023-10-01
2023,10,Female,Less than HS,3246019.3206000044,189841.4222,949,2023-10-01
2023,10,Female,Some college,17646620.98469997,537417.6169000003,5608,2023-10-01
2023,11,Male,Bachelor's+,31979557.71759976,640885.6360999994,9261,2023-11-01
2023,11,Male,HS diploma,21417799.67659993,910086.6350000004,6343,2023-11-01
2023,11,Male,Less than HS,6167252.112800008,374122.529,1616,2023-11-01
2023,11,Male,Some college,18715778.9099,577885.1355999999,5560,2023-11-01
2023,11,Female,Bachelor's+,32652634.559800036,649606.6818,9855,2023-11-01
2023,11,Female,HS diploma,14489769.371700002,509596.7944999999,4478,2023-11-01
2023,11,Female,Less than HS,3385568.2173000006,192561.3107,975,2023-11-01
2023,11,Female,Some college,17511042.32739996,389098.9742999999,5469,2023-11-01
2023,12,Male,Bachelor's+,31951920.661699824,690551.7925000002,9187,2023-12-01
2023,12,Male,HS diploma,21447578.42989999,979378.7588999998,6291,2023-12-01
2023,12,Male,Less than HS,6016450.771099997,370311.1667000002,1562,2023-12-01
2023,12,Male,Some college,18647213.030900076,602483.2685000006,5529,2023-12-01
2023,12,Female,Bachelor's+,32456905.47689991,563298.4262999999,9841,2023-12-01
2023,12,Female,HS diploma,14316763.515499977,544266.7638,4408,2023-12-01
2023,12,Female,Less than HS,3402716.397699999,247881.26140000002,944,2023-12-01
2023,12,Female,Some college,17196727.643999908,460211.0325000003,5387,2023-12-01
2024,1,Male,Bachelor's+,31293661.50070007,736160.6212999999,9097,2024-01-01
2024,1,Male,HS diploma,21379032.65230002,1154484.6281000003,6288,2024-01-01
2024,1,Male,Less than HS,5981580.7073,468501.16189999995,1540,2024-01-01
2024,1,Male,Some college,18748320.326700017,702917.9609999999,5578,2024-01-01
2024,1,Female,Bachelor's+,32790371.76190003,695575.8152000001,9961,2024-01-01
2024,1,Female,HS diploma,14492538.096599981,599365.0571,4397,2024-01-01
2024,1,Female,Less than HS,3331262.915799998,263099.595,914,2024-01-01
2024,1,Female,Some college,17476231.797700033,563448.8111,5350,2024-01-01
2024,2,Male,Bachelor's+,31465708.300599955,758188.8300000002,9133,2024-02-01
2024,2,Male,HS diploma,21676575.918299977,1020175.7350000008,6470,2024-02-01
2024,2,Male,Less than HS,5864887.954600015,427812.8918999999,1556,2024-02-01
2024,2,Male,Some college,18659050.439300057,723293.1699999999,5491,2024-02-01
2024,2,Female,Bachelor's+,33095859.071699914,724986.8921000002,9989,2024-02-01
2024,2,Female,HS diploma,14904180.260200039,686899.5405999996,4528,2024-02-01
2024,2,Female,Less than HS,3096573.457399999,294977.2148,880,2024-02-01
2024,2,Female,Some college,17768258.54800003,560506.9797,5438,2024-02-01
2024,3,Male,Bachelor's+,31799490.859099902,711494.3522999997,8902,2024-03-01
2024,3,Male,HS diploma,21764825.67020004,908404.1657000004,6140,2024-03-01
2024,3,Male,Less than HS,5788158.730099997,328594.99230000004,1504,2024-03-01
2024,3,Male,Some college,18738902.5333,706076.2202999993,5265,2024-03-01
2024,3,Female,Bachelor's+,33190752.29300002,643856.0070000002,9620,2024-03-01
2024,3,Female,HS diploma,14889424.95669999,717640.3181,4277,2024-03-01
2024,3,Female,Less than HS,3135238.2218999965,198959.79679999998,865,2024-03-01
2024,3,Female,Some college,17691359.507900037,590207.2213000001,5217,2024-03-01
2024,4,Male,Bachelor's+,31571747.95090009,692131.5149000001,9129,2024-04-01
2024,4,Male,HS diploma,21570342.456899974,850011.0939999995,6385,2024-04-01
2024,4,Male,Less than HS,5916195.603799997,317119.18640000006,1600,2024-04-01
2024,4,Male,Some college,18694096.740999967,617695.2798000001,5472,2024-04-01
2024,4,Female,Bachelor's+,33087430.15139995,586399.4609999998,9859,2024-04-01
2024,4,Female,HS diploma,14980570.18479998,575915.2581000002,4493,2024-04-01
2024,4,Female,Less than HS,3254953.976299997,226412.805,930,2024-04-01
2024,4,Female,Some college,17696502.258199926,531605.3099999999,5453,2024-04-01
2024,5,Male,Bachelor's+,31955673.804900076,700167.2630000003,9153,2024-05-01
2024,5,Male,HS diploma,21790419.863799997,877124.4959999999,6490,2024-05-01
2024,5,Male,Less than HS,5923304.308300002,325556.0011,1662,2024-05-01
2024,5,Male,Some college,18031565.783299983,545766.8370999998,5310,2024-05-01
2024,5,Female,Bachelor's+,33233272.908699907,601829.4595999996,9951,2024-05-01
2024,5,Female,HS diploma,14830653.597600006,594141.9933999999,4533,2024-05-01
2024,5,Female,Less than HS,3413127.8015000033,168688.9754,984,2024-05-01
2024,5,Female,Some college,17483678.911400013,503488.3134999999,5412,2024-05-01
2024,6,Male,Bachelor's+,32110734.662599813,787607.4483000003,9136,2024-06-01
2024,6,Male,HS diploma,21386393.947099876,804963.4268000004,6385,2024-06-01
2024,6,Male,Less than HS,5985108.053799998,299944.16270000016,1622,2024-06-01
2024,6,Male,Some college,18556251.8078001,589427.5801000001,5379,2024-06-01
2024,6,Female,Bachelor's+,33066085.371199943,891174.874,9758,2024-06-01
2024,6,Female,HS diploma,14745578.286600014,667134.5827999993,4468,2024-06-01
2024,6,Female,Less than HS,3405456.430699996,202308.9008,942,2024-06-01
2024,6,Female,Some college,17056629.626799956,652931.1981999999,5274,2024-06-01
2024,7,Male,Bachelor's+,32204015.896199927,833961.4249000002,9187,2024-07-01
2024,7,Male,HS diploma,21806053.478999987,928542.5311000007,6495,2024-07-01
2024,7,Male,Less than HS,5963205.7828999935,347955.1278000001,1608,2024-07-01
2024,7,Male,Some college,18451002.502900008,646929.7084000001,5431,2024-07-01
2024,7,Female,Bachelor's+,33240558.81470001,961818.0139000006,9820,2024-07-01
2024,7,Female,HS diploma,14874306.7141,807860.8193999998,4551,2024-07-01
2024,7,Female,Less than HS,3064512.891000001,249453.77959999998,868,2024-07-01
2024,7,Female,Some college,17260339.22600003,722988.5215999997,5349,2024-07-01
2024,8,Male,Bachelor's+,31886497.51100005,847945.4877000008,9215,2024-08-01
2024,8,Male,HS diploma,22003377.802199975,812991.0179999999,6617,2024-08-01
2024,8,Male,Less than HS,6161067.234300001,352017.1858,1695,2024-08-01
2024,8,Male,Some college,18250567.93550009,652088.3657999999,5428,2024-08-01
2024,8,Female,Bachelor's+,33534677.29759989,1048964.3151,10034,2024-08-01
2024,8,Female,HS diploma,15131797.710199997,682631.0356999995,4717,2024-08-01
2024,8,Female,Less than HS,3286265.652800002,269531.5410000001,932,2024-08-01
2024,8,Female,Some college,17220937.957500014,679183.1667999999,5363,2024-08-01
2024,9,Male,Bachelor's+,32023403.017499913,714950.2966,9277,2024-09-01
2024,9,Male,HS diploma,21711358.404999986,827626.9025,6413,2024-09-01
2024,9,Male,Less than HS,6163813.521600008,288254.0107,1648,2024-09-01
2024,9,Male,Some college,18754322.433600023,588451.0945000004,5499,2024-09-01
2024,9,Female,Bachelor's+,33882959.35429994,768198.6954999999,9983,2024-09-01
2024,9,Female,HS diploma,14865050.88689999,577453.3853000003,4587,2024-09-01
2024,9,Female,Less than HS,3199503.4666,268310.54549999995,918,2024-09-01
2024,9,Female,Some college,17481935.438500028,598726.1025,5370,2024-09-01
2024,10,Male,Bachelor's+,32299049.653700177,708261.3058999999,9293,2024-10-01
2024,10,Male,HS diploma,21943880.036900003,850709.5260999998,6400,2024-10-01
2024,10,Male,Less than HS,5893027.2733,287286.09189999994,1563,2024-10-01
2024,10,Male,Some college,18563844.058999963,586419.7895999998,5481,2024-10-01
2024,10,Female,Bachelor's+,34181255.181200095,927861.1628000002,10064,2024-10-01
2024,10,Female,HS diploma,14153610.40899999,531800.5035,4372,2024-10-01
2024,10,Female,Less than HS,3022305.2769999974,223626.741,868,2024-10-01
2024,10,Female,Some college,17698360.225000042,619597.0947000002,5400,2024-10-01
2024,11,Male,Bachelor's+,31994624.43650004,711061.1314000001,9248,2024-11-01
2024,11,Male,HS diploma,21794573.043300018,1015762.2204999996,6407,2024-11-01
2024,11,Male,Less than HS,6000015.312200002,265851.7675,1584,2024-11-01
2024,11,Male,Some college,18472236.665299997,596728.5340000001,5483,2024-11-01
2024,11,Female,Bachelor's+,33899003.482099935,856059.2132000003,10078,2024-11-01
2024,11,Female,HS diploma,14325120.271099988,618093.00490000006,4341,2024-11-01
2024,11,Female,Less than HS,3113962.5188999986,239227.16509999995,900,2024-11-01
2024,11,Female,Some college,17455626.858899985,639465.7535999999,5324,2024-11-01
2024,12,Male,Bachelor's+,32322625.673199955,696246.7376000007,9261,2024-12-01
2024,12,Male,HS diploma,21364791.807400003,956726.6679000008,6280,2024-12-01
2024,12,Male,Less than HS,6028649.487999999,325675.26749999996,1581,2024-12-01
2024,12,Male,Some college,18270191.500500035,600546.3486999997,5404,2024-12-01
2024,12,Female,Bachelor's+,33457401.219799932,766891.4989000002,10067,2024-12-01
2024,12,Female,HS diploma,14581216.737699997,611041.8208000001,4375,2024-12-01
2024,12,Female,Less than HS,3229980.647600002,234406.17580000003,926,2024-12-01
2024,12,Female,Some college,17504623.61780001,562315.5460999998,5357,2024-12-01
2025,1,Male,Bachelor's+,32461414.19770004,714572.1932999998,9103,2025-01-01
2025,1,Male,HS diploma,21908475.542300016,1171778.2711999994,6266,2025-01-01
2025,1,Male,Less than HS,6015967.044700005,412874.68349999987,1543,2025-01-01
2025,1,Male,Some college,18705748.234300006,670032.0416999996,5393,2025-01-01
2025,1,Female,Bachelor's+,33985650.15659999,821733.5520999996,9914,2025-01-01
2025,1,Female,HS diploma,14816211.991399983,650705.0279000001,4348,2025-01-01
2025,1,Female,Less than HS,3371314.894299997,217831.53879999995,930,2025-01-01
2025,1,Female,Some college,17670261.813299946,674718.2915999999,5273,2025-01-01
2025,2,Male,Bachelor's+,32658055.370200057,829814.5555999997,9094,2025-02-01
2025,2,Male,HS diploma,22115839.813000064,1052761.0486000003,6241,2025-02-01
2025,2,Male,Less than HS,5627840.488899998,393607.5845999998,1444,2025-02-01
2025,2,Male,Some college,18676212.936100025,702138.2208999996,5345,2025-02-01
2025,2,Female,Bachelor's+,34372567.01279994,874494.3521000001,9911,2025-02-01
2025,2,Female,HS diploma,14441162.256699987,669340.8669000001,4207,2025-02-01
2025,2,Female,Less than HS,3218321.1633000025,279794.14069999993,859,2025-02-01
2025,2,Female,Some college,18094822.08949995,694450.4188999998,5287,2025-02-01
2025,3,Male,Bachelor's+,33117440.857700013,873110.3847999994,8888,2025-03-01
2025,3,Male,HS diploma,22077141.39619994,1026838.0881000008,6027,2025-03-01
2025,3,Male,Less than HS,5794782.194499999,384205.60110000015,1434,2025-03-01
2025,3,Male,Some college,18615751.35270005,695649.6567000004,5086,2025-03-01
2025,3,Female,Bachelor's+,34341880.086599946,886485.2130999998,9584,2025-03-01
2025,3,Female,HS diploma,14338786.201400068,587907.1573999998,4124,2025-03-01
2025,3,Female,Less than HS,3226823.351,225931.1164000001,827,2025-03-01
2025,3,Female,Some college,17911302.442899957,633823.1797000002,5098,2025-03-01
2025,4,Male,Bachelor's+,32893518.191799942,841550.6531000006,8972,2025-04-01
2025,4,Male,HS diploma,22369880.498299938,877629.8476000009,6172,2025-04-01
2025,4,Male,Less than HS,5715974.252400003,332798.82320000004,1425,2025-04-01
2025,4,Male,Some college,18755164.350000087,646228.2985999997,5198,2025-04-01
2025,4,Female,Bachelor's+,34049990.311800204,732888.7496999997,9636,2025-04-01
2025,4,Female,HS diploma,14498071.080700012,527328.8621000003,4256,2025-04-01
2025,4,Female,Less than HS,3316862.319699999,225719.93710000007,869,2025-04-01
2025,4,Female,Some college,18130514.693300005,630494.338,5281,2025-04-01
2025,5,Male,Bachelor's+,32836519.688099906,905359.5899000005,8873,2025-05-01
2025,5,Male,HS diploma,22094763.03359996,863615.3865000001,6020,2025-05-01
2025,5,Male,Less than HS,5999992.541400006,234402.14299999998,1469,2025-05-01
2025,5,Male,Some college,18444952.819900025,544054.6178000005,5053,2025-05-01
2025,5,Female,Bachelor's+,34149710.26579993,726452.2925000001,9615,2025-05-01
2025,5,Female,HS diploma,14562420.222000012,688264.5648000003,4177,2025-05-01
2025,5,Female,Less than HS,3346850.7925,214772.89659999995,862,2025-05-01
2025,5,Female,Some college,17566990.96419999,592249.5788999998,5101,2025-05-01
2025,6,Male,Bachelor's+,32609590.32539989,918057.3564000009,8759,2025-06-01
2025,6,Male,HS diploma,21995184.80600012,836588.3230999996,5965,2025-06-01
2025,6,Male,Less than HS,6027200.325399998,255273.5375,1470,2025-06-01
2025,6,Male,Some college,18889634.70250001,551317.3302000001,5149,2025-06-01
2025,6,Female,Bachelor's+,34081559.14500004,876554.5369999998,9515,2025-06-01
2025,6,Female,HS diploma,14542714.25629999,575103.2139000001,4165,2025-06-01
2025,6,Female,Less than HS,3254435.321499999,227081.69659999994,820,2025-06-01
2025,6,Female,Some college,17451525.771399982,627206.5474999999,5051,2025-06-01
2025,7,Male,Bachelor's+,33108728.756199934,993397.9868000003,8779,2025-07-01
2025,7,Male,HS diploma,21908495.093099948,948938.9136999998,5969,2025-07-01
2025,7,Male,Less than HS,5824772.615700009,275060.2672999999,1396,2025-07-01
2025,7,Male,Some college,18848260.952500027,520627.83349999983,5165,2025-07-01
2025,7,Female,Bachelor's+,34415873.133,1106836.8872999998,9462,2025-07-01
2025,7,Female,HS diploma,14492694.828900008,689495.9169000001,4113,2025-07-01
2025,7,Female,Less than HS,3067729.640100003,196276.73580000005,780,2025-07-01
2025,7,Female,Some college,17434543.314499974,640422.5922,5015,2025-07-01
2025,8,Male,Bachelor's+,33134046.05429987,929632.0120999999,9147,2025-08-01
2025,8,Male,HS diploma,22474269.937800027,901649.8294999992,6429,2025-08-01
2025,8,Male,Less than HS,5684038.658600007,308460.3979,1421,2025-08-01
2025,8,Male,Some college,18922683.93059996,587665.3834,5421,2025-08-01
2025,8,Female,Bachelor's+,34704958.99939986,1118565.9433000002,9947,2025-08-01
2025,8,Female,HS diploma,14862816.248599999,691755.5196999998,4375,2025-08-01
2025,8,Female,Less than HS,3015633.7908999994,225120.47669999994,824,2025-08-01
2025,8,Female,Some college,17171337.440599952,660248.5414000001,5145,2025-08-01
2025,9,Male,Bachelor's+,33094082.56919996,901795.4149999992,9123,2025-09-01
2025,9,Male,HS diploma,21723995.437399965,808261.1536999997,6267,2025-09-01
2025,9,Male,Less than HS,5950606.726199999,297885.47119999997,1471,2025-09-01
2025,9,Male,Some college,19319488.15679999,548380.3725999998,5511,2025-09-01
2025,9,Female,Bachelor's+,34873257.403299995,1008282.6877999997,9905,2025-09-01
2025,9,Female,HS diploma,14919324.530400004,645067.6756999999,4373,2025-09-01
2025,9,Female,Less than HS,3103278.2554000015,237033.88989999995,835,2025-09-01
2025,9,Female,Some college,17636139.18890004,682673.9946000006,5233,2025-09-01
2025,11,Male,Bachelor's+,32782163.697700046,860564.7082999997,8337,2025-11-01
2025,11,Male,HS diploma,22359289.925399993,937242.9798000002,5887,2025-11-01
2025,11,Male,Less than HS,5790282.164199986,360138.6195000001,1347,2025-11-01
2025,11,Male,Some college,18926302.763499998,614229.6163999998,5029,2025-11-01
2025,11,Female,Bachelor's+,34752461.870900035,1035209.4836999999,9283,2025-11-01
2025,11,Female,HS diploma,15061866.677700005,687276.7587000002,4085,2025-11-01
2025,11,Female,Less than HS,3188071.350599998,205057.82880000002,802,2025-11-01
2025,11,Female,Some college,17651383.955799956,598678.5143,4841,2025-11-01
2025,12,Male,Bachelor's+,32998344.685799945,787400.3720999998,8434,2025-12-01
2025,12,Male,HS diploma,21899147.739699986,876332.5037999998,5787,2025-12-01
2025,12,Male,Less than HS,5831120.914500006,348844.5899000001,1368,2025-12-01
2025,12,Male,Some college,18889942.265299983,659851.0767999999,5018,2025-12-01
2025,12,Female,Bachelor's+,34598198.10909997,951739.3837999998,9249,2025-12-01
2025,12,Female,HS diploma,14731393.157799946,591086.1689999998,4009,2025-12-01
2025,12,Female,Less than HS,3243544.315199996,193890.16460000005,827,2025-12-01
2025,12,Female,Some college,17604385.29429997,668262.0678000001,4808,2025-12-01
2026,1,Male,Bachelor's+,32446724.911000084,954931.4825999998,8451,2026-01-01
2026,1,Male,HS diploma,21710893.445300035,1233623.8630999993,5803,2026-01-01
2026,1,Male,Less than HS,5522811.648900008,374990.0209000001,1283,2026-01-01
2026,1,Male,Some college,18387181.864399992,689607.2014999996,4918,2026-01-01
2026,1,Female,Bachelor's+,34573011.63190006,1087527.1916000005,9276,2026-01-01
2026,1,Female,HS diploma,15071508.76129997,710011.6959999999,4063,2026-01-01
2026,1,Female,Less than HS,3370227.2599000004,252161.9841,813,2026-01-01
2026,1,Female,Some college,17616982.521899965,687269.2205999997,4824,2026-01-01
2026,2,Male,Bachelor's+,32743448.03610018,929626.5662999997,8670,2026-02-01
2026,2,Male,HS diploma,21402156.782900017,1274110.2375,5945,2026-02-01
2026,2,Male,Less than HS,5043555.669700011,325612.5560000001,1224,2026-02-01
2026,2,Male,Some college,18922365.66390005,712212.5093000002,5177,2026-02-01
2026,2,Female,Bachelor's+,35111838.69039994,1141201.126400001,9556,2026-02-01
2026,2,Female,HS diploma,14840147.878600037,688687.6428,4101,2026-02-01
2026,2,Female,Less than HS,3166084.6527999975,268374.01970000006,779,2026-02-01
2026,2,Female,Some college,17703828.461400017,692753.091,4932,2026-02-01
2026,3,Male,Bachelor's+,32703037.38479993,877738.1417999999,8432,2026-03-01
2026,3,Male,HS diploma,21414897.61119999,1101685.9887000006,5672,2026-03-01
2026,3,Male,Less than HS,5273697.5565,291570.0445,1226,2026-03-01
2026,3,Male,Some college,18829721.5443,697686.8254000006,4975,2026-03-01
2026,3,Female,Bachelor's+,35198808.01790005,1026466.5832999996,9189,2026-03-01
2026,3,Female,HS diploma,15088455.414600026,721477.4852999996,4018,2026-03-01
2026,3,Female,Less than HS,3227058.3137999983,286630.41250000003,773,2026-03-01
2026,3,Female,Some college,17379750.492099993,646497.9654999998,4713,2026-03-01
2026,4,Male,Bachelor's+,32481705.3418999,868545.9940999997,8647,2026-04-01
2026,4,Male,HS diploma,21869466.957199946,1008612.9072,6010,2026-04-01
2026,4,Male,Less than HS,5094576.0380000025,250905.66810000007,1254,2026-04-01
2026,4,Male,Some college,18595535.51519996,615568.0399999999,5112,2026-04-01
2026,4,Female,Bachelor's+,35073951.06599985,868570.8607999994,9470,2026-04-01
2026,4,Female,HS diploma,15183881.56120004,604554.2792999998,4212,2026-04-01
2026,4,Female,Less than HS,3399637.1259000027,278570.8157,837,2026-04-01
2026,4,Female,Some college,17059320.08079998,443163.53269999963,4828,2026-04-01
2026,5,Male,Bachelor's+,32504442.890700076,831562.7056999996,8747,2026-05-01
2026,5,Male,HS diploma,21888052.315899976,913558.0331999994,6077,2026-05-01
2026,5,Male,Less than HS,5235055.594399999,218393.8720000001,1324,2026-05-01
2026,5,Male,Some college,18339422.59440003,593867.8417999998,5140,2026-05-01
2026,5,Female,Bachelor's+,34890018.46820015,830860.5319,9562,2026-05-01
2026,5,Female,HS diploma,15115468.291400045,586360.8342999998,4219,2026-05-01
2026,5,Female,Less than HS,3301105.7675000024,213980.05360000004,829,2026-05-01
2026,5,Female,Some college,17438008.543399986,600987.7922999999,4915,2026-05-01
2026,6,Male,Bachelor's+,32159870.500100005,898625.0288999997,8595,2026-06-01
2026,6,Male,HS diploma,21628611.596199937,885406.9967999998,5926,2026-06-01
2026,6,Male,Less than HS,5419669.668199995,200654.61739999996,1328,2026-06-01
2026,6,Male,Some college,18098156.7871,657759.5058000003,5057,2026-06-01
2026,6,Female,Bachelor's+,34370451.77119996,943068.8314000008,9276,2026-06-01
2026,6,Female,HS diploma,15184399.31790001,564702.0638,4099,2026-06-01
2026,6,Female,Less than HS,3116713.9681999944,193266.86150000006,780,2026-06-01
2026,6,Female,Some college,17217378.923200008,596663.7258,4754,2026-06-01
2026,7,Male,Bachelor's+,32160012.520400003,926061.3321000002,8493,2026-07-01
2026,7,Male,HS diploma,21922948.121299915,914288.2171999998,5921,2026-07-01
2026,7,Male,Less than HS,5012380.002500002,240851.89660000007,1214,2026-07-01
2026,7,Male,Some college,18405201.445100028,681957.4510000005,5049,2026-07-01
2026,7,Female,Bachelor's+,34418878.65770013,1146176.9559000002,9256,2026-07-01
2026,7,Female,HS diploma,14911314.707800046,600118.8337000002,3991,2026-07-01
2026,7,Female,Less than HS,2918799.596300001,164895.65220000007,698,2026-07-01
2026,7,Female,Some college,17527488.710900065,690464.4172000001,4756,2026-07-01
2026,8,Male,Bachelor's+,32791019.605799925,946379.9337000006,8682,2026-08-01
2026,8,Male,HS diploma,21779378.973699994,916669.0464000005,5991,2026-08-01
2026,8,Male,Less than HS,4977125.276,222143.2653,1240,2026-08-01
2026,8,Male,Some college,18467881.472400006,708642.2336,5105,2026-08-01
2026,8,Female,Bachelor's+,35155794.131600045,1067019.5130999994,9558,2026-08-01
2026,8,Female,HS diploma,14807567.768899996,700288.6325999999,4094,2026-08-01
2026,8,Female,Less than HS,2880549.383199996,105942.62009999999,704,2026-08-01
2026,8,Female,Some college,17422830.367100004,695857.2347,4773,2026-08-01
