date,educ_group,lf_wt,unemp_wt,unemp_rate,unemp_rate_3m
1980-01-01,Less than HS,17648108.58999993,1465398.2499999995,8.303429472495134,NA
1980-02-01,Less than HS,17559738.410000026,1440720.2200000007,8.20467928599398,NA
1980-03-01,Less than HS,17500170.479999997,1383189.91,7.903865345659193,8.137324701382768
1980-04-01,Less than HS,17646477.439999953,1501790.5500000003,8.510426826579188,8.206323819410786
1980-05-01,Less than HS,17754487.01,1446288.7799999998,8.146046569441264,8.18677958055988
1980-06-01,Less than HS,17659781.54000001,1360264.8300000005,7.702614140038788,8.11969584535308
1980-07-01,Less than HS,17698222.119999986,1446748.3399999999,8.17454052836806,8.007733745949372
1980-08-01,Less than HS,17612093.080000035,1497270.3900000006,8.50137677105666,8.126177146487835
1980-09-01,Less than HS,17638133.210000023,1348001.73,7.642541951297567,8.106153083574096
1980-10-01,Less than HS,17680577.860000007,1430164.54,8.08890156941963,8.077606763924619
1980-11-01,Less than HS,17307849.609999992,1416956.8599999994,8.186787451523275,7.972743657413489
1980-12-01,Less than HS,17355129.250000022,1508497.3300000008,8.691939473743757,8.322542831562219
1981-01-01,Less than HS,17262284.400000032,1700216.8799999985,9.849315656043736,8.909347527103588
1981-02-01,Less than HS,17444365.210000012,1779010.0499999998,10.19819310467187,9.57981607815312
1981-03-01,Less than HS,17198085.320000008,1624867.2299999995,9.447954233082028,9.831820997932544
1981-04-01,Less than HS,17245904.599999975,1463743.2700000005,8.487483283422561,9.377876873725485
1981-05-01,Less than HS,17345387.66999999,1435223.0300000007,8.274378510907052,8.736605342470547
1981-06-01,Less than HS,16901334.76999995,1358185.1900000004,8.035964073149971,8.265941955826529
1981-07-01,Less than HS,16976529.47,1337416.0600000003,7.87802985506201,8.062790813039678
1981-08-01,Less than HS,16894180.04999995,1425979.0199999996,8.440652436399267,8.118215454870416
1981-09-01,Less than HS,16971174.490000017,1305256.5,7.691020446281432,8.003234245914237
1981-10-01,Less than HS,17209296.990000058,1503927.9499999997,8.73904349999828,8.290238794226326
1981-11-01,Less than HS,17084334.690000016,1570077.53,9.190159046222703,8.540074330834138
1981-12-01,Less than HS,16926486.38999996,1691066.56,9.990653234442497,9.306618593554493
1982-01-01,Less than HS,16687419.950000089,1963360.1999999997,11.765510821221882,10.31544103396236
1982-02-01,Less than HS,16666591.370000005,2002999.4999999981,12.018051295152127,11.258071783605502
1982-03-01,Less than HS,16509950.53000002,1960482.3799999994,11.874550298849364,11.886037471741124
1982-04-01,Less than HS,16429131.990000034,1935532.6499999994,11.781101102469112,11.891234232156867
1982-05-01,Less than HS,16725042.460000005,1918499.1300000004,11.470817695012297,11.708823032110255
1982-06-01,Less than HS,16521154.220000066,1902347.109999998,11.514613837918585,11.588844211799994
1982-07-01,Less than HS,16377921.799999978,1949491.4899999998,11.903167653419876,11.629533062116915
1982-08-01,Less than HS,16418538.620000007,1941756.96,11.826612617244002,11.748131369527485
1982-09-01,Less than HS,16547987.009999998,2034961.2300000018,12.2973339824975,12.009038084387123
1982-10-01,Less than HS,16584205.540000007,2067150.1699999995,12.464571576939095,12.196172725560197
1982-11-01,Less than HS,16610828.189999979,2179415.7100000014,13.12045182257709,12.627452460671227
1982-12-01,Less than HS,16363213.650000013,2289932.229999998,13.994391804570713,13.193138401362297
1983-01-01,Less than HS,16047312.419999992,2411801.820000003,15.029319283359502,14.048054303502433
1983-02-01,Less than HS,15914999.550000012,2333222.030000001,14.660522123608855,14.561411070513023
1983-03-01,Less than HS,16108928.829999968,2365218.36,14.682654476660225,14.790831961209527
1983-04-01,Less than HS,15989414.05000001,2191794.549999998,13.707785308117632,14.350320636128904
1983-05-01,Less than HS,15857927.189999964,1968979.9699999974,12.416376657610332,13.60227214746273
1983-06-01,Less than HS,15824809.009999998,1962673.6099999975,12.40251056906751,12.842224178265157
1983-07-01,Less than HS,15560070.939999979,1855630.2199999993,11.925589717137894,12.248158981271912
1983-08-01,Less than HS,15632675.629999967,1836530.0600000005,11.748021282265961,12.025373856157122
1983-09-01,Less than HS,16162243.849999996,1870403.7799999984,11.572673926708505,11.748761642037453
1983-10-01,Less than HS,16016657.260000024,1801370.439999999,11.246856386811366,11.522517198595276
1983-11-01,Less than HS,16109175.68,1822579.9400000002,11.313924288893224,11.377818200804365
1983-12-01,Less than HS,15991233.40000002,1857006.4799999993,11.61265321785621,11.391144631186933
1984-01-01,Less than HS,15702172.539999954,1875011.820000001,11.941098056485924,11.622558521078451
1984-02-01,Less than HS,15557495.81000001,1887895.9199999997,12.134960170045506,11.896237148129211
1984-03-01,Less than HS,15449124.119999968,1774054.2200000002,11.483202583008337,11.853086936513256
1984-04-01,Less than HS,15502853.570000015,1701434.4200000009,10.974975750867518,11.531046167973786
1984-05-01,Less than HS,15534195.239999983,1533721.9299999995,9.87319849084117,10.77712560823901
1984-06-01,Less than HS,15441601.619999975,1462707.5199999993,9.472511699210653,10.10689531363978
1984-07-01,Less than HS,15253056.60000002,1625332.789999999,10.65578416590939,10.000498118653738
1984-08-01,Less than HS,15310203.37,1521839.83,9.940036675032097,10.022777513384048
1984-09-01,Less than HS,15464315.54000001,1437673.9700000002,9.296719058023044,9.964179966321511
1984-10-01,Less than HS,15511391.239999995,1509137.49,9.729220716890385,9.655325483315176
1984-11-01,Less than HS,15448111.16999999,1494407.199999999,9.673721166003235,9.566553646972222
1984-12-01,Less than HS,15419892.379999988,1517488.7500000002,9.841111160854947,9.748017681249523
1985-01-01,Less than HS,15232047.160000008,1813986.6300000004,11.909014008068496,10.47461544497556
1985-02-01,Less than HS,15180256.990000006,1718439.0000000002,11.320223373899545,11.023449514274331
1985-03-01,Less than HS,15271503.490000024,1649092.07,10.798491917183181,11.342576433050409
1985-04-01,Less than HS,15198197.600000024,1660435.73,10.925214776783777,11.014643355955501
1985-05-01,Less than HS,15206390.660000043,1461337.6,9.610022737637571,10.44457647720151
1985-06-01,Less than HS,15274919.380000021,1527272.7500000005,9.99856504643626,10.177934186952536
1985-07-01,Less than HS,15281162.760000039,1521983.42,9.959866561881944,9.856151448651925
1985-08-01,Less than HS,15090136.079999978,1403005.2699999996,9.297499125004588,9.751976911107597
1985-09-01,Less than HS,15175829.649999991,1426335.54,9.398731884157655,9.552032523681396
1985-10-01,Less than HS,15153283.869999997,1383099.6400000001,9.12739213404573,9.27454104773599
1985-11-01,Less than HS,15096488.62999999,1436280.7100000002,9.514005178302188,9.346709732168524
1985-12-01,Less than HS,14968644.699999966,1398859.6700000002,9.345266041353787,9.328887784567234
1986-01-01,Less than HS,15113195.670000002,1633340.330000001,10.807378966463158,9.888883395373043
1986-02-01,Less than HS,14820455.799999954,1705146.070000001,11.505355118700237,10.552666708839059
1986-03-01,Less than HS,14978672.83000005,1668914.1500000004,11.141936064304803,11.151556716489397
1986-04-01,Less than HS,15041178.010000002,1553095.7599999998,10.325625818452764,10.990972333819267
1986-05-01,Less than HS,15211112.860000022,1465851.4500000002,9.636714049073186,10.368091977276917
1986-06-01,Less than HS,15377121.549999982,1508318.3499999994,9.808847157093592,9.923729008206513
1986-07-01,Less than HS,15024056.49000002,1477440.689999999,9.833833432291607,9.75979821281946
1986-08-01,Less than HS,14955987.649999984,1435638.02,9.599085353617562,9.747255314334252
1986-09-01,Less than HS,14863122.09000002,1411640.9200000004,9.497606972829479,9.643508586246213
1986-10-01,Less than HS,14855228.33999996,1450552.280000001,9.764590935934445,9.620427754127158
1986-11-01,Less than HS,14983008.010000004,1484239.8299999991,9.90615388451627,9.722783931093394
1986-12-01,Less than HS,14700275.660000008,1386011.5500000005,9.42847319367887,9.699739338043193
1987-01-01,Less than HS,14770560.370000018,1603723.6599999997,10.857568161444085,10.06406507987974
1987-02-01,Less than HS,14756854.109999996,1566367.2500000005,10.61450657656465,10.300182643895866
1987-03-01,Less than HS,14700583.060000006,1512831.54,10.290962840218116,10.58767919274228
1987-04-01,Less than HS,14795520.099999972,1375200.5999999996,9.294709416805173,10.066726277862644
1987-05-01,Less than HS,14966378.939999972,1287338.6199999987,8.601536986073407,9.395736414365564
1987-06-01,Less than HS,14816319.260000002,1204335.7799999996,8.128441071402772,8.674895824760448
1987-07-01,Less than HS,14751660.620000022,1176957.0899999996,7.978471850174642,8.236149969216937
1987-08-01,Less than HS,14632647.27999999,1118665.22,7.644995458402117,7.917302793326507
1987-09-01,Less than HS,14558739.270000007,1135461.1400000004,7.799172160049267,7.8075464895420055
1987-10-01,Less than HS,14869919.719999954,1234685.8300000003,8.303244760221235,7.915804126224203
1987-11-01,Less than HS,14707044.31,1201114.1500000004,8.166930925633421,8.089782615301305
1987-12-01,Less than HS,14745517.849999987,1219855.3899999992,8.272719903153488,8.247631863002711
1988-01-01,Less than HS,14760276.930000022,1349762.2100000004,9.144558848056779,8.528069892281225
1988-02-01,Less than HS,14857964.04000003,1387234.2699999993,9.336637686464588,8.917972145891616
1988-03-01,Less than HS,14932727.390000045,1316781.2499999998,8.818089392576768,9.099761975699375
1988-04-01,Less than HS,14790324.789999994,1221396.7000000002,8.258078962713574,8.804268680584974
1988-05-01,Less than HS,14972841.399999976,1213541.47,8.104951074950957,8.393706476747097
1988-06-01,Less than HS,14711294.610000003,1126529.7499999998,7.657584052692691,8.006871363452404
1988-07-01,Less than HS,14477943.119999997,1068392.7299999997,7.379451080479173,7.713995402707604
1988-08-01,Less than HS,14474872.82,1142732.4499999997,7.894594061103466,7.643876398091773
1988-09-01,Less than HS,14709931.259999964,1082549.5100000002,7.359310460843056,7.544451867475228
1988-10-01,Less than HS,14818360.060000028,1035002.9100000006,6.98459819986314,7.4128342406032175
1988-11-01,Less than HS,14981260.029999979,1201778.2799999998,8.02187718251628,7.455261947740822
1988-12-01,Less than HS,14913183.279999994,1147653.4900000007,7.695563505473133,7.5673462959508475
1989-01-01,Less than HS,14834781.130000021,1300604.9999999993,8.767267872727944,8.161569520239114
1989-02-01,Less than HS,14854345.859999992,1226054.31,8.25384248862508,8.238891288942048
1989-03-01,Less than HS,14645655.039999992,1162648.8600000006,7.938524134458934,8.31987816527065
1989-04-01,Less than HS,14587340.32000002,1173381.5699999998,8.04383488874412,8.078733837276042
1989-05-01,Less than HS,14568396.120000008,1087501.8699999992,7.464801622925658,7.815720215376234
1989-06-01,Less than HS,14609877.499999989,1034191.5599999998,7.078714794152111,7.529117101940625
1989-07-01,Less than HS,14425314.129999973,1046145.3399999997,7.252149454578302,7.265221957218686
1989-08-01,Less than HS,14361617.249999985,1024884.9199999998,7.136277914661742,7.155714054464048
1989-09-01,Less than HS,14651734.009999994,1052075.0999999999,7.180550092446023,7.189659153895351
1989-10-01,Less than HS,14493620.840000017,1025306.9999999993,7.074194994602869,7.1303410005702075
1989-11-01,Less than HS,14518898.990000026,1109977.9100000006,7.645055666855346,7.299933584634743
1989-12-01,Less than HS,14291301.509999983,1073697.2200000007,7.512942185487499,7.410730948981901
1990-01-01,Less than HS,14137504.840000015,1239792.0199999998,8.769524990663053,7.97584094766863
1990-02-01,Less than HS,14187544.560000017,1236426.98,8.714876452166001,8.332447876105514
1990-03-01,Less than HS,14323814.349999998,1288650.6100000003,8.996560402920892,8.8269872819166455
1990-04-01,Less than HS,14537436.500000024,1168318.1900000002,8.036617666395298,8.58268484049406
1990-05-01,Less than HS,14683334.990000008,1112073.0199999996,7.573708702807433,8.202295590707871
1990-06-01,Less than HS,14596025.689999944,997155.5400000003,6.831692141259886,7.480672836820869
1990-07-01,Less than HS,14435109.030000024,1109459.25,7.685839072598942,7.36374663888875
1990-08-01,Less than HS,14274410.819999982,1042301.2,7.301885963234462,7.2731390590310925
1990-09-01,Less than HS,14445999.689999994,1116195.8800000001,7.72667800050327,7.5714676787788875
1990-10-01,Less than HS,14204506.439999998,1132210.4699999997,7.970783601545538,7.666449188427753
1990-11-01,Less than HS,14253682.340000026,1297678.23,9.104161290015094,8.267207630687963
1990-12-01,Less than HS,14402407.120000027,1459675.19,10.134939096208504,9.069961329256374
1991-01-01,Less than HS,13963857.960000008,1656171.0500000003,11.860411748273036,10.366504044832206
1991-02-01,Less than HS,14014666.519999955,1792976.6800000009,12.7935736283221,11.596308157601209
1991-03-01,Less than HS,14183227.609999986,1676529.1600000001,11.820505219968066,12.15816353218773
1991-04-01,Less than HS,14249743.200000007,1470218.2399999984,10.317506914791261,11.643861921027138
1991-05-01,Less than HS,14126789.910000023,1459971.209999999,10.334769748126003,10.824260627628439
1991-06-01,Less than HS,14365045.72,1356681.0800000005,9.444321350896477,10.032199337937909
1991-07-01,Less than HS,14137263.879999993,1384841.04,9.79567936026954,9.858256819764001
1991-08-01,Less than HS,13988545.100000005,1439977.08,10.293973173807757,9.84465796165792
1991-09-01,Less than HS,14153818.720000008,1386557.9900000005,9.796352612886931,9.962001715654738
1991-10-01,Less than HS,13924596.80000001,1335864.0699999998,9.593556561723918,9.894627449472864
1991-11-01,Less than HS,13883316.080000015,1393554.2100000004,10.037617828261668,9.809175667624167
1991-12-01,Less than HS,13510109.879999999,1492428.8499999994,11.046755824017024,10.225976738000865
1992-01-01,Less than HS,13638177.080000004,1673848.1600000006,12.273254337301802,11.11920932986016
1992-02-01,Less than HS,13455993.87999999,1660689.7399999993,12.341635666677343,11.887215275998718
1992-03-01,Less than HS,13555441.58000002,1700003.8199999994,12.541117233010102,12.385335745663077
1992-04-01,Less than HS,13489492.130000006,1474942.7400000002,10.934012383756063,11.938921761147832
1992-05-01,Less than HS,13581387.030000024,1543317.0100000007,11.363471246279607,11.612866954348585
1992-06-01,Less than HS,13897329.50999998,1607278.7399999993,11.56537836167347,11.287620663903041
1992-07-01,Less than HS,13756292.910000004,1590253.06,11.560186093769353,11.496345233907471
1992-08-01,Less than HS,13305779.739999995,1491780.06,11.211519273202704,11.44569457621517
1992-09-01,Less than HS,13232892.49000002,1423547.2100000004,10.757642073157946,11.176449146709993
1992-10-01,Less than HS,12966761.999999989,1389559.0299999998,10.716314759228256,10.895158701862961
1992-11-01,Less than HS,12912237.41999999,1442058.5299999996,11.16815376834978,10.880703533578654
1992-12-01,Less than HS,12799884.000000022,1479594.6100000003,11.559437648028666,11.147968725202228
1993-01-01,Less than HS,12780284.960000005,1634214.2800000007,12.786994070279324,11.83819516221925
1993-02-01,Less than HS,12774324.069999993,1587895.85,12.43037080708726,12.258934175131742
1993-03-01,Less than HS,12758849.939999994,1556279.6299999992,12.197648199630757,12.471671025665772
1993-04-01,Less than HS,12715487.019999996,1372376.8200000008,10.792955219421877,11.806991408713293
1993-05-01,Less than HS,12642563.690000001,1237293.2000000011,9.786727046340085,10.925776821797568
1993-06-01,Less than HS,12726312.310000021,1342823.9199999997,10.55155560613456,10.377079290632167
1993-07-01,Less than HS,12649547.170000002,1274770.8000000003,10.077600271915506,10.138627641463378
1993-08-01,Less than HS,12548036.829999994,1239170.7099999997,9.87541498951753,10.168190289189193
1993-09-01,Less than HS,12404857.639999986,1210526.3499999996,9.758486434351383,9.903833898594801
1993-10-01,Less than HS,12368228.890000004,1242232.9800000002,10.043741840874032,9.89254775491431
1993-11-01,Less than HS,12162865.550000034,1211569.7700000007,9.961219788374603,9.921149354533334
1993-12-01,Less than HS,12113300.889999993,1356308.4599999997,11.196852718483083,10.400604782577235
1994-01-01,Less than HS,12069602.029099988,1478839.9926000005,12.252599456340777,11.136890654399481
1994-02-01,Less than HS,12243284.336200004,1414536.5174000002,11.553570745862752,11.667674306895533
1994-03-01,Less than HS,12303891.09010001,1447542.6643999992,11.764917730495233,11.857029310899582
1994-04-01,Less than HS,12358657.2984,1259810.6794999996,10.193750413834191,11.17074629673072
1994-05-01,Less than HS,12357123.638899978,1036849.8023000001,8.390705091239985,10.116457745189797
1994-06-01,Less than HS,12239451.729400028,1119745.9703000002,9.148661190519599,9.244372231864586
1994-07-01,Less than HS,11914350.580399992,1134600.1899000003,9.522971329771876,9.020779203843814
1994-08-01,Less than HS,12288439.284399996,1142554.5516999997,9.297800357368873,9.323144292553442
1994-09-01,Less than HS,12507423.17789999,1139686.8671000001,9.112083687339943,9.310951791493558
1994-10-01,Less than HS,12495206.344800007,1137987.4466,9.107392188633872,9.172425411114224
1994-11-01,Less than HS,12469506.173799997,1101865.9979999997,8.836484642151738,9.018653506041845
1994-12-01,Less than HS,12304311.119700007,1085287.7284,8.820385943121863,8.92142092463582
1995-01-01,Less than HS,12204102.017299999,1312657.403,10.755870453551065,9.470913679608216
1995-02-01,Less than HS,11974772.993699996,1209617.2758999995,10.101379596393075,9.892545331021994
1995-03-01,Less than HS,12113372.539699998,1125473.9981000002,9.2911696921019,10.049473247348674
1995-04-01,Less than HS,12386676.735500012,1136656.1550000003,9.176441585355679,9.52299695795021
1995-05-01,Less than HS,12313125.593000017,990145.2226000009,8.041380030777043,8.836330436078201
1995-06-01,Less than HS,12009180.058200013,977687.1220000002,8.141164652889216,8.452995423007307
1995-07-01,Less than HS,11527943.55980001,1018892.2361000001,8.838456146272772,8.340333609979671
1995-08-01,Less than HS,11651734.040700018,1028118.0126,8.823733952463545,8.601118250541838
1995-09-01,Less than HS,12279813.37400002,1010348.1015000001,8.22771544426892,8.629968514335072
1995-10-01,Less than HS,12238811.65869999,1053533.3745999997,8.608134547532586,8.553194648088343
1995-11-01,Less than HS,12308828.119400028,1099024.9602,8.928753814246699,8.58820126868273
1995-12-01,Less than HS,12246072.823799979,1188631.5824999998,9.70622663773418,9.081038333171149
1996-01-01,Less than HS,12331867.790900009,1297201.4056,10.519099195640397,9.718026549207085
1996-02-01,Less than HS,12137896.778499998,1226854.1108,10.107633416137968,10.110986416504176
1996-03-01,Less than HS,12688170.703300005,1334802.5774999992,10.520055323284993,10.382262645021113
1996-04-01,Less than HS,12651626.66909998,1166841.7522000005,9.222859500350781,9.95018274659124
1996-05-01,Less than HS,12658778.238500014,1100937.8926999997,8.697031198094942,9.479982007243565
1996-06-01,Less than HS,12498779.358300015,1002990.5983999998,8.024708410697304,8.64819970304767
1996-07-01,Less than HS,12053044.608300023,1007261.8346,8.35690787957737,8.359549162789866
1996-08-01,Less than HS,12332062.629700013,963917.6835000004,7.816354104288623,8.065990131521092
1996-09-01,Less than HS,12513214.579300003,938972.6685000001,7.50384853188162,7.892370171915864
1996-10-01,Less than HS,12252601.47889999,908573.1894,7.415349229832044,7.578517288667423
1996-11-01,Less than HS,12585577.076600019,1037981.5769999993,8.247389616562652,7.7221957927587654
1996-12-01,Less than HS,12654910.671400003,1084799.6406,8.572163555856925,8.078300800750535
1997-01-01,Less than HS,12787584.990399994,1359278.8153000006,10.629675707496373,9.149742959971977
1997-02-01,Less than HS,12380158.877200002,1289202.3831000002,10.413455884433501,9.87176504926226
1997-03-01,Less than HS,12933345.811000038,1259893.8946999998,9.74143824120467,10.26152327771151
1997-04-01,Less than HS,12786834.54900001,1072671.7722000007,8.388876606555362,9.514590244064506
1997-05-01,Less than HS,12830774.463700002,953094.4383999996,7.42819103473787,8.519501960832628
1997-06-01,Less than HS,12688643.998999987,949216.009,7.480830962511119,7.765966201268111
1997-07-01,Less than HS,12170848.428300004,893269.1438999996,7.3394155646778465,7.416145853975607
1997-08-01,Less than HS,12436863.462100018,874015.9267999999,7.027623399287673,7.282623308825541
1997-09-01,Less than HS,12617074.55410001,932640.6636000003,7.3918931016931495,7.252977355219552
1997-10-01,Less than HS,12379952.718600016,905764.5174,7.31638107178836,7.245299190923056
1997-11-01,Less than HS,12643396.633600015,926598.5386999997,7.328715261827271,7.345663145102922
1997-12-01,Less than HS,12662251.299499981,982936.6658000001,7.762732254720101,7.469276196111906
1998-01-01,Less than HS,12780602.180000015,1082872.8114000002,8.472783959229682,7.854743825259014
1998-02-01,Less than HS,12364839.006100014,1009626.8824,8.165305524009776,8.133607245986516
1998-03-01,Less than HS,12653738.361099988,1037472.9723999993,8.19894439724935,8.279011293496266
1998-04-01,Less than HS,12930491.844999965,920783.3209999998,7.121023175588277,7.828424365615798
1998-05-01,Less than HS,13017195.390500009,791178.8398,6.077951632940878,7.132639735259499
1998-06-01,Less than HS,13075292.951899998,852548.0861,6.520298162620628,6.573090990383258
1998-07-01,Less than HS,12355025.081599995,853832.9193999999,6.910814941780978,6.503021579114158
1998-08-01,Less than HS,12503463.750699986,810496.5549000003,6.482176227804283,6.637763110735293
1998-09-01,Less than HS,12711434.328000009,801823.4683999999,6.307891365444022,6.566960845009757
1998-10-01,Less than HS,12228347.291299984,773669.2972000004,6.3268508717481176,6.372306154998804
1998-11-01,Less than HS,12468860.090999993,866529.6328000003,6.949549730094897,6.528097322429009
1998-12-01,Less than HS,12578095.734499995,916704.1525,7.288099660313492,6.854833420718832
1999-01-01,Less than HS,12519212.84220003,1083509.4258000006,8.654772783698379,7.6308073913689185
1999-02-01,Less than HS,11973521.586100016,1027536.9486,8.581743818734674,8.174872087582179
1999-03-01,Less than HS,12189744.627699994,871963.6930000001,7.153256443277314,8.12992434857012
1999-04-01,Less than HS,12023065.345599985,809005.0826000004,6.728775560519328,7.487925274177101
1999-05-01,Less than HS,12071734.675100008,734046.1414000001,6.080701416624856,6.654244473473828
1999-06-01,Less than HS,12264477.14179999,767691.2917000001,6.259470198558585,6.356315725234253
1999-07-01,Less than HS,11794583.933700006,761347.138,6.45505718794069,6.265076267708039
1999-08-01,Less than HS,12331838.525999997,801424.9545,6.498827833419202,6.404451739972821
1999-09-01,Less than HS,12339775.611199986,781454.7779999997,6.332811897249782,6.428898972869887
1999-10-01,Less than HS,12113898.162099995,747043.6744999997,6.166831390718053,6.332823707129008
1999-11-01,Less than HS,12252411.317100013,786996.2763,6.423195042445505,6.307612776804443
1999-12-01,Less than HS,12006173.436499994,742045.4880999996,6.180532806931686,6.2568530800317435
2000-01-01,Less than HS,12476392.914900016,979932.3022,7.854291772341582,6.819339873906254
2000-02-01,Less than HS,12139318.91400002,851486.6909999996,7.014287185568525,7.016370588280594
2000-03-01,Less than HS,12266960.898100017,947221.2124000005,7.72172684227527,7.530101933395122
2000-04-01,Less than HS,12433185.038900012,747035.9791,6.0084039348142095,6.914805987552665
2000-05-01,Less than HS,12396054.49280002,766507.0638000002,6.183476074949568,6.637868950679679
2000-06-01,Less than HS,12632219.207299996,734566.3068999997,5.815021848856956,6.00230061954024
2000-07-01,Less than HS,12414278.189100023,740197.1301999999,5.962466113010962,5.986988012272492
2000-08-01,Less than HS,12948678.273500003,718489.3232000002,5.548746428200459,5.7754114633561215
2000-09-01,Less than HS,13072670.186000023,726601.3482,5.558170885226973,5.68979447547946
2000-10-01,Less than HS,12655689.370899998,761793.7496000002,6.019377746040759,5.708765019822725
2000-11-01,Less than HS,12540395.793399978,825805.2751000001,6.585161175970396,6.054236602412705
2000-12-01,Less than HS,12254114.431100009,781258.0777000003,6.375475617538112,6.3266715131830855
2001-01-01,Less than HS,12536586.712899998,1025666.2403999999,8.18138352877663,7.047340107428376
2001-02-01,Less than HS,12242202.467100013,1068666.1456,8.729361799659488,7.762073648658073
2001-03-01,Less than HS,12533299.085800003,997482.9090999999,7.958661979351707,8.289802435929271
2001-04-01,Less than HS,12389157.899099998,821332.9887999999,6.629449680834765,7.772491153281983
2001-05-01,Less than HS,12842122.48909998,748633.2936000004,5.829513729022742,6.805875129736401
2001-06-01,Less than HS,12383172.015199982,781275.7056000002,6.309172679189203,6.256045363015566
2001-07-01,Less than HS,12486319.91319999,814234.8118,6.521015138649673,6.2199005156205365
2001-08-01,Less than HS,12562035.171700004,848080.3189999999,6.751137912036512,6.527108576625126
2001-09-01,Less than HS,12637617.114000015,900842.3949999999,7.128261497984792,6.800138182890322
2001-10-01,Less than HS,12570820.780699976,901502.6893999998,7.17139083538666,7.016930081802651
2001-11-01,Less than HS,12518955.342299998,992023.1020000002,7.9241683900578925,7.407940241143112
2001-12-01,Less than HS,12730173.336000005,1162260.896500001,9.129969135716413,8.075176120386985
2002-01-01,Less than HS,12723222.235000014,1288396.2241999998,10.126335926568828,9.060157817447708
2002-02-01,Less than HS,12376341.941399992,1214947.667,9.816694405766937,9.690999822684056
2002-03-01,Less than HS,12719063.704400009,1202160.8736000003,9.451645982275622,9.798225438203792
2002-04-01,Less than HS,13148596.791199982,1123203.7819999997,8.542385167303411,9.270241851781986
2002-05-01,Less than HS,13028196.355300043,973241.6573999997,7.470271638975352,8.488100929518124
2002-06-01,Less than HS,13041310.90400001,924763.7282000001,7.091033524216941,7.701230110165231
2002-07-01,Less than HS,12205519.129099993,976997.4552999998,8.00455470157492,7.521953288255735
2002-08-01,Less than HS,12370666.058400016,956535.8790999998,7.732290845006571,7.6092930235994745
2002-09-01,Less than HS,12514107.63950001,902050.0246000001,7.2082648686250295,7.648370138402171
2002-10-01,Less than HS,12401689.65849999,990013.4588999999,7.982891736219627,7.641149149950407
2002-11-01,Less than HS,12468886.6505,1122940.4423000002,9.00593993494175,8.065698846595467
2002-12-01,Less than HS,12596855.003000025,1216354.8088000007,9.656019764538987,8.881617145233454
2003-01-01,Less than HS,12631374.545400003,1326413.0246999993,10.500939703217352,9.720966467566027
2003-02-01,Less than HS,12313169.346300013,1278380.5580999998,10.382221848383338,10.179727105379891
2003-03-01,Less than HS,12916060.005600013,1286405.9939000004,9.95973999301841,10.2809671815397
2003-04-01,Less than HS,13014436.80979999,1043614.7366000002,8.01890048606751,9.453620775823085
2003-05-01,Less than HS,12987531.019600004,1048710.7492999998,8.074750679843214,8.684463719643043
2003-06-01,Less than HS,12743072.809999986,1097154.5757999998,8.609811716205686,8.234487627372134
2003-07-01,Less than HS,12239926.22180001,1007481.0496000003,8.231103940852345,8.305222112300413
2003-08-01,Less than HS,12526851.748700004,1086688.7197,8.674874912707201,8.505263523255076
2003-09-01,Less than HS,12626186.851799991,1006852.8727999999,7.974322609176839,8.293433820912126
2003-10-01,Less than HS,12571612.008299997,1051338.8443,8.362800598729008,8.337332706871015
2003-11-01,Less than HS,12698785.097899992,1106469.4891999997,8.713191700385398,8.350104969430413
2003-12-01,Less than HS,12682196.563899994,1099237.0740000003,8.667560611140425,8.581184303418276
2004-01-01,Less than HS,12425558.135499984,1332467.6966000006,10.723604381143433,9.368118897556418
2004-02-01,Less than HS,12243066.420999996,1232598.4337000004,10.067726428289062,9.819630473524306
2004-03-01,Less than HS,12422438.883200008,1251883.8198000002,10.077600957192361,10.289643922208285
2004-04-01,Less than HS,12264701.140900001,996145.8229999999,8.122055413792996,9.422460933091472
2004-05-01,Less than HS,12523868.336700015,969704.7583000001,7.742853343949423,8.647503238311591
2004-06-01,Less than HS,12531209.570800006,1016386.8473999999,8.110843902637825,7.9919175534600795
2004-07-01,Less than HS,12076860.934599984,942376.2193,7.803155343124881,7.885617529904041
2004-08-01,Less than HS,12496147.4634,944113.2157999999,7.55523427172427,7.823077839162323
2004-09-01,Less than HS,12825144.755800003,1031660.643,8.044046774079842,7.8008121296429955
2004-10-01,Less than HS,12428992.229100011,967872.1562999999,7.787213463967898,7.795498169924001
2004-11-01,Less than HS,12765858.4586,1022391.0307000002,8.00879184126661,7.946684026438114
2004-12-01,Less than HS,12910206.34249999,1138707.3322,8.820210165436409,8.205405156890302
2005-01-01,Less than HS,12599348.261700017,1163985.6149,9.238458932342779,8.689153646348595
2005-02-01,Less than HS,12305014.19629999,1134852.836599999,9.222686122062658,9.093785073280612
2005-03-01,Less than HS,12515085.089999998,1108438.7561999992,8.856821573555914,9.105988875987114
2005-04-01,Less than HS,12727363.940600008,1008421.4944,7.923254957636261,8.66758755108494
2005-05-01,Less than HS,13155115.797700021,919446.7894000001,6.989271729259516,7.9231160868172275
2005-06-01,Less than HS,13199881.988400001,845425.0507999999,6.404792493924989,7.105773060273585
2005-07-01,Less than HS,12916987.512399983,927931.3227999997,7.183805991212805,6.859290071465767
2005-08-01,Less than HS,12866328.011200022,910618.4194,7.07753151176711,6.888709998968298
2005-09-01,Less than HS,12911344.939099994,981583.0958000002,7.602485259513353,7.287940920831086
2005-10-01,Less than HS,12402129.010900017,824756.8248000001,6.65012292708079,7.110046566120414
2005-11-01,Less than HS,12630939.17249998,925110.1024000001,7.324159270865188,7.192255819153107
2005-12-01,Less than HS,12489199.480000008,1010481.9325999998,8.090846288572525,7.3550428288394984
2006-01-01,Less than HS,12623473.705700008,1047304.4334999996,8.296483661443357,7.903829740293688
2006-02-01,Less than HS,12387724.424300004,1062414.9661999994,8.576352926579037,8.321227625531638
2006-03-01,Less than HS,12561249.068799995,996052.1041000003,7.92956256694268,8.267466384988355
2006-04-01,Less than HS,12985861.274099996,864218.9509999999,6.655076107455921,7.720330533659211
2006-05-01,Less than HS,13287807.927900033,820527.6915,6.175041782303018,6.919893485567204
2006-06-01,Less than HS,13177643.103500005,854513.8769999997,6.484572926193755,6.438230271984229
2006-07-01,Less than HS,12552131.930100013,847337.1249999998,6.750543491086844,6.470052733194536
2006-08-01,Less than HS,12823083.504199995,831399.9795,6.483619787921434,6.572912068400675
2006-09-01,Less than HS,12832895.561599994,772864.4484000001,6.02252581804414,6.4188963656841365
2006-10-01,Less than HS,12620796.465300009,674898.9878999998,5.347515030098037,5.951220212021201
2006-11-01,Less than HS,12765523.935800012,842309.4429000003,6.598314704011504,5.989451850717891
2006-12-01,Less than HS,12823624.61100002,947373.6383000002,7.387721233568779,6.444516989226103
2007-01-01,Less than HS,12864039.598199997,1059442.6920999996,8.235692093549233,7.407242677043168
2007-02-01,Less than HS,12866156.041700002,1109279.4692999995,8.621685184796117,8.081699503971373
2007-03-01,Less than HS,12904409.94980001,1030964.6767999998,7.9892430634999885,8.282206780615109
2007-04-01,Less than HS,12822395.137099992,885117.1325000001,6.902900144911496,7.837942797735863
2007-05-01,Less than HS,12754971.319600008,757377.7932999997,5.9379027543258385,6.94334865424577
2007-06-01,Less than HS,12347917.388199983,762824.8794,6.1777614428241705,6.339521447353831
2007-07-01,Less than HS,11917327.428599976,828305.4767000002,6.950429797810028,6.355364664986674
2007-08-01,Less than HS,12048482.133500002,745212.5651999996,6.1851157427373,6.437768994457162
2007-09-01,Less than HS,12307956.173300013,872467.7873,7.0886487976993955,6.741398112748904
2007-10-01,Less than HS,11934393.16540001,790413.1073,6.622985319367157,6.632249953267947
2007-11-01,Less than HS,12254181.195600009,927813.0667999999,7.571399932727784,7.094344683264775
2007-12-01,Less than HS,12307434.309400003,1016249.1345000002,8.257197308165386,7.483860853420104
2008-01-01,Less than HS,12371823.109000001,1137475.1298000005,9.194078510325074,8.340891917072744
2008-02-01,Less than HS,11924304.311899992,1043043.2641000003,8.747204338445838,8.732826718978762
2008-03-01,Less than HS,12064775.211500004,1156308.6058,9.584170326669824,9.17515105848024
2008-04-01,Less than HS,12331138.252699995,933095.9798999999,7.566989849421983,8.632788171512544
2008-05-01,Less than HS,12482182.10109999,919428.9212000001,7.3659310027128635,8.17236372626822
2008-06-01,Less than HS,12491226.52300002,999905.0967999995,8.004859210253535,7.64592668746279
2008-07-01,Less than HS,11933635.489900015,987256.0174999998,8.272885646084632,7.88122528635034
2008-08-01,Less than HS,12148775.793800004,1120897.2514000002,9.22642141418099,8.501388756839715
2008-09-01,Less than HS,12199158.865699977,1127997.0848999997,9.246515250092829,8.915274103452814
2008-10-01,Less than HS,12165860.619500007,1149684.4689999998,9.450087461607378,9.307674708627063
2008-11-01,Less than HS,12174738.158400008,1284302.5081000002,10.548912768311904,9.748505160004035
2008-12-01,Less than HS,12151524.219099991,1435533.3413999993,11.813607211049305,10.60420248032286
2009-01-01,Less than HS,12220127.82910001,1777812.5424000002,14.548231960114713,12.303583979825305
2009-02-01,Less than HS,11899797.888000004,1815181.5215000003,15.253885306156887,13.871908159106965
2009-03-01,Less than HS,12083401.780000001,1890763.4810000004,15.647609137101789,15.14990880112446
2009-04-01,Less than HS,12172685.666000009,1802169.7247999995,14.805029672570189,15.235508038609618
2009-05-01,Less than HS,12385070.784200002,1756811.3162000007,14.18491138897015,14.879183399547372
2009-06-01,Less than HS,12554366.744300017,1823817.7692999998,14.527357742898953,14.505766268146425
2009-07-01,Less than HS,12134665.107399974,1789947.0437000007,14.750691740215007,14.487653624028033
2009-08-01,Less than HS,12245225.818300009,1817598.6841999998,14.84332515521004,14.707124879441329
2009-09-01,Less than HS,12271389.541899992,1681738.8108999997,13.704550777707725,14.432855891044253
2009-10-01,Less than HS,11855388.38529999,1666850.4736000001,14.059855480287768,14.202577137735174
2009-11-01,Less than HS,11946741.988599997,1740888.4584999993,14.572077141711242,14.112161133235574
2009-12-01,Less than HS,12038360.995900001,1904361.8279,15.81911215778114,14.817014926593378
2010-01-01,Less than HS,12038544.769499991,2125716.6859000027,17.657588409568977,16.01625923635378
2010-02-01,Less than HS,11435669.675499996,2042613.5871999993,17.861775000165796,17.112825189171964
2010-03-01,Less than HS,11796100.699800028,1929436.2622000007,16.356559776000466,17.291974395245074
2010-04-01,Less than HS,12219515.68139999,1800038.7405000003,14.730851757405903,16.316395511190716
2010-05-01,Less than HS,12317824.135899983,1690964.5810999996,13.727786356128648,14.938399296511667
2010-06-01,Less than HS,12335486.327199984,1607286.7106999997,13.029779840588057,13.829472651374196
2010-07-01,Less than HS,11839068.969500002,1549435.8689000006,13.087480720753314,13.281682305823333
2010-08-01,Less than HS,11772522.586800005,1573718.7800999987,13.367727846744911,13.161662802695423
2010-09-01,Less than HS,11869481.595700007,1715360.9583000005,14.451860803435842,13.635689790311352
2010-10-01,Less than HS,11541789.454999998,1628142.7430999994,14.106501850929837,13.975363500370193
2010-11-01,Less than HS,11750568.63230002,1808274.0940000007,15.388822027126487,14.649061560497385
2010-12-01,Less than HS,11786905.220300008,1872481.0968000004,15.886113121323127,15.127145666459812
2011-01-01,Less than HS,11459417.523199998,1896329.6579000007,16.548220309285476,15.941051819245025
2011-02-01,Less than HS,11087710.614300005,1758794.4402999997,15.862557217462486,16.098963549357027
2011-03-01,Less than HS,11564838.59629999,1754583.7283,15.171709606577258,15.860829044441736
2011-04-01,Less than HS,11706550.666800011,1707697.3893,14.587536823661138,15.207267882566958
2011-05-01,Less than HS,11671888.599700017,1610802.0270000002,13.80069740420072,14.51998127814637
2011-06-01,Less than HS,11667380.561100006,1547482.8676,13.26332726952812,13.883853832463323
2011-07-01,Less than HS,11620229.366200004,1658542.0900999992,14.27288599762268,13.778970223783837
2011-08-01,Less than HS,11657389.914200015,1559239.4914000002,13.375545494113315,13.637252920421368
2011-09-01,Less than HS,11872221.655600002,1553657.1437000006,13.086490370293557,13.57830728734318
2011-10-01,Less than HS,11631551.512300003,1480876.7698000001,12.731549769899733,13.064528544768862
2011-11-01,Less than HS,11714628.588299999,1507206.8427999998,12.866023292495374,12.894687810896215
2011-12-01,Less than HS,11759960.198199986,1697935.5455999998,14.438276295015784,13.345283119136958
2012-01-01,Less than HS,11397098.290799981,1702666.3298000004,14.93947219157033,14.081257259693823
2012-02-01,Less than HS,11132829.378400005,1655871.3126999994,14.873768890348153,14.750505792311415
2012-03-01,Less than HS,11367411.016200004,1574730.8745999997,13.853030143414436,14.555423741777632
2012-04-01,Less than HS,11513086.15959998,1436434.6724000005,12.476538892243546,13.73444597533537
2012-05-01,Less than HS,11679945.184300002,1442574.9191,12.350870627707112,12.893479887788358
2012-06-01,Less than HS,11660563.727400001,1340721.5537,11.497913694769075,12.108441071573237
2012-07-01,Less than HS,11535395.1178,1419955.5897,12.309553120628696,12.052779147701619
2012-08-01,Less than HS,11222631.115800014,1266157.1582,11.282177460305315,11.69654809190102
2012-09-01,Less than HS,11378629.245699994,1182891.3731000004,10.39572823367118,11.329152938201721
2012-10-01,Less than HS,11189095.508000003,1292133.5232000004,11.54814991324498,11.075351869073815
2012-11-01,Less than HS,11116444.001099996,1350621.2032999997,12.149759429961172,11.364545858959103
2012-12-01,Less than HS,11173651.772799995,1401013.2250999992,12.538543831395247,12.078817724867124
2013-01-01,Less than HS,11058708.5648,1556469.8514999996,14.074607739047048,12.920970333467814
2013-02-01,Less than HS,10892015.617199996,1389486.3616,12.756925902730154,13.12335915772414
2013-03-01,Less than HS,11185597.519299984,1336857.2646000008,11.95159455981985,12.927709400532342
2013-04-01,Less than HS,11100617.349400006,1260160.3623000002,11.352164682697692,12.020228381749222
2013-05-01,Less than HS,11500408.629300002,1198639.5776000004,10.422582503252828,11.24211391525678
2013-06-01,Less than HS,11422794.438400017,1105449.3435,9.677573639807523,10.484106941919338
2013-07-01,Less than HS,10916921.413999995,1177536.5933999997,10.786343042553298,10.295499728537875
2013-08-01,Less than HS,10918315.644800005,1152159.6070000005,10.552539828327202,10.338818836895998
2013-09-01,Less than HS,10981895.278700015,1035657.3723999993,9.430588674513345,10.256490515131272
2013-10-01,Less than HS,10593881.80419999,1083226.0783,10.225015705485314,10.069381402775278
2013-11-01,Less than HS,10925237.25810002,1167653.8399999999,10.68767489817483,10.11442642605782
2013-12-01,Less than HS,10778026.195899997,1130194.1719999996,10.486095983232344,10.46626219563082
2014-01-01,Less than HS,10828531.736699995,1219311.0527999997,11.260169729821431,10.811313537076193
2014-02-01,Less than HS,10838431.9775,1217719.7164,11.235201908614831,10.993822540556193
2014-03-01,Less than HS,11186192.731999995,1157527.428,10.347823032663268,10.947731557033167
2014-04-01,Less than HS,10999828.65789998,952302.1192000003,8.657426845608777,10.08015059562895
2014-05-01,Less than HS,11177287.904300025,958001.2961000002,8.570963764219105,9.19207121416371
2014-06-01,Less than HS,10701077.063700002,887165.7873,8.290434523730584,8.506275044519482
2014-07-01,Less than HS,10211247.911699992,987787.7277999998,9.673526060102782,8.84497478268415
2014-08-01,Less than HS,10637064.278299998,922426.3159999999,8.671812935095105,8.878591172976149
2014-09-01,Less than HS,10792271.363499993,806866.0739000002,7.476332337499055,8.60722377756564
2014-10-01,Less than HS,10683979.137499997,796183.1321,7.452121740910693,7.866755671168277
2014-11-01,Less than HS,11175025.48049999,967151.4596000001,8.65457945744861,7.861011178619445
2014-12-01,Less than HS,11039659.735500002,1007579.2110000005,9.126904588915446,8.411201929091575
2015-01-01,Less than HS,11317879.09559999,1136588.1737999993,10.042413107610122,9.274632384658052
2015-02-01,Less than HS,10864857.968099993,1033887.9339000001,9.515890009198184,9.561735901907909
2015-03-01,Less than HS,11153938.515499994,1057835.2466000002,9.483961608090153,9.680754908299479
2015-04-01,Less than HS,11582168.649800003,982132.0386999999,8.479690361933722,9.159847326407345
2015-05-01,Less than HS,11517199.366199987,925942.5376999998,8.0396501637143,8.667767377912718
2015-06-01,Less than HS,11242582.850800013,827434.2340999995,7.359823317122542,7.959721280923514
2015-07-01,Less than HS,10622673.502799999,889554.6037000001,8.374112255879135,7.924528578905318
2015-08-01,Less than HS,10513543.248599997,783817.1192999999,7.455308840855099,7.72974813795225
2015-09-01,Less than HS,10576209.334899997,737009.3008000003,6.968558180556938,7.599326425763716
2015-10-01,Less than HS,10522363.831799984,714642.5343000002,6.7916539070836475,7.071840309498554
2015-11-01,Less than HS,11040746.26800001,746702.1159999999,6.763148956372694,6.841120348004419
2015-12-01,Less than HS,10859817.97410001,762298.0959999999,7.019437138062842,6.858080000506387
2016-01-01,Less than HS,11080804.544200012,970968.5660999997,8.76261793290299,7.515068009112834
2016-02-01,Less than HS,10392030.694399996,851712.5745999999,8.195824277722414,7.992626449562741
2016-03-01,Less than HS,10817276.478499984,889996.6575,8.22754839694561,8.395330202523663
2016-04-01,Less than HS,11066208.324099995,832227.0390000001,7.520435316472179,7.9812693303800595
2016-05-01,Less than HS,10814492.932200007,722228.0779000001,6.678335104825635,7.475439606081134
2016-06-01,Less than HS,10756499.369499994,723741.3473000001,6.728409703180622,6.975726708159471
2016-07-01,Less than HS,10457285.734100003,653146.8939000003,6.2458549044917415,6.550866570832659
2016-08-01,Less than HS,10676142.6915,745909.4458999999,6.986694234555977,6.65365294740944
2016-09-01,Less than HS,10796465.035000006,830796.7602000001,7.695081283612009,6.9758768075532345
2016-10-01,Less than HS,10473131.816800019,708379.298,6.763777162278088,7.148517560148683
2016-11-01,Less than HS,10717992.13860001,837971.1052000001,7.818359020642614,7.425739155510896
2016-12-01,Less than HS,10498118.003600005,863195.9923,8.222387974720743,7.60150805254714
2017-01-01,Less than HS,10640710.352700002,946732.7002000002,8.897269719965394,8.312672238442909
2017-02-01,Less than HS,9975097.856099999,891024.0361999995,8.93248416260015,8.684047285762087
2017-03-01,Less than HS,10157167.916099992,765173.7755000001,7.533337853823735,8.454363912129752
2017-04-01,Less than HS,10284509.7369,655203.8196,6.370783210493555,7.612201742305806
2017-05-01,Less than HS,10652562.55749998,586816.7718000001,5.508691158887862,6.470937407735043
2017-06-01,Less than HS,10492123.79200001,621988.8208000001,5.92814984964485,5.935874739675415
2017-07-01,Less than HS,10446757.434399996,729179.202,6.979957241075542,6.138932749869411
2017-08-01,Less than HS,10527966.8793,594280.5773999998,5.644780081598369,6.184295724106246
2017-09-01,Less than HS,10634307.202799985,629489.9175,5.919425736866591,6.181387686513493
2017-10-01,Less than HS,10140238.975499995,522980.98499999987,5.157481852879239,5.5738958904480596
2017-11-01,Less than HS,10297355.505800001,514751.4251,4.998870096405485,5.358592562050432
2017-12-01,Less than HS,10180299.5355,691816.2307000002,6.795637282454696,5.650663077246467
2018-01-01,Less than HS,10494530.133500002,748131.8765999998,7.128779155265452,6.3077621780418704
2018-02-01,Less than HS,9990085.0129,710649.0563999999,7.113543633335979,7.012653357018702
2018-03-01,Less than HS,10240325.937099988,660135.2675999999,6.446428284165993,6.8962503575891345
2018-04-01,Less than HS,10478479.033699995,606947.5218999999,5.792324629824489,6.45076551577548
2018-05-01,Less than HS,10579825.745299993,485021.94590000005,4.584403917195587,5.607718943728682
2018-06-01,Less than HS,10686839.660299981,532682.1916999999,4.984468829253936,5.1203991254246635
2018-07-01,Less than HS,10099867.661500009,482256.91709999996,4.774883525834004,4.781252090761169
2018-08-01,Less than HS,10347180.6882,521666.9454000001,5.041633669303879,4.933662008130599
2018-09-01,Less than HS,10320044.004299996,495651.5787000001,4.802804895923696,4.873107363687185
2018-10-01,Less than HS,10107171.241400005,517867.1255000002,5.123759290618957,4.98939928528217
2018-11-01,Less than HS,10282230.307399997,559302.6797000002,5.439507412097906,5.122023866213513
2018-12-01,Less than HS,10304194.031100016,668282.5208,6.485538983281917,5.682935228666253
2019-01-01,Less than HS,10249972.05739999,770609.182,7.518158856283487,6.4810684172210955
2019-02-01,Less than HS,9942672.691999998,675863.2671999999,6.797601491436082,6.933766443667154
2019-03-01,Less than HS,10077168.6086,693187.9733,6.878797013562157,7.064852453760568
2019-04-01,Less than HS,10083854.86540001,522478.1204000001,5.181333204157279,6.2859105697184985
2019-05-01,Less than HS,10158189.611499997,447719.50840000005,4.4074734329938154,5.4892012169044095
2019-06-01,Less than HS,10199319.90109999,472822.37369999976,4.6358225674341895,4.741543068195088
2019-07-01,Less than HS,9852820.530099994,466145.3561000001,4.73108542549764,4.5914604753085415
2019-08-01,Less than HS,10110655.102300005,488582.5129999999,4.83235268196277,4.733086891631526
2019-09-01,Less than HS,10062797.311000004,402189.0717999999,3.9967919393581806,4.520076682272856
2019-10-01,Less than HS,9618934.078299997,454024.38269999996,4.720111178683137,4.516418600001355
2019-11-01,Less than HS,9803842.2747,502984.13249999983,5.1304796467198495,4.615794254920382
2019-12-01,Less than HS,9946909.368700003,593254.4812,5.964209175030763,5.271600000144576
2020-01-01,Less than HS,9686525.880000003,725278.81,7.487501907133705,6.194063576294766
2020-02-01,Less than HS,9334412.876999993,673147.1757999997,7.211457053272579,6.887722711812342
2020-03-01,Less than HS,9155646.044999996,736901.9826,8.048607154297219,7.582522038234494
2020-04-01,Less than HS,8696317.991200004,1826786.516199999,21.006436494716095,12.088833567428622
2020-05-01,Less than HS,8462260.769699998,1567944.5075000003,18.52867159464275,15.861238414552012
2020-06-01,Less than HS,8551296.340799991,1309175.4305999998,15.309672106130332,18.281593398496383
2020-07-01,Less than HS,8129580.382900005,1199948.5333,14.760276383071464,16.199540027948174
2020-08-01,Less than HS,8575267.9659,1003116.9175999998,11.697790921390986,13.92257980353092
2020-09-01,Less than HS,9007633.958699994,853673.8488999999,9.477226237368159,11.978431180610196
2020-10-01,Less than HS,9117773.333200002,807479.4850999999,8.856103958625217,10.010373705794782
2020-11-01,Less than HS,9453275.984699992,830500.2514,8.785316886380489,9.03954902745795
2020-12-01,Less than HS,9280489.232200002,964190.7059999998,10.389438335369222,9.343619726791637
2021-01-01,Less than HS,9314734.462399997,1011225.0651999996,10.856187788089146,10.010314336612947
2021-02-01,Less than HS,8618910.839000002,1030250.0173000002,11.953366690350096,11.066330937936149
2021-03-01,Less than HS,8835212.426700007,840474.166,9.512778249225649,10.774110909221625
2021-04-01,Less than HS,9044562.597000025,860063.0771000001,9.509172697696547,10.325105879090758
2021-05-01,Less than HS,8903800.262399988,746380.633,8.382719861224915,9.134890269382364
2021-06-01,Less than HS,9291950.427000009,889618.5587000002,9.574077753525227,9.155323437482224
2021-07-01,Less than HS,9038581.436900003,831576.804,9.20030216915553,9.052366594635219
2021-08-01,Less than HS,9237281.562200002,650474.2138999999,7.041835950544299,8.605405291075012
2021-09-01,Less than HS,9338597.656499993,630323.5275000001,6.749659324505459,7.663932481401756
2021-10-01,Less than HS,8987854.642300015,570530.5328,6.3477943903863565,6.713096555145365
2021-11-01,Less than HS,8947203.798899997,468456.0100000001,5.235781150504182,6.111078288465326
2021-12-01,Less than HS,8782989.12650001,516061.96760000003,5.875698582421551,5.8197580411040235
2022-01-01,Less than HS,8774422.831300003,711723.8065000001,8.111346127076855,6.407608620000857
2022-02-01,Less than HS,8697565.691999996,510487.05059999996,5.869309513460127,6.618784740986172
2022-03-01,Less than HS,9081097.389699997,585712.472,6.449798376398092,6.8101513389783515
2022-04-01,Less than HS,9302425.398700006,491645.45550000004,5.285131935255363,5.868079941704521
2022-05-01,Less than HS,9400335.83769999,426957.0904,4.541934434807011,5.425621582153482
2022-06-01,Less than HS,9414809.5788,474249.63839999994,5.037272760862862,4.954779710308405
2022-07-01,Less than HS,8769557.078699997,492419.5664,5.615101902877363,5.064769699515739
2022-08-01,Less than HS,8674348.836000018,485416.7582999998,5.596002276106744,5.41612564661565
2022-09-01,Less than HS,9147386.5181,420391.04549999995,4.595750323528684,5.2689515008375905
2022-10-01,Less than HS,9049824.1178,489859.169,5.412913694493812,5.2015554313764065
2022-11-01,Less than HS,8991480.565699998,356786.1020000001,3.9680461898682178,4.658903402630231
2022-12-01,Less than HS,8967607.176700002,484003.5176,5.39724263187573,4.92606750541258
2023-01-01,Less than HS,8898979.379000008,555749.3973,6.245091415892801,5.203460079212243
2023-02-01,Less than HS,8914585.4594000075,636208.1562000001,7.136710496494807,6.25968151475444
2023-03-01,Less than HS,9208170.777499996,532508.4359000002,5.78299912943812,6.388267013941903
2023-04-01,Less than HS,9251263.801299997,509812.7271,5.510736025367265,6.143481883766724
2023-05-01,Less than HS,9411419.384099998,478057.30779999995,5.07954526612264,5.457760140309335
2023-06-01,Less than HS,9478806.9149,524141.7002000001,5.529616806267962,5.373299365919283
2023-07-01,Less than HS,8803164.849899989,450801.40870000003,5.120901589217899,5.2433545538694935
2023-08-01,Less than HS,9225287.831100006,441872.9547,4.78980128089198,5.146773225459274
2023-09-01,Less than HS,9308803.711800003,419513.00439999986,4.506626387107269,4.805776419072377
2023-10-01,Less than HS,9195304.414600002,454268.47699999996,4.940222275607618,4.745549981202283
2023-11-01,Less than HS,9552820.330100007,566683.8397,5.93211031002472,5.126319657579863
2023-12-01,Less than HS,9419167.168799996,618192.4281000001,6.563132568107484,5.8118217179132685
2024-01-01,Less than HS,9312843.623099998,731600.7568999999,7.855825637244723,6.783689505125636
2024-02-01,Less than HS,8961461.412000014,722790.1066999999,8.065538347708937,7.494832184353709
2024-03-01,Less than HS,8923396.951999992,527554.7891,5.9120399096642196,7.277801298205954
2024-04-01,Less than HS,9171149.580099994,543531.9914,5.926541560061152,6.634706605811431
2024-05-01,Less than HS,9336432.109800005,494244.9765,5.2937243123228495,5.710768594016069
2024-06-01,Less than HS,9390564.484499995,502253.06350000016,5.348486391089863,5.52291742115795
2024-07-01,Less than HS,9027718.673899995,597408.9074000001,6.617495836762911,5.7532355133918704
2024-08-01,Less than HS,9447332.887100004,621548.7268000001,6.579092048812027,6.18169142555493
2024-09-01,Less than HS,9363316.988200009,556564.5562,5.944096060203909,6.380227981926278
2024-10-01,Less than HS,8915332.550299997,510912.8328999999,5.73072098003577,6.084636363017229
2024-11-01,Less than HS,9113977.831100002,505078.93259999994,5.54180558654091,5.738874208926858
2024-12-01,Less than HS,9258630.1356,560081.4432999999,6.049290608839124,5.773939058471929
2025-01-01,Less than HS,9387281.939000003,630706.2222999998,6.718731006466254,6.103275733948757
2025-02-01,Less than HS,8846161.6522,673401.7252999998,7.612360612159148,6.793460742488169
2025-03-01,Less than HS,9021605.5455,610136.7175000003,6.763061346706054,7.031384321777146
2025-04-01,Less than HS,9032836.572100002,558518.7603000001,6.183204532063759,6.852875496976314
2025-05-01,Less than HS,9346843.333900006,449175.03959999996,4.805633555137165,5.91729981130232
2025-06-01,Less than HS,9281635.646899996,482355.2340999999,5.196877494982291,5.3952385273944
2025-07-01,Less than HS,8892502.2558000125,471337.0031,5.3003866576764365,5.100965902598626
2025-08-01,Less than HS,8699672.449500006,533580.8745999999,6.133344418394353,5.5435361903510225
2025-09-01,Less than HS,9053884.981600001,534919.3610999999,5.908174912616009,5.780635329562261
2025-11-01,Less than HS,8978353.514799984,565196.4483,6.295101294110619,6.112206875040322
2025-12-01,Less than HS,9074665.229700001,542734.7545000002,5.980768885266552,6.061348363997721
2026-01-01,Less than HS,8893038.908800008,627152.0050000001,7.052167559723693,6.442679246366949
2026-02-01,Less than HS,8209640.322500008,593986.5757000002,7.235232633420885,6.756056359470371
2026-03-01,Less than HS,8500755.870299999,578200.457,6.8017534654785345,7.029717886207699
2026-04-01,Less than HS,8494213.163900005,529476.4838,6.23337881429971,6.756788304399705
2026-05-01,Less than HS,8536161.361900002,432373.92560000013,5.065203283642721,6.033445187806983
2026-06-01,Less than HS,8536383.636399988,393921.47890000005,4.614617801621282,5.304399966521232
2026-07-01,Less than HS,7931179.5988000035,405747.5488000001,5.115853748430942,4.931891611231642
2026-08-01,Less than HS,7857674.659199996,328085.8854,4.175355937088429,4.635275829046878
1980-01-01,HS diploma,31910494.800000012,1559941.3199999998,4.888489914609533,NA
1980-02-01,HS diploma,32041934.18,1601320.7999999993,4.997578457668498,NA
1980-03-01,HS diploma,31997395.51999992,1600000.750000001,5.000409327065145,4.9621592331143916
1980-04-01,HS diploma,32171432.690000057,1717772.8800000008,5.339435444334256,5.112474409689299
1980-05-01,HS diploma,32011263.09000004,1716796.1199999992,5.363100216237038,5.234314995878813
1980-06-01,HS diploma,31868966.980000008,1733083.69,5.438154588090761,5.380230082887351
1980-07-01,HS diploma,31676399.400000006,1883570.0700000003,5.946288421909467,5.582514408745755
1980-08-01,HS diploma,32012648.39000001,1904099.3399999999,5.947959434042936,5.7774674813477205
1980-09-01,HS diploma,32532921.170000006,1877917.1599999995,5.772359482221065,5.888869112724488
1980-10-01,HS diploma,32692697,1779909.9300000002,5.444365541331754,5.721561485865251
1980-11-01,HS diploma,32899136.90000009,1807498.9099999988,5.494061791025265,5.570262271526026
1980-12-01,HS diploma,32813207.559999987,1789205.34,5.452698693745138,5.463708675367383
1981-01-01,HS diploma,32836183.139999833,2063840.1699999997,6.285262087863998,5.744007524211464
1981-02-01,HS diploma,33191167.100000024,2071776.9400000009,6.24195266697928,5.9933044828628015
1981-03-01,HS diploma,33558851.859999835,2038614.069999999,6.074743195937242,6.20065265026017
1981-04-01,HS diploma,33645419.23000001,1729821.7200000002,5.141329071202659,5.81934164470639
1981-05-01,HS diploma,33658561.27999993,1777575.3300000005,5.281198192675704,5.499090153271864
1981-06-01,HS diploma,33350758.28999982,1715787.810000001,5.144674058324118,5.189067107400823
1981-07-01,HS diploma,33022577.27000004,1757436.9900000005,5.321925589365116,5.2492659467883085
1981-08-01,HS diploma,32680328.78999999,1730296.250000001,5.294610899170214,5.253736848953145
1981-09-01,HS diploma,32883397.77000002,1786222.77,5.431989669965297,5.3495087195002045
1981-10-01,HS diploma,33120505.859999925,1919065.3799999992,5.794191031114896,5.506930533416798
1981-11-01,HS diploma,33625707.87000001,2131251.8099999996,6.338161915399995,5.854780872160059
1981-12-01,HS diploma,33783861.84,2363143.120000001,6.994887473764311,6.37574680675973
1982-01-01,HS diploma,33631890.26000012,2575364.209999998,7.657506581076687,6.9968519900803265
1982-02-01,HS diploma,33924082.200000025,2646697.9800000014,7.801826337987117,7.484740130942701
1982-03-01,HS diploma,34190139.56000004,2799431.0900000003,8.187831714132955,7.882388211065582
1982-04-01,HS diploma,33986898.770000085,2672584.5799999996,7.863572955232575,7.9510770024508775
1982-05-01,HS diploma,34170757.68999996,2497713.420000002,7.309505521239745,7.786970063535087
1982-06-01,HS diploma,33863479.45999998,2519671.8499999978,7.440676180297036,7.537918218923114
1982-07-01,HS diploma,33816843.79000005,2615585.9100000015,7.734565432074575,7.494915711203781
1982-08-01,HS diploma,33912836.95999999,2663786.180000001,7.854801953437049,7.676681188602882
1982-09-01,HS diploma,34252469.51000001,2733521.2700000005,7.980508585525341,7.856625323678983
1982-10-01,HS diploma,34420911.67999999,2890082.3,8.396297944889298,8.077202827950558
1982-11-01,HS diploma,34558456.910000056,3111228.740000004,9.00279994590765,8.459868825440758
1982-12-01,HS diploma,34519674.599999994,3328365.2599999993,9.641936949197081,9.013678279998004
1983-01-01,HS diploma,34190886.65999998,3444306.6399999983,10.073756420097473,9.572831105067396
1983-02-01,HS diploma,34308029.49999991,3633721.659999999,10.591461278765687,10.102384882686742
1983-03-01,HS diploma,34317573.349999964,3357418.8199999975,9.783380618897988,10.149532772587044
1983-04-01,HS diploma,34337738.889999986,3113389.1300000018,9.06696023280292,9.813934043488858
1983-05-01,HS diploma,34661438.08000009,3002237.930000001,8.661608104864856,9.170649652188581
1983-06-01,HS diploma,34944236.62000001,2863200.66,8.193627725040283,8.64073202090268
1983-07-01,HS diploma,34741408.169999965,2669692.16,7.684467327681159,8.17990105252876
1983-08-01,HS diploma,34960641.010000005,2556872.9499999993,7.313575712952863,7.730556921891428
1983-09-01,HS diploma,34999371.68999996,2514987.5400000014,7.18580768328074,7.394616907971581
1983-10-01,HS diploma,35084782.98000008,2319159.870000001,6.610158801101969,7.036514065778516
1983-11-01,HS diploma,35127239.350000076,2381149.25,6.778640434207634,6.858202306196773
1983-12-01,HS diploma,35109605.43999996,2416818.9500000016,6.883640302167988,6.757479845825856
1984-01-01,HS diploma,35035300.43999998,2642184.839999999,7.541493313365176,7.0679246832469245
1984-02-01,HS diploma,35109200.18,2574084.9899999993,7.33165374546564,7.252262453666259
1984-03-01,HS diploma,35506540.41999994,2478034.700000002,6.979093628069119,7.284080228966637
1984-04-01,HS diploma,35806515.879999965,2249195.190000002,6.281524841841171,6.864090738458636
1984-05-01,HS diploma,35761072.760000035,2072881.71,5.796475189409273,6.352364553106514
1984-06-01,HS diploma,35624150.09000004,2005079.5699999998,5.628427807917978,5.9021426130561325
1984-07-01,HS diploma,35452376.020000085,2030895.3199999994,5.7285168104227795,5.717806602583335
1984-08-01,HS diploma,35408433.549999975,2097549.8600000003,5.923870811845055,5.760271810061929
1984-09-01,HS diploma,35885928.389999926,2096883.1600000001,5.843190504120616,5.831859375462808
1984-10-01,HS diploma,36383464.48000012,2186656.6599999983,6.010028707414591,5.925696674460078
1984-11-01,HS diploma,36597239.6699999,2159216.9700000007,5.899944885105611,5.917721365546931
1984-12-01,HS diploma,36517086.760000035,2139394.7699999996,5.858612939363615,5.922862177294597
1985-01-01,HS diploma,36500690.95000008,2492889.5599999987,6.829705123705318,6.196087649391505
1985-02-01,HS diploma,36295650.08999999,2443683.950000001,6.732718504670822,6.473678855913242
1985-03-01,HS diploma,36476384.1799999,2426899.3000000017,6.653343949948518,6.738589192774877
1985-04-01,HS diploma,36375319.33000003,2284582.84,6.280584973767701,6.555549142795672
1985-05-01,HS diploma,36452996.52999994,2030021.9600000014,5.568875410089653,6.167601444601949
1985-06-01,HS diploma,36263988.69,2087933.6399999987,5.757595111361146,5.869018498406159
1985-07-01,HS diploma,36306462.32999995,2166558.54,5.967418473073806,5.764629664841526
1985-08-01,HS diploma,36534671.300000064,2167342.5100000016,5.932289611156287,5.885767731863737
1985-09-01,HS diploma,36931085.42,2169829.399999998,5.875346947763763,5.925018343997944
1985-10-01,HS diploma,37298757.97000001,2097711.9100000006,5.624079792917565,5.810572117279197
1985-11-01,HS diploma,37200838.94000011,2126172.1900000004,5.715387745500113,5.738271495393806
1985-12-01,HS diploma,37042949.85999994,2151083.6700000004,5.806998843585088,5.7154887940009145
1986-01-01,HS diploma,37162045.480000004,2445244.500000001,6.579951314348374,6.03411263447785
1986-02-01,HS diploma,37322094.17000003,2557068.49,6.851353191363533,6.41276778309899
1986-03-01,HS diploma,37490720.98999992,2476892.419999999,6.606681212294296,6.679328572668726
1986-04-01,HS diploma,37455818.530000046,2250820.04,6.009266726335769,6.489100376664524
1986-05-01,HS diploma,37603426.580000065,2139077.559999999,5.688517655297135,6.101488531309059
1986-06-01,HS diploma,37235074.64000006,2105351.939999999,5.654217053021048,5.784000478217976
1986-07-01,HS diploma,37474325.49000019,2164472.01,5.775879836923488,5.706204848413883
1986-08-01,HS diploma,37613579.449999996,2118183.549999999,5.631433064794367,5.687176651579627
1986-09-01,HS diploma,38153980.98999986,2127046.83,5.5749014252470745,5.660738108988302
1986-10-01,HS diploma,38500603.539999984,2119162.6100000013,5.504232181187262,5.570188890409561
1986-11-01,HS diploma,38296936.75999987,2102001.739999998,5.488694182443027,5.522609262959115
1986-12-01,HS diploma,37960188.10999987,2062646.790000001,5.433710665560787,5.475545676397019
1987-01-01,HS diploma,38108908.9000002,2437744.009999999,6.396782485682727,5.773062444562174
1987-02-01,HS diploma,38176889.520000204,2308636.7000000007,6.0472100504430735,5.959234400562189
1987-03-01,HS diploma,38609871.979999915,2315179.8600000003,5.9963417159198915,6.146778084015224
1987-04-01,HS diploma,38544289.240000024,1935803.73,5.0222841519959465,5.688611972786298
1987-05-01,HS diploma,38727839.92000005,1819071.8699999996,4.697065144241583,5.2385636707191345
1987-06-01,HS diploma,38302055.29999996,1811769.2700000005,4.730214229522044,4.816521175253185
1987-07-01,HS diploma,38071855.730000064,1892004.66,4.96956248578429,4.798947286515967
1987-08-01,HS diploma,38302035.82000004,1919863.390000001,5.012431712565819,4.904069475957378
1987-09-01,HS diploma,38620837.469999984,1820317.13,4.7133031007263675,4.898432433025486
1987-10-01,HS diploma,38853174.10999991,1856090.1400000001,4.777190493484766,4.834308435592312
1987-11-01,HS diploma,38999315.530000135,1914472.3000000003,4.908989488616273,4.799827694275796
1987-12-01,HS diploma,39009622.68000004,1953539.5700000008,5.007840209132725,4.8980067304112485
1988-01-01,HS diploma,38835911.330000006,2254177.930000001,5.804364704733197,5.240398134160725
1988-02-01,HS diploma,39040339.48999983,2224995.8599999994,5.6992226222057605,5.503809178690555
1988-03-01,HS diploma,39138030.3800001,2041075.1800000002,5.215068720072865,5.572885349003935
1988-04-01,HS diploma,39155624.620000005,1768336.1899999995,4.516174131204549,5.143488491161052
1988-05-01,HS diploma,39103600.78000007,1730579.7800000007,4.425627680009262,4.718956843762219
1988-06-01,HS diploma,38766412.02999996,1571074.7800000003,4.052670076312972,4.331490629175588
1988-07-01,HS diploma,38840753.41999991,1686759.63,4.342757236865165,4.273684997729126
1988-08-01,HS diploma,39042822.59999995,1724009.1800000004,4.415687865764097,4.270371726314072
1988-09-01,HS diploma,39163927.089999974,1646299.8699999994,4.203612845608534,4.320685982745926
1988-10-01,HS diploma,39385634.69000001,1658979.4099999992,4.212143394559065,4.277148035310559
1988-11-01,HS diploma,39689489.770000085,1738426.9900000002,4.380068879882697,4.26527504001676
1988-12-01,HS diploma,39710303.489999846,1701197.6599999997,4.284020796840317,4.292077690427354
1989-01-01,HS diploma,39844419.63999975,2011348.6100000003,5.048005788948199,4.570698488557066
1989-02-01,HS diploma,39651405.88999973,1941945.9500000023,4.897546269575702,4.743190951788068
1989-03-01,HS diploma,39778795.66999997,1857641.8399999999,4.669929817410184,4.871827291978023
1989-04-01,HS diploma,39527772.81999993,1632974.2199999997,4.1312072588460165,4.5662277819439625
1989-05-01,HS diploma,39842414.170000106,1661530.6799999997,4.1702560314507044,4.323797702568963
1989-06-01,HS diploma,39645701.85000011,1614405.4400000009,4.072081876890763,4.124515055729156
1989-07-01,HS diploma,39563257.77999991,1741961.3400000005,4.402977504245366,4.21510513752894
1989-08-01,HS diploma,39695838.59000029,1649588.8900000015,4.155571335922216,4.210210239019443
1989-09-01,HS diploma,40097628.05000014,1643352.3499999996,4.0983779587929865,4.218975599653518
1989-10-01,HS diploma,40352966.20000015,1682477.3299999998,4.169401876583718,4.141117057099636
1989-11-01,HS diploma,40769640.18999997,1759304.6100000003,4.315232123219779,4.194337319532157
1989-12-01,HS diploma,41042464.16000005,1881402.7299999995,4.584039405298703,4.356224468367396
1990-01-01,HS diploma,40603861.70000009,2258502.93,5.562286037438638,4.820519188652369
1990-02-01,HS diploma,40492474.910000235,2193148.7600000002,5.416188476685007,5.187504639807446
1990-03-01,HS diploma,40234659.82000025,1910403.04,4.748152584231264,5.242209032784966
1990-04-01,HS diploma,40109479.230000034,1794436.9700000004,4.4738475902670025,4.879396217061088
1990-05-01,HS diploma,40176479.62000004,1718042.6400000006,4.27623987031644,4.499413348271566
1990-06-01,HS diploma,40031765.640000045,1616083.0199999998,4.037001601511169,4.2623630206982
1990-07-01,HS diploma,40174431.089999914,1775670.2600000007,4.419901444334316,4.244380972053972
1990-08-01,HS diploma,40345312.77999999,1955036.65,4.845759061680028,4.434220702508501
1990-09-01,HS diploma,40801898.07999997,1925913.4000000006,4.720156391312671,4.6619389657756685
1990-10-01,HS diploma,40926126.90000027,1885032.1,4.605938169047675,4.723951207346787
1990-11-01,HS diploma,40932002.31000008,2131173.8399999994,5.206620052103665,4.844238204154666
1990-12-01,HS diploma,41198840.55999997,2285777.3900000006,5.548159508690801,5.12023924328071
1991-01-01,HS diploma,40588569.980000116,2488502.1199999996,6.131041623851742,5.628607061548732
1991-02-01,HS diploma,40635626.009999976,2728837.9799999986,6.715383145145745,6.1315280925627595
1991-03-01,HS diploma,40589446.31999986,2630049.5100000026,6.47963879394946,6.4420211876489795
1991-04-01,HS diploma,40518303.83999999,2326241.9199999995,5.741212488029953,6.31207814237505
1991-05-01,HS diploma,40404602.790000185,2201722.11,5.449186374738742,5.890012552239383
1991-06-01,HS diploma,40607103.089999944,2273941.5899999985,5.599861642334165,5.59675350170095
1991-07-01,HS diploma,40305545.84999989,2186491.7099999986,5.424791213936641,5.491279743669846
1991-08-01,HS diploma,40654562.30999987,2297401.7300000004,5.6510305349786165,5.5585611304164715
1991-09-01,HS diploma,41160051.52000007,2228508.9000000004,5.4142519693328035,5.496691239416017
1991-10-01,HS diploma,40889435.360000126,2239191.74,5.476210958370136,5.513831154227183
1991-11-01,HS diploma,41156065.80999997,2438662.980000001,5.925403538954061,5.605288822218998
1991-12-01,HS diploma,41278344.02999995,2590157.459999999,6.274857969393212,5.8921574889057995
1992-01-01,HS diploma,37671269.53000003,2994696.619999998,7.949550565624368,6.716604024657211
1992-02-01,HS diploma,37886797.39999999,3056553.3800000027,8.067595019261258,7.430667851426276
1992-03-01,HS diploma,38145984.44999998,2853385.1500000004,7.480171743214775,7.832439109366798
1992-04-01,HS diploma,38299414.31,2623761.629999999,6.85065732014323,7.4661413608730856
1992-05-01,HS diploma,38190620.059999965,2425253.459999998,6.350390373839875,6.893739812399292
1992-06-01,HS diploma,37991897.08000007,2406563.0999999996,6.334411506044211,6.5118197333424375
1992-07-01,HS diploma,37701562.33999995,2446063.5300000003,6.487963304918051,6.390921728267377
1992-08-01,HS diploma,38031465.26999991,2677561.0399999996,7.040383590248155,6.620919467070137
1992-09-01,HS diploma,38009084.38999995,2328620.7200000025,6.126484648003397,6.551610514389865
1992-10-01,HS diploma,37757804.84000002,2267710.9000000027,6.005939459694505,6.390935899315349
1992-11-01,HS diploma,37648293.21999994,2352819.5900000003,6.2494721241442885,6.127298743947395
1992-12-01,HS diploma,37644211.289999954,2485202.099999999,6.601817423812473,6.2857430025504195
1993-01-01,HS diploma,37368602.90999991,2881827.4899999993,7.711895188965753,6.8543949123075025
1993-02-01,HS diploma,37223385.16999986,2733908.2199999997,7.344598583697298,7.219437065491839
1993-03-01,HS diploma,37559610.67000009,2666802.130000001,7.10018576451872,7.385559845727254
1993-04-01,HS diploma,37645948.07000007,2422214.639999998,6.434197474575631,6.959660607597214
1993-05-01,HS diploma,38063858.27999994,2277526.1099999985,5.98343471449054,6.505939317861627
1993-06-01,HS diploma,38027028.31999995,2285538.6000000006,6.010300307368334,6.142644165478164
1993-07-01,HS diploma,37812349.239999935,2357099.4699999993,6.233676344834276,6.075803788897713
1993-08-01,HS diploma,38020375.27999996,2214412.659999999,5.824278807592037,6.022751819931545
1993-09-01,HS diploma,37981378.360000044,2158995.7499999995,5.684353341620004,5.914102831348768
1993-10-01,HS diploma,38200503.14000011,2169381.099999999,5.678933316792939,5.729188488668323
1993-11-01,HS diploma,38118180.23000002,2121460.6699999985,5.5654825524182625,5.642923070277065
1993-12-01,HS diploma,38163143.82999993,2153613.67,5.643176777032323,5.629197548747839
1994-01-01,HS diploma,37731540.959699914,2590350.0681999987,6.865211444628473,6.024623591359682
1994-02-01,HS diploma,36828871.56319998,2583926.385099996,7.016034636483128,6.508140952714638
1994-03-01,HS diploma,36960200.48830013,2407136.2083,6.512779088040896,6.798008389717495
1994-04-01,HS diploma,36817026.5064,2076684.1402999999,5.640553671380834,6.389789131968282
1994-05-01,HS diploma,37301002.9432001,1828294.0265999998,4.901460771400771,5.68493117694083
1994-06-01,HS diploma,37263493.60659993,1884996.350600001,5.058560451954349,5.200191631578647
1994-07-01,HS diploma,36892892.90709998,1885981.1054000016,5.112044507187583,5.024021910180896
1994-08-01,HS diploma,37334244.99840001,1899489.4187,5.08779384391302,5.086132934351646
1994-09-01,HS diploma,37421036.47249986,1744616.3062000005,4.662127163372644,4.9539885048244114
1994-10-01,HS diploma,37287240.16000001,1714767.8424999998,4.598806012839539,4.782909006708397
1994-11-01,HS diploma,37442969.75319992,1742230.0099,4.653023041130724,4.637985405780964
1994-12-01,HS diploma,37107618.689300105,1700677.474,4.583095154231458,4.611641402733902
1995-01-01,HS diploma,36985236.03789999,2231470.1180999996,6.033407805788609,5.089842000383592
1995-02-01,HS diploma,36329639.28760007,1977210.7938000006,5.442417906072787,5.352973622030947
1995-03-01,HS diploma,36633053.440299965,1814435.1008999997,4.952999901733396,5.476275204531593
1995-04-01,HS diploma,37017870.4515,1863555.6818999983,5.034205531465101,5.14320777975709
1995-05-01,HS diploma,37164599.40780003,1705323.4263000004,4.588569373741428,4.858591602313304
1995-06-01,HS diploma,36993525.35060005,1646783.9839999997,4.451546502780893,4.6914404693291365
1995-07-01,HS diploma,36486706.40499985,1736300.7265999992,4.758721456870303,4.599612444464204
1995-08-01,HS diploma,36789637.02760002,1654009.0570000005,4.495855873106721,4.568707944252634
1995-09-01,HS diploma,37118683.95350002,1636091.7984000007,4.407731158921461,4.554102829632824
1995-10-01,HS diploma,36823739.222900026,1550625.8828999996,4.210940864842137,4.371509298956769
1995-11-01,HS diploma,37087485.25840007,1706202.220500001,4.600479672893318,4.406383898885635
1995-12-01,HS diploma,36897628.8010999,1714528.7639000001,4.646718013079722,4.486046183605056
1996-01-01,HS diploma,36844811.79639994,2141791.922600001,5.813008177203589,5.020068621058872
1996-02-01,HS diploma,36790440.947199926,1986671.3105000004,5.39996602201965,5.28656407076765
1996-03-01,HS diploma,36836913.49749994,1932891.5868000002,5.2471594476317405,5.486711215618322
1996-04-01,HS diploma,37173397.13309984,1783362.8510000003,4.79741693936297,5.148180803004783
1996-05-01,HS diploma,37131012.686400056,1604114.0454000002,4.3201462317981365,4.7882408729309445
1996-06-01,HS diploma,36864987.17559996,1585747.0430999992,4.3014989685106055,4.4730207132238995
1996-07-01,HS diploma,36817921.32310009,1733136.3702000007,4.707317273538216,4.442987491282315
1996-08-01,HS diploma,36936216.70970011,1573804.8690000002,4.260871873720329,4.423229371923045
1996-09-01,HS diploma,37633601.62280005,1622461.8780999996,4.3112054338085,4.426464860355677
1996-10-01,HS diploma,37630996.4945,1637895.5106999998,4.352516976103432,4.308198094544083
1996-11-01,HS diploma,37639075.24979994,1688408.7841000007,4.48578710527426,4.383169838395393
1996-12-01,HS diploma,37639523.024299994,1679619.1635000005,4.46238163649322,4.433561905956966
1997-01-01,HS diploma,37788242.45030002,2037714.6262000003,5.392456738045041,4.780208493270836
1997-02-01,HS diploma,37587892.147,1978437.0075999997,5.263495489086383,5.039444621208211
1997-03-01,HS diploma,37850217.4596001,1853028.0677,4.895686714819678,5.18387964731703
1997-04-01,HS diploma,37792315.95370018,1611197.4630999996,4.263293800448475,4.807492001451508
1997-05-01,HS diploma,37913239.078700036,1468395.8601999993,3.873042493551958,4.344007669606699
1997-06-01,HS diploma,37938498.35150011,1555883.4492999995,4.10106756172778,4.0791346185760675
1997-07-01,HS diploma,37752865.52669999,1594893.2642999992,4.224562141308297,4.066224065529341
1997-08-01,HS diploma,37891901.17909988,1523476.6477,4.020586458565735,4.1154053872006005
1997-09-01,HS diploma,37866967.23250015,1472712.3856999995,3.8891743736900373,4.044774324521353
1997-10-01,HS diploma,37915164.145399995,1499918.6056000004,3.9559860530947377,3.9552489617835
1997-11-01,HS diploma,37918513.49520003,1426986.5344,3.7632976687776467,3.8694860318541373
1997-12-01,HS diploma,38095257.804500036,1535012.5199000007,4.029405780051384,3.9162298339745862
1998-01-01,HS diploma,37781155.28259998,1797086.6493,4.756568812832581,4.183090753887201
1998-02-01,HS diploma,37633725.6032,1745986.0937,4.639418674912001,4.475131089265319
1998-03-01,HS diploma,38031435.78199999,1774886.9494999992,4.6668944072315055,4.68762729832536
1998-04-01,HS diploma,37518486.56359996,1466439.0261999997,3.9085772388876783,4.4049634403437254
1998-05-01,HS diploma,37797099.07300004,1260407.6665999996,3.3346677324778042,3.970046459532327
1998-06-01,HS diploma,37321385.49830006,1397323.9792000002,3.744030294008368,3.6624250884579475
1998-07-01,HS diploma,37055763.06439997,1533728.1268000002,4.138973266140822,3.7392237642089956
1998-08-01,HS diploma,37463154.62680007,1424617.9529000004,3.8027175423205537,3.895240367489912
1998-09-01,HS diploma,37616191.43649998,1437645.3698000007,3.8218791294352448,3.9211899792988714
1998-10-01,HS diploma,37878864.38590015,1392021.6067000004,3.6749296191101233,3.7665087636219714
1998-11-01,HS diploma,37705962.18950006,1419652.2317000008,3.7650603492498327,3.753956365931731
1998-12-01,HS diploma,37569900.20389993,1408352.0598,3.7486180483753495,3.729536005578433
1999-01-01,HS diploma,37566188.61829993,1554930.0283000004,4.139174309374932,3.884284235666702
1999-02-01,HS diploma,37207386.71730004,1490567.9937,4.006107725396746,3.9646333610490068
1999-03-01,HS diploma,37837524.44309996,1446223.974,3.8221950174748622,3.989159017415511
1999-04-01,HS diploma,37567494.33970004,1299271.6836000006,3.4584997121486873,3.7622674850067632
1999-05-01,HS diploma,37562683.623299874,1221959.3473999999,3.2531204629959585,3.511271730873167
1999-06-01,HS diploma,37350882.590800025,1363476.05,3.6504520252912065,3.4540240668119484
1999-07-01,HS diploma,36587165.77119994,1322059.603599999,3.6134518094885486,3.505674765925235
1999-08-01,HS diploma,36837373.10480003,1256678.0322999996,3.411421408157495,3.5584417476457477
1999-09-01,HS diploma,37423427.481699996,1276871.1907000002,3.4119568319186917,3.478943349854909
1999-10-01,HS diploma,37333731.60810001,1139688.1347,3.0527035086220278,3.2920272495660687
1999-11-01,HS diploma,37953235.48569999,1178379.7133,3.1048201773047506,3.189826839281821
1999-12-01,HS diploma,37596867.053300075,1287866.2769000002,3.425461688268404,3.1943284580650584
2000-01-01,HS diploma,38281385.65009998,1533625.3252000003,4.0061907351464825,3.5121575335732103
2000-02-01,HS diploma,38043085.85500014,1500998.6639999999,3.945522899275318,3.7923917742300657
2000-03-01,HS diploma,38383980.51119995,1417879.460499999,3.693935442902489,3.8818830257747607
2000-04-01,HS diploma,38279837.45089994,1259160.7174999998,3.289357534799034,3.6429386256589447
2000-05-01,HS diploma,37959326.123899974,1223105.9750999995,3.2221488103022637,3.4018139293345935
2000-06-01,HS diploma,37473760.48539995,1225925.9464,3.271424939799222,3.260977094966838
2000-07-01,HS diploma,36955244.02550003,1244603.3561999998,3.367866696648499,3.2871468155833266
2000-08-01,HS diploma,37059179.25509999,1307948.3450999996,3.5293505452363814,3.389547393894699
2000-09-01,HS diploma,37401435.67259992,1187643.8117,3.175396319264988,3.357537853716621
2000-10-01,HS diploma,37700679.520499825,1222664.3202999998,3.2430829784783413,3.3159432809932348
2000-11-01,HS diploma,38090959.31609988,1287334.4835000003,3.3796326126023386,3.2660373034485537
2000-12-01,HS diploma,38109496.05900001,1295788.9794999994,3.400173482992,3.340963024690891
2001-01-01,HS diploma,38394070.380900115,1697412.8302999993,4.421028594937438,3.7336115635105895
2001-02-01,HS diploma,38046557.75640011,1622961.4706000008,4.2657248547721505,4.02897564423386
2001-03-01,HS diploma,38253760.88059997,1581049.4188000006,4.133056155536892,4.273269868415491
2001-04-01,HS diploma,37119271.72639999,1379931.4923,3.7175607928712795,4.038780601060105
2001-05-01,HS diploma,37867860.240200065,1365896.0784,3.6070062309725683,3.819207726460244
2001-06-01,HS diploma,36685621.92510003,1394736.9155,3.801862534449038,3.708809852764293
2001-07-01,HS diploma,36973798.56600016,1533269.7088999986,4.14690880668653,3.8519258573693764
2001-08-01,HS diploma,37378933.532999955,1621637.1954999997,4.338372024628094,4.0957144552545515
2001-09-01,HS diploma,37410742.501199976,1531220.6628000005,4.092997252729976,4.192759361348197
2001-10-01,HS diploma,37517711.88870008,1637150.2017,4.363672834198323,4.265014037185462
2001-11-01,HS diploma,37607279.45090002,1821757.1139000002,4.844160865926189,4.43361031761816
2001-12-01,HS diploma,37815830.830399916,1860434.3480000002,4.919723584400025,4.709185761508176
2002-01-01,HS diploma,37848184.3987,2360791.534800001,6.237529150489683,5.333804533605297
2002-02-01,HS diploma,37951402.17729998,2304311.7908000015,6.071743489304563,5.742998741398089
2002-03-01,HS diploma,37840198.34740001,2240592.037099999,5.921195276329596,6.076822638707945
2002-04-01,HS diploma,37537809.10710003,2067813.2154,5.508614553130344,5.833851106254833
2002-05-01,HS diploma,37627104.957799956,1912628.241499999,5.0831129411765135,5.504307590212149
2002-06-01,HS diploma,37311627.95180002,1972787.8546000002,5.287327203059837,5.293018232455562
2002-07-01,HS diploma,37327152.794399925,1880171.2362,5.037006831343633,5.135815658526659
2002-08-01,HS diploma,37737275.94160019,1897358.4899999993,5.027809884678033,5.117381306360499
2002-09-01,HS diploma,38179287.1574999,1756307.1522000008,4.600157003861172,4.888324573294277
2002-10-01,HS diploma,38176718.97699996,1698977.6836000006,4.450297796999189,4.692754895179462
2002-11-01,HS diploma,38280336.15520002,1934540.8524999993,5.053615111050195,4.701356637303516
2002-12-01,HS diploma,38195885.58710002,1973523.9645999991,5.166849607661725,4.8902541719037
2003-01-01,HS diploma,38224361.83140007,2329719.082100001,6.0948540942970375,5.438439604336317
2003-02-01,HS diploma,37899458.27460002,2384795.3303999994,6.292425905196312,5.851376535718356
2003-03-01,HS diploma,37975687.57360013,2327798.315100002,6.129706830425467,6.17232894330627
2003-04-01,HS diploma,37910187.731699884,2185939.6278999993,5.766100773149567,6.06274450292378
2003-05-01,HS diploma,37839609.629800126,1947680.0548,5.1471991224405444,5.681002242005191
2003-06-01,HS diploma,37659239.21970002,2078520.9716999992,5.519285611624089,5.4775285024047315
2003-07-01,HS diploma,37373553.466800034,2008649.7444999989,5.374521709005642,5.34700214769009
2003-08-01,HS diploma,37700316.80349999,1985326.5546999979,5.266073929956169,5.386627083528631
2003-09-01,HS diploma,38005908.4145,1837213.3987000007,4.834020486138592,5.158205375033465
2003-10-01,HS diploma,37972318.48260008,1907460.3144999994,5.02329167857909,5.041128698224615
2003-11-01,HS diploma,38565789.04289996,1998816.9209999992,5.182875731588293,5.013395965435323
2003-12-01,HS diploma,38232549.57840006,2066164.1155000008,5.404201755530594,5.20345638856599
2004-01-01,HS diploma,38093824.34290014,2206190.5063000005,5.791465006088805,5.45951416440256
2004-02-01,HS diploma,38048838.197399974,2204497.2789999996,5.7938622660773955,5.6631763425655945
2004-03-01,HS diploma,37804611.57549988,2225054.5042999997,5.885669529645415,5.823665600603867
2004-04-01,HS diploma,37628329.610299766,1983399.2855999996,5.271026660341298,5.650186152021365
2004-05-01,HS diploma,37888152.3987001,1760486.9309999999,4.646536765567909,5.2677443185182025
2004-06-01,HS diploma,37829580.33620008,1890661.8868999993,4.997839970988991,4.971801132299395
2004-07-01,HS diploma,37858969.68160002,1886209.0947000002,4.982198698388572,4.875525144981819
2004-08-01,HS diploma,38052515.18730004,1807230.6815000009,4.7493067740845705,4.909781814487373
2004-09-01,HS diploma,37870949.42819984,1624346.7043999997,4.2891628779458655,4.673556116806331
2004-10-01,HS diploma,37913141.777799934,1676493.5404000003,4.421932506215225,4.486800719415215
2004-11-01,HS diploma,37921461.61150009,1798955.7607,4.743898795700552,4.484998059953877
2004-12-01,HS diploma,37874261.51189995,1818456.0436000002,4.80129769138508,4.655709664433615
2005-01-01,HS diploma,38046172.73209997,2125041.2760999976,5.585427188861698,5.043541225315772
2005-02-01,HS diploma,38290305.26439998,2142421.5353000015,5.595206202996496,5.327310361081087
2005-03-01,HS diploma,38392470.38800003,2009538.6690000016,5.2341999581983245,5.4716111166855015
2005-04-01,HS diploma,38434444.12930003,1701841.7518000007,4.427907806015653,5.085771322403486
2005-05-01,HS diploma,38428098.458299994,1595515.4817,4.151950124285653,4.604685962833205
2005-06-01,HS diploma,38060679.431999974,1750172.7758999993,4.598375021199754,4.392744317167015
2005-07-01,HS diploma,37637993.16310005,1828259.4083999991,4.857483767738202,4.535936304407865
2005-08-01,HS diploma,38179574.98319995,1722620.4152999995,4.511889972735421,4.65591625389112
2005-09-01,HS diploma,38470145.28750005,1731833.6365999999,4.501760062660115,4.623711267711241
2005-10-01,HS diploma,38686276.1721001,1683095.5175999994,4.350626847910009,4.454758961101843
2005-11-01,HS diploma,38630022.9670001,1819444.2625000002,4.709922808107751,4.520769906225953
2005-12-01,HS diploma,38181282.77380006,1764490.0087000006,4.621348159393929,4.560632605137225
2006-01-01,HS diploma,37999340.335000046,1969409.0131999997,5.182745268306767,4.838005411936144
2006-02-01,HS diploma,37849200.87080009,1943006.553200001,5.133547098742029,4.979213508814236
2006-03-01,HS diploma,38515701.77290003,1754071.143099999,4.554171577717891,4.956821314922223
2006-04-01,HS diploma,38463004.34899984,1692609.7228000006,4.400617558217378,4.69611207822576
2006-05-01,HS diploma,38588266.19129972,1540738.2807000007,3.9927636889977247,4.315850941644325
2006-06-01,HS diploma,38674207.34099994,1509347.7400999996,3.90272443541431,4.098701894209799
2006-07-01,HS diploma,37961466.821100034,1694463.1053,4.463639704138541,4.11970927618352
2006-08-01,HS diploma,38384126.54970004,1720170.5205,4.481463237863994,4.282609125805609
2006-09-01,HS diploma,38611001.25939992,1481980.0283000008,3.8382325761086293,4.261111839370382
2006-10-01,HS diploma,38727010.70980004,1465188.0583000001,3.783375043530607,4.034356952501071
2006-11-01,HS diploma,38947431.716499925,1665915.483,4.277343613120045,3.966317077586421
2006-12-01,HS diploma,38435994.95549989,1695992.3866999997,4.4125106912506675,4.1577431159671
2007-01-01,HS diploma,38754879.08530016,1920112.4844999993,4.954505161205118,4.548119821858603
2007-02-01,HS diploma,38682255.79099989,1904771.296400001,4.924147409322441,4.763721087259403
2007-03-01,HS diploma,38783580.56659982,1706905.4141000016,4.401103222454859,4.7599185976608
2007-04-01,HS diploma,38426676.77119998,1564057.766100001,4.0702394729908855,4.465163368256056
2007-05-01,HS diploma,38176585.39619988,1584711.2735000006,4.151003179183603,4.207448624876443
2007-06-01,HS diploma,38201145.71249983,1507058.3982,3.945060730748905,4.055434460974459
2007-07-01,HS diploma,37870009.97229994,1712616.6699000006,4.522356004534184,4.206139971488891
2007-08-01,HS diploma,38481014.502800055,1626372.3214000005,4.226427869467054,4.231281534916708
2007-09-01,HS diploma,39165464.96229994,1651688.8195999996,4.21720722884278,4.321997034281334
2007-10-01,HS diploma,38788361.96050009,1659984.2747000004,4.279593648193847,4.241076248834555
2007-11-01,HS diploma,39177376.199099995,1716624.2982,4.3816724465571415,4.292824441197918
2007-12-01,HS diploma,38934914.97410007,1850450.9725000015,4.752677574179735,4.471314556310236
2008-01-01,HS diploma,38421023.65640002,2103812.529900001,5.475680577161188,4.870010199299348
2008-02-01,HS diploma,38026333.41629994,2084429.6814999967,5.481542642253562,5.236633597864822
2008-03-01,HS diploma,38217682.32589999,2145131.651200002,5.612929724276487,5.52338431456374
2008-04-01,HS diploma,37794566.302299984,1889635.2474999994,4.999753753980783,5.364742040170271
2008-05-01,HS diploma,38307791.25160007,1833487.5612999997,4.786200147270086,5.132961208509113
2008-06-01,HS diploma,38061609.656100184,1867011.593200001,4.905235511763945,4.897063137671599
2008-07-01,HS diploma,38385100.15390009,2051957.5100000005,5.345713575770136,5.0123830782680505
2008-08-01,HS diploma,38308586.29799988,2151190.6173999994,5.615426788830145,5.28879195878807
2008-09-01,HS diploma,38493370.79889983,2251996.7909,5.850349668427489,5.603830011009251
2008-10-01,HS diploma,38636338.40539993,2297136.1289999993,5.945532687121678,5.8037697147930984
2008-11-01,HS diploma,38701174.89069997,2607672.9047000012,6.737968322834133,6.177950226127762
2008-12-01,HS diploma,38878439.06979987,3079109.5856999997,7.919838500131044,6.867779836695614
2009-01-01,HS diploma,39020176.64729996,3669636.6958000036,9.40445946457274,8.020755429179301
2009-02-01,HS diploma,38443325.294599995,3727902.719299999,9.697139076113286,9.007145680272352
2009-03-01,HS diploma,38442110.96219978,3861002.786700002,10.04368045890231,9.715092999862774
2009-04-01,HS diploma,38314593.58739991,3585498.2149000047,9.358048407119545,9.699622647378375
2009-05-01,HS diploma,38404514.91560003,3625484.2316999985,9.440255239956997,9.613994701992945
2009-06-01,HS diploma,38290877.14579998,3535509.601799999,9.233294887285702,9.343866178120743
2009-07-01,HS diploma,37892666.39449995,3558432.8789999997,9.390822070828195,9.354790732690294
2009-08-01,HS diploma,37980016.17669993,3534151.902200002,9.305293304135406,9.309803420749764
2009-09-01,HS diploma,37989365.208900034,3817663.1165999984,10.04929431067621,9.5818032285466
2009-10-01,HS diploma,37709534.60139993,3878893.1506999964,10.286239784449624,9.880275799753742
2009-11-01,HS diploma,38022827.608,3791312.6893999996,9.971148722780173,10.102227605968665
2009-12-01,HS diploma,37822863.665,4048880.4058,10.70484890213825,10.320745803122678
2010-01-01,HS diploma,38316243.69050003,4415556.1422999995,11.523979693747417,10.73332577288861
2010-02-01,HS diploma,39112004.04569997,4659053.3949000025,11.91208046884068,11.380303021575445
2010-03-01,HS diploma,39216922.15060015,4722452.6001999965,12.04187463275398,11.825978265114022
2010-04-01,HS diploma,38811453.80429996,4101267.837899995,10.567158495479012,11.507037865691219
2010-05-01,HS diploma,38331003.161299974,3966243.359,10.34735079149827,10.985461306577085
2010-06-01,HS diploma,37795285.829299904,3792214.8411000003,10.033565715648525,10.316025000875266
2010-07-01,HS diploma,37671328.562200084,3758228.301699999,9.976362515313717,10.119093007486834
2010-08-01,HS diploma,38252311.313400105,3722243.547200001,9.73076768277808,9.913565304580104
2010-09-01,HS diploma,38082195.41660005,3559096.6918999953,9.345828550495236,9.684319582862342
2010-10-01,HS diploma,37715633.70560003,3480675.0201999987,9.228732698406674,9.435109643893327
2010-11-01,HS diploma,37825529.433300085,3645048.1757000005,9.636476290774784,9.403679179892228
2010-12-01,HS diploma,38312156.92510008,3807009.6098999996,9.936818794469518,9.600675927883655
2011-01-01,HS diploma,37849882.32890006,4043793.420000001,10.683767481391575,10.085687522211956
2011-02-01,HS diploma,37957655.50359992,4084005.805200002,10.759373177863088,10.459986484574722
2011-03-01,HS diploma,37653121.414200045,3952574.3742999984,10.497335216435395,10.646825291896683
2011-04-01,HS diploma,37589625.709500074,3624929.519700001,9.643430737284165,10.300046377194212
2011-05-01,HS diploma,37760259.1140999,3450282.7635999974,9.13733868502942,9.759368212916323
2011-06-01,HS diploma,37420544.84129998,3580263.0904,9.567640197607616,9.449469873307065
2011-07-01,HS diploma,37150192.495000094,3416985.2503000037,9.197759206119546,9.30091269625219
2011-08-01,HS diploma,36955150.9392,3356700.2607999984,9.083172914981642,9.282857439569598
2011-09-01,HS diploma,37339950.11719991,3428890.9309000005,9.182901745014783,9.15461128870532
2011-10-01,HS diploma,37254442.08490002,3299767.1406000014,8.857379029002997,9.04115122966647
2011-11-01,HS diploma,37194655.19160001,3161630.0924999993,8.500226917586852,8.846835897201542
2011-12-01,HS diploma,37222042.5190002,3276881.1884999992,8.803603904399647,8.720403283663162
2012-01-01,HS diploma,37076734.513899945,3525708.9510999992,9.509221880848818,8.937684234278436
2012-02-01,HS diploma,37108123.20059997,3448838.787900001,9.29402645683854,9.202284080695664
2012-03-01,HS diploma,36687105.07659993,3253784.1136,8.869012986460342,9.22408710804923
2012-04-01,HS diploma,36854321.475400046,2884462.9244999997,7.826661322269506,8.663233588522793
2012-05-01,HS diploma,37191715.37979991,2913746.9937999975,7.834397967517662,8.176690758749167
2012-06-01,HS diploma,36986545.87920015,2982427.4262999995,8.063546771955272,7.90820202058081
2012-07-01,HS diploma,36894019.0186001,3136609.9439999983,8.501675955711624,8.13320689839485
2012-08-01,HS diploma,36497286.658700034,3117228.321300001,8.540986486065073,8.36873640457732
2012-09-01,HS diploma,36603781.88569999,3010531.174800003,8.224645158800184,8.422435866858956
2012-10-01,HS diploma,36681785.030500226,2867013.864000001,7.81590607331713,8.193845906060792
2012-11-01,HS diploma,36811710.30580003,2872838.060300002,7.804141770200118,7.9482310007724735
2012-12-01,HS diploma,36939507.13880008,3017180.9398000007,8.16789712018342,7.929314987900219
2013-01-01,HS diploma,36730092.885799974,3381518.4027999984,9.206397635077337,8.39281217515362
2013-02-01,HS diploma,36300561.450500056,3231551.6255,8.902208385692845,8.758834380317863
2013-03-01,HS diploma,36143866.925700106,3016553.919400002,8.345963439941398,8.818189820237189
2013-04-01,HS diploma,36317696.06589994,2628241.168500001,7.236805891351011,8.16165923899508
2013-05-01,HS diploma,36619822.982799955,2560547.2587,6.992243681523718,7.525004337605371
2013-06-01,HS diploma,36471392.06670003,2671269.784699999,7.324287978409755,7.184445850428157
2013-07-01,HS diploma,36869449.96239999,2753483.0521,7.468196718171935,7.2615761260351315
2013-08-01,HS diploma,36408556.81259991,2657431.640999999,7.298920566058639,7.363801754213438
2013-09-01,HS diploma,36605455.376400076,2675142.809399998,7.308044065816185,7.358387116682248
2013-10-01,HS diploma,36253508.2492,2463118.1821999988,6.79415124536079,7.133705292411867
2013-11-01,HS diploma,36021577.122699924,2522543.0874000005,7.002866861735366,7.0350207243041085
2013-12-01,HS diploma,36541715.26990005,2599685.6569000017,7.114295641839783,6.970437916311975
2014-01-01,HS diploma,36037865.25479988,2649269.734100001,7.351350351550429,7.156170951708521
2014-02-01,HS diploma,36109176.30099982,2617418.162999999,7.248623289497538,7.238089760962578
2014-03-01,HS diploma,36399211.29409997,2514113.8054999984,6.907055719384547,7.1690097868108325
2014-04-01,HS diploma,36288403.86210005,2175249.5829999996,5.994338001930834,6.716672336937634
2014-05-01,HS diploma,36413986.648099974,2209950.659900001,6.068961032079998,6.323451584465121
2014-06-01,HS diploma,36223564.73510003,2010503.6779000019,5.550264565629172,5.871187866546663
2014-07-01,HS diploma,36397262.2502,2236894.387299998,6.145776492537448,5.921667363415534
2014-08-01,HS diploma,36346286.04929994,2229229.1663000006,6.133306614261177,5.943115890809261
2014-09-01,HS diploma,36282451.02159996,1906993.9253000005,5.25596775191597,5.84501695290486
2014-10-01,HS diploma,36304266.24420011,1962545.7534000007,5.40582679787264,5.598367054683258
2014-11-01,HS diploma,35519415.472899996,1954181.1488000005,5.501726655076767,5.387840401621787
2014-12-01,HS diploma,35398933.26949986,1905886.8899000008,5.384023511076068,5.4305256546751535
2015-01-01,HS diploma,35298553.6922001,2212047.514199999,6.266680310725575,5.7174768256261315
2015-02-01,HS diploma,35274099.53299997,2150501.226300001,6.096544645422183,5.915749489074603
2015-03-01,HS diploma,35786927.443799876,2053949.8956,5.739385977814223,6.034203644653988
2015-04-01,HS diploma,35767432.55920001,1879092.0145000007,5.253639638209552,5.69652342048198
2015-05-01,HS diploma,35635468.70549995,1925869.0642000004,5.404360133764043,5.465795249929266
2015-06-01,HS diploma,35115583.968199946,1817297.7476999993,5.175188740548106,5.277729504173894
2015-07-01,HS diploma,35129159.64309984,1962201.3724000007,5.585676948538738,5.388408607616955
2015-08-01,HS diploma,35616992.207300104,1965402.396099999,5.518159379267202,5.426341689451341
2015-09-01,HS diploma,35509401.287300035,1800731.3323999993,5.071139661946461,5.3916586632507935
2015-10-01,HS diploma,35710210.24240002,1769124.8305999995,4.954114855642754,5.181137965618799
2015-11-01,HS diploma,35440157.36859991,1877332.3118000005,5.297189547649478,5.107481355079558
2015-12-01,HS diploma,34913778.77130001,1991385.351499999,5.703723348149777,5.318342583813997
2016-01-01,HS diploma,35334817.576299906,2115139.6142,5.985992738274914,5.662301878024716
2016-02-01,HS diploma,35609100.289,2083941.8479,5.852273241915495,5.847329776113388
2016-03-01,HS diploma,35773672.58829984,2066632.8039000009,5.776965724721021,5.871743901637136
2016-04-01,HS diploma,35903364.69599999,1898241.4516000007,5.28708511771178,5.638774694782758
2016-05-01,HS diploma,35868790.70360007,1706352.5755999996,4.757206870174011,5.27375257086893
2016-06-01,HS diploma,35289452.0027999,1674378.0785999992,4.744698439826021,4.92966347590393
2016-07-01,HS diploma,35687746.449800014,1821615.5291000002,5.104316496034196,4.868740602011402
2016-08-01,HS diploma,36063876.2371,1829414.728900001,5.0727068739716525,4.9739072699439495
2016-09-01,HS diploma,36020316.52810003,1808966.4568999996,5.022072628064763,5.0663653326901965
2016-10-01,HS diploma,36252376.54260014,1892174.9394000014,5.219450750150154,5.1047434173955155
2016-11-01,HS diploma,35918699.713100016,1725618.1960999998,4.804233476944725,5.015252285053207
2016-12-01,HS diploma,35682322.184000075,1868463.0113999988,5.236382883841053,5.086689036978637
2017-01-01,HS diploma,35344501.49609997,2097685.5563999997,5.934969988560923,5.3251954497822265
2017-02-01,HS diploma,35872491.680500105,1942954.4357000003,5.416279563195687,5.52921081186588
2017-03-01,HS diploma,36332244.584600106,1923136.7478999998,5.29319553440182,5.548148362052802
2017-04-01,HS diploma,36448220.66169998,1587439.2687000004,4.3553272008366974,5.021600766144727
2017-05-01,HS diploma,36378400.39709996,1609976.0376999993,4.425637246623809,4.6913866606207675
2017-06-01,HS diploma,35803199.200599894,1559110.5362999998,4.3546682171180855,4.37854422152619
2017-07-01,HS diploma,35630199.81430003,1629609.2171999996,4.573674090219283,4.451326517987051
2017-08-01,HS diploma,36180101.23849991,1852078.108299999,5.119051757459343,4.682464688265562
2017-09-01,HS diploma,36204255.5239999,1482877.4168,4.09586496210921,4.596196936595938
2017-10-01,HS diploma,35848477.028300114,1466522.0344999991,4.090890760414375,4.435269159994301
2017-11-01,HS diploma,36151421.32769991,1508655.1079999995,4.173155722771097,4.119970481764886
2017-12-01,HS diploma,35864222.48350002,1519517.4903000002,4.236861655091175,4.166969379425542
2018-01-01,HS diploma,35499392.67889998,1827448.6409999987,5.147830717921527,4.5192826985945915
2018-02-01,HS diploma,36149109.89289989,1779679.792499999,4.9231635240057425,4.76928529900614
2018-03-01,HS diploma,36093291.25509994,1689594.0750999996,4.681185938844693,4.917393393590646
2018-04-01,HS diploma,35748883.33429998,1491939.4378,4.173387526117574,4.592578996322661
2018-05-01,HS diploma,36169344.69989995,1316719.5420999997,3.6404296318468887,4.16500103226971
2018-06-01,HS diploma,36072759.49420001,1404913.8926999997,3.8946670906224683,3.902828082862302
2018-07-01,HS diploma,36521120.26209995,1487004.4911999998,4.071628910965114,3.8689085444781486
2018-08-01,HS diploma,36484451.44719996,1459879.8673999996,4.001375406487137,3.9892238026915643
2018-09-01,HS diploma,36678420.20839988,1298688.3749000002,3.540742397085527,3.8712489048459173
2018-10-01,HS diploma,36399433.33540002,1391963.3465999991,3.824134661036754,3.788750821536464
2018-11-01,HS diploma,36144758.94019994,1221931.8410000007,3.3806611991011972,3.581846085741151
2018-12-01,HS diploma,36261809.88540006,1401368.4672999992,3.864585004799295,3.6897936216457405
2019-01-01,HS diploma,36177155.342999965,1592209.1849000007,4.401145335513734,3.882130513138067
2019-02-01,HS diploma,36332246.24639996,1551555.6485999995,4.270464419066129,4.178731586459711
2019-03-01,HS diploma,36090922.562799886,1455137.2653000008,4.031864973160479,4.234491575913439
2019-04-01,HS diploma,36018283.54770006,1196207.9718999998,3.3211132071738696,3.874480866466817
2019-05-01,HS diploma,35991338.09000002,1180011.599,3.2785988563394346,3.5438590122245857
2019-06-01,HS diploma,35994488.890900105,1335772.1535999998,3.711046315031025,3.4369194595147676
2019-07-01,HS diploma,36465822.98719995,1323441.0188000002,3.629264090007095,3.539636420459176
2019-08-01,HS diploma,36783117.67090003,1336290.2364999994,3.632890089567283,3.6577334982017917
2019-09-01,HS diploma,36938507.05019999,1249241.8672000002,3.3819500758443253,3.548034751806225
2019-10-01,HS diploma,36667044.74200001,1290763.7366,3.5202284385943536,3.5116895346686445
2019-11-01,HS diploma,36433074.2363001,1272248.4760000003,3.492015161137281,3.4647312251919775
2019-12-01,HS diploma,36168349.8926,1353991.4307,3.743580878642807,3.5852748261248046
2020-01-01,HS diploma,36013293.54069993,1597789.5754999993,4.436666070805991,3.8907540368620173
2020-02-01,HS diploma,36310289.76829994,1520117.0967000006,4.186463689494189,4.122236879647653
2020-03-01,HS diploma,35254671.7139999,1737373.375300001,4.928065674229712,4.517065144843289
2020-04-01,HS diploma,33243229.537999973,5686402.8211,17.105446432633553,8.739991932119143
2020-05-01,HS diploma,33832889.219300024,5060077.0184,14.956088986670025,12.329867031177756
2020-06-01,HS diploma,33422933.339500047,3971084.883599996,11.8813176667138,14.647617695339116
2020-07-01,HS diploma,34135346.41060003,3648624.1486,10.688698174356288,12.508701609246694
2020-08-01,HS diploma,34504647.34650001,3300072.439199999,9.56413901600053,10.711384952356864
2020-09-01,HS diploma,35552458.82460004,3049370.666499999,8.577102027019375,9.609979739125388
2020-10-01,HS diploma,35935214.0604,2765186.510399999,7.694921493308114,8.612054178775997
2020-11-01,HS diploma,35422893.89680004,2607755.012,7.3617785706536365,7.877934030327032
2020-12-01,HS diploma,34941011.501799986,2755127.8140999996,7.885083160680878,7.647261074880866
2021-01-01,HS diploma,34260493.423399985,2715852.6735999985,7.927068183276852,7.724643304870445
2021-02-01,HS diploma,34541856.58089993,2743658.4037999995,7.942996339453037,7.918382561136912
2021-03-01,HS diploma,34452544.10729994,2471619.3182999995,7.173982015964688,7.681348846231515
2021-04-01,HS diploma,34844863.7336002,2362995.8068999993,6.781475241131192,7.299484532182961
2021-05-01,HS diploma,35045837.87449996,2327890.221200002,6.642415654424461,6.865957637173435
2021-06-01,HS diploma,34711699.57230005,2386041.4974999996,6.873882658871771,6.765924518142462
2021-07-01,HS diploma,34980184.62430003,2218352.0481000007,6.3417391072286,6.619345806841598
2021-08-01,HS diploma,35719547.65980007,2150580.4880999997,6.0207383043664136,6.412120023488916
2021-09-01,HS diploma,35366835.73119995,1951374.5986999997,5.517526683843345,5.960001365146108
2021-10-01,HS diploma,35683299.62489992,1834339.0996000003,5.1406095256953,5.55962483796834
2021-11-01,HS diploma,35637591.467900045,1755513.9600999998,4.92601740968171,5.194717873073439
2021-12-01,HS diploma,35883748.84919998,1655932.7927999992,4.61471514517335,4.893780693516774
2022-01-01,HS diploma,36873736.813599974,1906607.6128000012,5.170638447733335,4.9037903341961195
2022-02-01,HS diploma,36690802.03069997,1807613.1811999995,4.9266112517451415,4.903988281550596
2022-03-01,HS diploma,37006612.85289997,1598881.0216999995,4.320527869047344,4.805925856175261
2022-04-01,HS diploma,36541454.17820005,1360758.0812000001,3.7238750121001014,4.323671377630849
2022-05-01,HS diploma,36236905.99440001,1273150.173,3.51340750006844,3.8526034604052826
2022-06-01,HS diploma,35779259.04140005,1275594.6699999995,3.565179112636216,3.6008205416015735
2022-07-01,HS diploma,35411949.556899935,1277965.9877000004,3.6088552132566556,3.562480608653759
2022-08-01,HS diploma,36211852.39179997,1586577.8671,4.381377262708809,3.851803862867215
2022-09-01,HS diploma,35750259.7086,1267551.7540000002,3.5455735547987666,3.8452686769213984
2022-10-01,HS diploma,35475658.66429991,1361465.3172000002,3.837745001673721,3.9215652730604202
2022-11-01,HS diploma,35402068.91769987,1338795.7350999997,3.7816878392399422,3.721668798570798
2022-12-01,HS diploma,35663648.49849996,1271036.3417999996,3.5639548821076463,3.7277959076737583
2023-01-01,HS diploma,36229217.360900074,1538178.7866000002,4.24568593706377,3.863776219470441
2023-02-01,HS diploma,36049578.41080001,1430818.2971000003,3.9690292097045576,3.926223342958646
2023-03-01,HS diploma,35933220.14939995,1585047.2289,4.411091525640706,4.208602224136333
2023-04-01,HS diploma,35984780.82799989,1404612.5762000005,3.9033517611619475,4.0944908321690585
2023-05-01,HS diploma,36283632.685400024,1384745.7959999994,3.816447509560419,4.043630265454346
2023-06-01,HS diploma,36015084.63540002,1379956.6722000006,3.831607467176714,3.850468912633015
2023-07-01,HS diploma,35932386.62669998,1224507.7796999998,3.407810876637165,3.685288617791421
2023-08-01,HS diploma,36483551.59229993,1422339.540299999,3.898577518423925,3.7126652874125896
2023-09-01,HS diploma,36580087.539999984,1429438.7476000006,3.907696355392596,3.738028250151217
2023-10-01,HS diploma,35921836.50059991,1394107.8813999998,3.8809482398727515,3.8957407045630794
2023-11-01,HS diploma,35907569.04829993,1419683.4295000003,3.9537163532021844,3.9141203161558322
2023-12-01,HS diploma,35764341.94539997,1523645.5226999996,4.260236424945522,4.0316336726734745
2024-01-01,HS diploma,35871570.7489,1753849.6852000002,4.889246967959389,4.367733248702353
2024-02-01,HS diploma,36580756.17850002,1707075.2756000003,4.666593733793062,4.605359042232646
2024-03-01,HS diploma,36654250.62690003,1626044.4838000005,4.436168946274051,4.664003216008822
2024-04-01,HS diploma,36550912.641699955,1425926.3520999998,3.9012058770680293,4.334656185711702
2024-05-01,HS diploma,36621073.4614,1471266.4893999998,4.017540586162147,4.118305136501397
2024-06-01,HS diploma,36131972.23369989,1472098.0095999995,4.074225453508431,3.997657305579524
2024-07-01,HS diploma,36680360.19309999,1736403.3505000006,4.733877588330331,4.275214542666958
2024-08-01,HS diploma,37135175.51239997,1495622.0536999996,4.027507701426077,4.2785369144216014
2024-09-01,HS diploma,36576409.29189997,1405080.2878000003,3.841493232937882,4.200959507564752
2024-10-01,HS diploma,36097490.44589999,1382510.0295999998,3.829933916519749,3.899644950294558
2024-11-01,HS diploma,36119693.3144,1633855.2253999996,4.523447115617183,4.06495808835826
2024-12-01,HS diploma,35946008.5451,1567768.488700001,4.361453613780193,4.238278215305697
2025-01-01,HS diploma,36724687.533700004,1822483.2990999995,4.962556311548241,4.615819013648527
2025-02-01,HS diploma,36557002.069700055,1722101.9155000006,4.710730689066403,4.678246871464934
2025-03-01,HS diploma,36415927.59760001,1614745.2455000007,4.43417304467186,4.7024866817621565
2025-04-01,HS diploma,36867951.57899995,1404958.7097000012,3.8107859252486054,4.318563219662278
2025-05-01,HS diploma,36657183.255599976,1551879.9513000003,4.233494811860443,4.159484593926958
2025-06-01,HS diploma,36537899.06230011,1411691.5369999995,3.86363631524886,3.9693056841192913
2025-07-01,HS diploma,36401189.92199995,1638434.8306,4.501047449577388,4.1993928588955525
2025-08-01,HS diploma,37337086.186400026,1593405.3491999991,4.267621049069422,4.210768271298545
2025-09-01,HS diploma,36643319.96779997,1453328.8293999997,3.9661494391804593,4.244939312609079
2025-11-01,HS diploma,37421156.603099994,1624519.7385000004,4.341179925917694,4.191650138055848
2025-12-01,HS diploma,36630540.897499934,1467418.6727999996,4.005997828167894,4.104442397755338
2026-01-01,HS diploma,36782402.2066,1943635.5590999993,5.284145250174132,4.543774334753229
2026-02-01,HS diploma,36242304.66150005,1962797.8803,5.415764528863052,4.901969202401681
2026-03-01,HS diploma,36503353.02580002,1823163.4740000002,4.994509607682931,5.231473128906694
2026-04-01,HS diploma,37053348.51839998,1613167.1864999998,4.353634019605359,4.9213027187171035
2026-05-01,HS diploma,37003520.60730002,1499918.8674999992,4.05344908506921,4.467197570785822
2026-06-01,HS diploma,36813010.91409995,1450109.0606,3.9391210460445825,4.115401383573039
2026-07-01,HS diploma,36834262.82909996,1514407.0509000001,4.111408603251812,4.034659578121857
2026-08-01,HS diploma,36586946.74259999,1616957.6790000005,4.419493352030102,4.156674333775488
1980-01-01,Some college,13833909.560000028,558281.5599999999,4.035602210486034,NA
1980-02-01,Some college,14146390.920000002,563365.4200000004,3.982396804852331,NA
1980-03-01,Some college,14057818.9,604840.44,4.302519788471596,4.106839601269987
1980-04-01,Some college,13990304.109999979,559151.6,3.996707974348678,4.093874855890868
1980-05-01,Some college,13976177.029999997,591410.5,4.231561311298016,4.176929691372763
1980-06-01,Some college,13854088.49000002,656869.4200000002,4.741339861327818,4.323203048991504
1980-07-01,Some college,14055985.490000017,704113.0200000003,5.009346520035426,4.660749230887086
1980-08-01,Some college,14194093.11999999,677067.8499999995,4.770067691369352,4.8402513575775314
1980-09-01,Some college,14296483.989999996,621912.8800000001,4.350110701589365,4.709841637664714
1980-10-01,Some college,14366277.020000007,638499.0100000001,4.444429194224182,4.521535862394299
1980-11-01,Some college,14365375.600000005,636465.1000000003,4.430549661367713,4.408363185727087
1980-12-01,Some college,14475147.830000028,629208.0499999999,4.346816055971145,4.407264970521013
1981-01-01,Some college,14278973.33000001,696668.7500000003,4.87898348081024,4.552116399383032
1981-02-01,Some college,14441762.750000006,691073.86,4.785245900816365,4.670348479199251
1981-03-01,Some college,14574170.340000015,643007.4400000002,4.411965998745144,4.692065126790584
1981-04-01,Some college,14491989.970000021,616618.1299999999,4.254889295924616,4.484033731828709
1981-05-01,Some college,14730264.679999989,635033.9900000002,4.311083363371043,4.325979552680267
1981-06-01,Some college,14628297.500000019,666816.8,4.558403327523242,4.374791995606301
1981-07-01,Some college,14737614.62,643170.46,4.364142207431395,4.411209632775226
1981-08-01,Some college,14979422.01000002,639683.6100000001,4.270415838294412,4.397653791083017
1981-09-01,Some college,15058226.749999993,658407.9199999997,4.3724133719795395,4.335657139235116
1981-10-01,Some college,15325734.65000001,676388.1599999998,4.4134142698340355,4.352081160035996
1981-11-01,Some college,15050049.859999988,746091.2100000002,4.957400254087934,4.581075965300503
1981-12-01,Some college,14945965.889999976,797636.02,5.336798075617723,4.902537533179897
1982-01-01,Some college,14843510.809999987,879246.5500000003,5.923440628396733,5.405879652700797
1982-02-01,Some college,14918962.160000004,884429.31,5.928222757822183,5.729487153945546
1982-03-01,Some college,15038433.070000002,897874.47,5.9705320748553214,5.940731820358079
1982-04-01,Some college,15212541.260000002,848280.8799999999,5.576194440507304,5.824983091061603
1982-05-01,Some college,15512845.539999962,844966.5799999998,5.4468832157275635,5.664536577030063
1982-06-01,Some college,15557614.490000011,877961.3600000006,5.643290367969517,5.555456008068128
1982-07-01,Some college,15802689.039999995,942101.4800000002,5.961652966880126,5.683942183525736
1982-08-01,Some college,15738891.769999994,895041.5399999996,5.686814250200539,5.763919195016729
1982-09-01,Some college,15741721.11999999,942986.1000000008,5.990362126298432,5.879609781126367
1982-10-01,Some college,15807689.690000003,1019958.15,6.452291068474281,6.043155814991085
1982-11-01,Some college,15570736.48000001,1057990.1099999996,6.794733899446219,6.412462364739645
1982-12-01,Some college,15572508.460000051,1080164.6600000004,6.93635622529626,6.7277937310722535
1983-01-01,Some college,15625766.530000027,1281557.049999999,8.201562768389813,7.310884297710764
1983-02-01,Some college,15606924.580000006,1198696.0200000005,7.680539582642104,7.606152858776059
1983-03-01,Some college,15569846.119999986,1110005.56,7.129200580692707,7.670434310574874
1983-04-01,Some college,15709744.729999967,1047676.3199999994,6.668958267662453,7.159566143665754
1983-05-01,Some college,15935816.85,1019139.5499999998,6.395276499428391,6.731145115927849
1983-06-01,Some college,16107331.909999978,1028936.6600000008,6.3880018475387725,6.484078871543204
1983-07-01,Some college,16357695.379999958,1036132.1400000001,6.334218335345983,6.372498894104381
1983-08-01,Some college,16371349.779999984,995147.9299999998,6.0785942721455966,6.266938151676783
1983-09-01,Some college,16463036.319999985,896753.5700000008,5.4470727790996065,5.953295128863727
1983-10-01,Some college,16575119.989999972,901985.0200000003,5.441800846957258,5.655822632734153
1983-11-01,Some college,16573877.340000011,857930.7399999999,5.176403338821857,5.35509232162624
1983-12-01,Some college,16457505.970000029,874750.8499999999,5.315209069919592,5.311137751899569
1984-01-01,Some college,16181345.480000023,939891.2700000005,5.808486514064584,5.433366307602011
1984-02-01,Some college,16292911.179999992,831140.3400000003,5.101239003992415,5.40831152932553
1984-03-01,Some college,16273141.049999986,837179.99,5.144550688940294,5.351425402332431
1984-04-01,Some college,16294682.780000027,824125.9100000001,5.057637028758401,5.1011422405637035
1984-05-01,Some college,16709313.990000002,826733.5399999998,4.947740765987004,5.0499761612285665
1984-06-01,Some college,16942466.95999998,768592.0900000001,4.536482743714916,4.84728684615344
1984-07-01,Some college,17242223.849999994,810441.6299999999,4.700331216265935,4.728184908655951
1984-08-01,Some college,17433252.15,758563.9100000001,4.351247280043501,4.529353746674784
1984-09-01,Some college,17344343.520000055,768903.7300000002,4.433167096312203,4.4949151975405455
1984-10-01,Some college,17414176.62000007,781306.1400000001,4.486609714884107,4.423674697079936
1984-11-01,Some college,17363745.70000001,775673.7699999998,4.467203006779806,4.462326605992038
1984-12-01,Some college,17132540.049999982,731886.3500000001,4.271908005841789,4.408573575835233
1985-01-01,Some college,17045314.90000001,886990.4700000002,5.203720055650011,4.647610356090534
1985-02-01,Some college,17060033.85000001,801672.89,4.699128366618098,4.7249188093699646
1985-03-01,Some college,17269956.789999984,778531.6900000003,4.508011800300521,4.803620074189542
1985-04-01,Some college,17233123.500000015,749107.92,4.346907396096821,4.518015854338478
1985-05-01,Some college,17327536.710000027,779151.25,4.49660712333299,4.450508773243443
1985-06-01,Some college,17624874.43000002,805418.98,4.569785635630195,4.471100051686668
1985-07-01,Some college,17706688.290000044,792701.2700000001,4.476846584844908,4.5144131146026965
1985-08-01,Some college,17914156.45999999,770574.3900000004,4.301482973650442,4.44937173137518
1985-09-01,Some college,17992731.47999999,820121.0200000005,4.558068467323122,4.445466008606156
1985-10-01,Some college,18168118.090000015,746236.0299999994,4.107393106448037,4.3223148491405325
1985-11-01,Some college,18231194.329999994,728806.3,3.997578473510793,4.221013349093983
1985-12-01,Some college,18190156.43,787959.3500000001,4.331789850363591,4.145587143440806
1986-01-01,Some college,18224709.030000016,833446.5999999999,4.5731682115091585,4.300845511794513
1986-02-01,Some college,18121687.829999987,964802.5999999997,5.324021741522299,4.742993267798348
1986-03-01,Some college,18102393.62000005,878095.3300000001,4.850713935586148,4.915967962872535
1986-04-01,Some college,18176980.68999995,808067.5299999998,4.445554208266049,4.873429961791498
1986-05-01,Some college,18188948.829999927,792272.8099999999,4.355792175814281,4.550686773222158
1986-06-01,Some college,18575861.78999999,830408.9300000007,4.470365571125414,4.423903985068581
1986-07-01,Some college,18714318.79000002,834552.4199999995,4.459432530592252,4.428530092510648
1986-08-01,Some college,18735653.35000004,793479.0799999998,4.2351289553507785,4.388309019022814
1986-09-01,Some college,18901367.569999993,840438.6699999999,4.446443713067267,4.380335066336765
1986-10-01,Some college,18995392.049999982,827512.1599999999,4.356383684115647,4.345985450844563
1986-11-01,Some college,19065612.59999997,878107.72,4.605714688653651,4.4695140286121875
1986-12-01,Some college,19139660.739999987,797739.5900000003,4.167992321477277,4.376696898082191
1987-01-01,Some college,18820450.279999964,939227.68,4.990463384386156,4.58805679817236
1987-02-01,Some college,18780266.380000018,907592.1700000002,4.832690610642975,4.663715438835468
1987-03-01,Some college,18861353.030000024,854722.46,4.531607348849877,4.784920447959668
1987-04-01,Some college,19133782.809999965,806074.5799999997,4.212834377835196,4.525710779109349
1987-05-01,Some college,19318618.430000007,810160.7199999997,4.193678357153615,4.312706694612896
1987-06-01,Some college,19479139.35,730065.8600000001,3.7479369436309313,4.051483226206581
1987-07-01,Some college,19651869.409999974,783447.2800000003,3.9866297890283064,3.976081696604284
1987-08-01,Some college,19490729.72,749646.2199999997,3.8461680540917165,3.860244928916984
1987-09-01,Some college,19533429.590000007,739387.8699999998,3.785243480123551,3.8726804410811906
1987-10-01,Some college,19878680.690000072,698047.2300000003,3.5115370123689926,3.7143161821947523
1987-11-01,Some college,19829886.439999975,695949.84,3.509600733749844,3.602127075414128
1987-12-01,Some college,19602672.71000001,615768.1000000001,3.1412456306831835,3.3874611256006726
1988-01-01,Some college,19357053.880000055,727551.9500000001,3.758588236155687,3.4698115335295707
1988-02-01,Some college,19097760.340000033,787077.9100000003,4.121310017444689,3.673714628094519
1988-03-01,Some college,19224675.840000026,698316.1899999997,3.632395135355368,3.837431129651914
1988-04-01,Some college,19635602.369999982,663717.0399999998,3.380171524628406,3.711292225809487
1988-05-01,Some college,19718569.219999954,665463.3500000001,3.374805456599968,3.46245737219458
1988-06-01,Some college,19904770.020000022,695296.0700000001,3.493112803118935,3.416029928115769
1988-07-01,Some college,19849042.17000001,708525.1100000001,3.5695682639581983,3.479162174559033
1988-08-01,Some college,19928296.039999973,713118.0799999996,3.5784197433068674,3.5470336034613332
1988-09-01,Some college,19873979.79,703396.3400000001,3.5392827578194903,3.5624235883615185
1988-10-01,Some college,20385419.93999999,691287.3699999999,3.391087218387713,3.50292990650469
1988-11-01,Some college,20330633.759999998,691499.3300000001,3.4012679494552076,3.4438793085541364
1988-12-01,Some college,20169937.169999942,629392.78,3.1204498789224626,3.3042683489217937
1989-01-01,Some college,20209037.850000016,750942.3099999999,3.7158736381900503,3.412530488855906
1989-02-01,Some college,19966070.57999994,748768.0599999998,3.7502024096320814,3.5288419755815306
1989-03-01,Some college,19995272.390000038,656424.2400000005,3.2828972128846265,3.582991086902252
1989-04-01,Some college,20331783.799999993,665093.9599999997,3.271203188772841,3.434767603763182
1989-05-01,Some college,20484425.60999997,603251.2900000003,2.9449265577918307,3.1663423198164318
1989-06-01,Some college,20683435.089999992,596807.44,2.8854367632992637,3.0338555032879775
1989-07-01,Some college,20955206.50000002,662576.03,3.161868292731925,2.9974105379410054
1989-08-01,Some college,20859148.84999993,628632.1200000001,3.013699765606698,3.020334940545961
1989-09-01,Some college,21011021.040000044,672686.03,3.2015865802969024,3.1257182128785073
1989-10-01,Some college,21343394.649999984,707323.3699999999,3.3140153269854866,3.1764338909630276
1989-11-01,Some college,21135010.269999947,709946.6900000002,3.3591026497286958,3.2915681856703607
1989-12-01,Some college,21038476.460000016,683136.8299999998,3.2470831778091562,3.3067337181744456
1990-01-01,Some college,21059350.840000056,831434.3,3.948052845108486,3.518079557548779
1990-02-01,Some college,20974720.86,814071.4000000001,3.8812025458345008,3.692112856250714
1990-03-01,Some college,21135042.759999946,781154.46,3.6960155173114115,3.841756969418132
1990-04-01,Some college,21088761.900000017,725729.9599999995,3.441311364988188,3.672843142711366
1990-05-01,Some college,21403864.469999984,726872.99,3.3959895000213507,3.511105460773649
1990-06-01,Some college,21293164.070000008,725240.1299999999,3.405976338771524,3.414425734593687
1990-07-01,Some college,21377123.52000007,842561.7900000003,3.9414179798873032,3.5811279395600586
1990-08-01,Some college,21411236.370000027,847599.0799999998,3.958664812031117,3.7686863768966474
1990-09-01,Some college,21361506.72999998,809141.6199999996,3.787849004413371,3.8959772654439297
1990-10-01,Some college,21619080.989999983,750634.4599999998,3.472092362978841,3.739535393141109
1990-11-01,Some college,21511892.740000047,846403.9800000004,3.934586278529383,3.7315092153071974
1990-12-01,Some college,21298855.6,817628.9699999995,3.838839914009274,3.7485061851724986
1991-01-01,Some college,21474168.209999926,1022660.9400000003,4.762284294316813,4.178570162285156
1991-02-01,Some college,21643492.060000002,1021990.8900000001,4.721931595727903,4.441018601351329
1991-03-01,Some college,21804909.30000004,1079910.7900000005,4.952603907414549,4.812273265819754
1991-04-01,Some college,22014420.00000006,1065587.2300000004,4.840405652295166,4.838313718479205
1991-05-01,Some college,21894328.410000037,1016189.8400000002,4.641338254229642,4.811449271313118
1991-06-01,Some college,22052238.37999995,1047828.5699999998,4.751574656250393,4.7444395209250665
1991-07-01,Some college,22127038.129999958,976781.1199999998,4.414423269220451,4.602445393233495
1991-08-01,Some college,21805490.859999992,1046493.5800000005,4.799220465702468,4.6550727970577706
1991-09-01,Some college,22273534.479999967,1082167.3200000003,4.858534333523531,4.690726022815483
1991-10-01,Some college,22483535.78000003,1060258.3399999999,4.715709977178681,4.791154925468226
1991-11-01,Some college,22248257.999999963,1118565.3900000006,5.0276538055249205,4.86729937207571
1991-12-01,Some college,22198119.709999967,1107814.3100000005,4.990577240201766,4.9113136743017884
1992-01-01,Some college,26411726.71000004,1574295.0000000005,5.960590980232803,5.326274008653162
1992-02-01,Some college,26494603.449999973,1652471.0700000003,6.237010012693743,5.729392744376104
1992-03-01,Some college,26594385.740000024,1558556.4200000009,5.860471586887645,6.01935752660473
1992-04-01,Some college,26811911.869999968,1508083.4699999997,5.624677111099282,5.907386236893557
1992-05-01,Some college,26806203.6299999,1457774.7200000007,5.438199083023254,5.641115927003394
1992-06-01,Some college,26826318.060000047,1514004.2600000002,5.6437273896990305,5.568867861273856
1992-07-01,Some college,27098044.799999945,1554340.8799999994,5.7359890408034255,5.605971837841904
1992-08-01,Some college,26864189.42,1500041.9300000013,5.5837974730897395,5.654504634530732
1992-09-01,Some college,27387953.990000036,1501899.6400000006,5.483796418485215,5.601194310792795
1992-10-01,Some college,27739794.789999984,1473825.0400000007,5.3130351221318515,5.460209671235603
1992-11-01,Some college,27759132.009999976,1428343.0499999998,5.145488877265515,5.314106805960861
1992-12-01,Some college,27836773.579999983,1502583.5500000005,5.397836590802207,5.285453530066525
1993-01-01,Some college,27620378.730000027,1639055.4500000004,5.934225109736571,5.492516859268098
1993-02-01,Some college,27993537.52000003,1673253.6599999997,5.977285503143506,5.769782401227428
1993-03-01,Some college,28068306.050000086,1516382.02,5.402470734424656,5.771327115768245
1993-04-01,Some college,28191881.869999953,1464256.9799999986,5.193895841193099,5.524550692920421
1993-05-01,Some college,28195209.049999997,1364950.709999999,4.841073203534198,5.145813259717318
1993-06-01,Some college,28154517.949999977,1435910.2499999995,5.100105967184569,5.045025003970623
1993-07-01,Some college,28530649.959999915,1511967.5300000003,5.299450002435222,5.080209724384663
1993-08-01,Some college,28228471.680000052,1576925.5099999998,5.586294319707204,5.328616763108999
1993-09-01,Some college,28653044.56999998,1429934.9900000007,4.9905167547087,5.292087025617043
1993-10-01,Some college,28891266.939999923,1401310.1599999997,4.850289753336804,5.142366942584236
1993-11-01,Some college,28863118.430000044,1295436.7799999996,4.488207963882154,4.77633815730922
1993-12-01,Some college,29007754.919999976,1346914.98,4.643292746076472,4.660596821098477
1994-01-01,Some college,29254119.315699987,1534250.9693999998,5.244563860709367,4.792021523555999
1994-02-01,Some college,30253672.342999972,1589947.0166999993,5.255385193156155,5.047747266647332
1994-03-01,Some college,30077044.758100025,1447204.1111000003,4.811656606356763,5.1038685534074295
1994-04-01,Some college,29774961.525199942,1384923.5392000012,4.65130253158472,4.906114777032546
1994-05-01,Some college,29521889.393400084,1315879.956,4.457302642337581,4.640087260093022
1994-06-01,Some college,29355585.353300117,1224897.1502000005,4.172620424556784,4.427075199493029
1994-07-01,Some college,30238565.68450011,1298096.0109,4.292849153111079,4.307590740001815
1994-08-01,Some college,29746010.187700003,1298320.9517,4.364689393661463,4.276719657109775
1994-09-01,Some college,29916582.598499965,1250325.1807000008,4.179371679847861,4.278970075540134
1994-10-01,Some college,30685233.714899905,1246361.2107000002,4.061762156612812,4.201941076707379
1994-11-01,Some college,30704018.880399976,1231196.4611000014,4.009886998493021,4.083673611651232
1994-12-01,Some college,30478647.52450002,1145227.0507999996,3.757473325807577,3.9430408269711372
1995-01-01,Some college,30393068.264300093,1311017.9913999997,4.3135427459949165,4.026967690098505
1995-02-01,Some college,31064758.12969995,1232928.1149999993,3.968896554263653,4.013304208688716
1995-03-01,Some college,30741978.377899975,1347404.5606999998,4.382946810178724,4.221795370145765
1995-04-01,Some college,30617381.668300033,1265097.4310000003,4.1319582605256855,4.161267208322688
1995-05-01,Some college,30353181.650000066,1253069.7361000003,4.128297819151349,4.214400963285253
1995-06-01,Some college,30296660.3768001,1218465.3850000005,4.021781179331072,4.094012419669369
1995-07-01,Some college,31522315.623400062,1286048.6490000004,4.079803858208068,4.07662761889683
1995-08-01,Some college,31024783.65969998,1243386.8731999998,4.007721332848849,4.036435456795997
1995-09-01,Some college,30710858.59269999,1141779.9505999996,3.717837933946276,3.935121041667731
1995-10-01,Some college,31354024.66209995,1188857.2498000003,3.7917213583016176,3.839093541698914
1995-11-01,Some college,30923749.90660008,1207712.1778000002,3.9054518984524487,3.8050037302334467
1995-12-01,Some college,30722049.661799982,1058278.0397999994,3.444685662089369,3.7139529729478107
1996-01-01,Some college,30273775.760899983,1313466.397799999,4.3386276233716545,3.89625506130449
1996-02-01,Some college,30916548.49699989,1275363.3339999989,4.125180189903019,3.9694978251213464
1996-03-01,Some college,30867006.500600055,1241868.1731999996,4.0232867193514785,4.162364844208716
1996-04-01,Some college,30584582.267899998,1185529.5563999997,3.876232626019125,4.00823317842454
1996-05-01,Some college,30713880.107999977,1118744.8574000003,3.642473218838291,3.847330854736297
1996-06-01,Some college,31113989.581299983,1113871.3812000002,3.5799696412749817,3.699558495377465
1996-07-01,Some college,31833237.896300055,1197597.9049000004,3.762098938227066,3.661513932780112
1996-08-01,Some college,31497288.10520003,1196319.6127000002,3.7981670317277074,3.7134118704099173
1996-09-01,Some college,31212153.26179999,1131504.2388999993,3.6252040332149322,3.728490001056567
1996-10-01,Some college,31675173.775199942,1109133.6286,3.501586562623361,3.641652542521999
1996-11-01,Some college,31134707.89809992,1058792.5406,3.4006824283217876,3.5091576747200257
1996-12-01,Some college,31032789.895100042,1085890.713,3.499172058556868,3.4671470165006713
1997-01-01,Some college,30786784.572299957,1194322.6875000005,3.8793355788593074,3.5930633552459867
1997-02-01,Some college,31271087.175500058,1172629.2088999997,3.749883086312135,3.709463574576103
1997-03-01,Some college,31211700.872099973,1190165.5388000004,3.813203079438343,3.814140581536595
1997-04-01,Some college,30798256.935300063,1014731.9373999999,3.294770673326463,3.619285613025647
1997-05-01,Some college,31029846.09259989,914419.6878,2.946903716735076,3.351625823166627
1997-06-01,Some college,31149231.054099977,966355.9341999997,3.102342823556809,3.114672404539449
1997-07-01,Some college,31587665.85520004,998412.7959999999,3.1607678787561904,3.0700048063493584
1997-08-01,Some college,31741866.2923,1015914.4149000004,3.2005503568844746,3.154553686399158
1997-09-01,Some college,31398875.421600018,1017667.2936000002,3.2410947205450653,3.200804318728577
1997-10-01,Some college,31908440.192700025,900555.9755000001,2.8223127487943716,3.087985942074637
1997-11-01,Some college,31728498.918900073,923281.3914,2.909943498304039,2.991116989214492
1997-12-01,Some college,31329971.391799964,984758.5794000003,3.143183781067041,2.958480009388484
1998-01-01,Some college,31094584.452000022,1116902.7591999997,3.591952678847136,3.215026652739405
1998-02-01,Some college,31651243.194599938,1058128.4151999997,3.3430864269512437,3.3594076289551396
1998-03-01,Some college,31518326.441800073,1115293.6320999998,3.5385560022022005,3.4911983693335262
1998-04-01,Some college,31290452.374599993,847042.5325999997,2.7070319165074967,3.1962247818869796
1998-05-01,Some college,31251742.096200064,919122.5162000004,2.941028098116033,3.0622053389419093
1998-06-01,Some college,31132285.659400046,851685.3038000003,2.735697960367531,2.794585991663686
1998-07-01,Some college,31565030.34779995,969906.7941999998,3.072725682545087,2.9164839136762155
1998-08-01,Some college,31238972.583099954,887629.7631,2.841417913917569,2.883280518943394
1998-09-01,Some college,31312589.658399932,913002.9603999997,2.9157695685993095,2.9433043883539867
1998-10-01,Some college,31985588.209000036,910754.4257999999,2.8473899552790893,2.868192479265321
1998-11-01,Some college,32243502.805200037,859391.1991999998,2.6653158758588797,2.8094917999124243
1998-12-01,Some college,32029506.261199906,867270.4077000001,2.7077233118344983,2.740143047657487
1999-01-01,Some college,32034801.477699988,1029174.0559,3.2126749922780915,2.861904726657155
1999-02-01,Some college,32705930.688700028,1088930.9071999998,3.3294600834466634,3.083286129186416
1999-03-01,Some college,31878885.01460002,998049.8520999998,3.1307552056570014,3.2242967604605837
1999-04-01,Some college,31900057.538199954,938952.5894999998,2.9434197363926846,3.1345450084987814
1999-05-01,Some college,31651129.414399926,857532.9671,2.7093281755369487,2.9278343725288765
1999-06-01,Some college,31642618.26129999,764077.4282000002,2.4147098760613406,2.68915259599699
1999-07-01,Some college,32324932.682999995,1005190.7910000002,3.1096454271307428,2.7445611595763424
1999-08-01,Some college,31777955.545900114,996370.5135000002,3.1354141460133946,2.8865898164018247
1999-09-01,Some college,32015507.34790004,852285.3013999998,2.6621015001841064,2.9690536911094134
1999-10-01,Some college,32693620.128799945,864326.6270000001,2.643716491458868,2.813744045885455
1999-11-01,Some college,32776743.18559998,816921.362,2.492381129431137,2.599399707024702
1999-12-01,Some college,32599300.65330003,762383.1315000004,2.3386487324010257,2.491582117763675
2000-01-01,Some college,32475482.190599963,930456.9701000005,2.8651059425049015,2.565378601445686
2000-02-01,Some college,33376262.874599956,1059739.4090000002,3.1751290220286594,2.792961232311527
2000-03-01,Some college,33315950.906199984,994961.9683999997,2.9864432541676025,3.0088927395670524
2000-04-01,Some college,32865681.818699963,861938.8887999997,2.6226107024183887,2.9280609928715484
2000-05-01,Some college,33116395.528000094,817411.4634999998,2.4682984076841152,2.6924507880900337
2000-06-01,Some college,33129825.58410002,907197.2941000005,2.738309900838691,2.6097396703137297
2000-07-01,Some college,33417123.359999917,966374.6220000001,2.8918546087564923,2.6994876390930975
2000-08-01,Some college,33398265.360800046,954355.5887000002,2.857500467135455,2.8292216589102104
2000-09-01,Some college,33093805.02269996,826130.2115999998,2.496328877967747,2.748561317953229
2000-10-01,Some college,33642327.515499964,774603.9994,2.302468516909593,2.552099287337596
2000-11-01,Some college,33465735.933200035,827560.4460999997,2.472858949678766,2.4238854481853664
2000-12-01,Some college,33563709.72560002,851371.3338999995,2.5365829369291495,2.437303467839167
2001-01-01,Some college,33226118.730400097,1089826.3698999994,3.280029120292246,2.7631570023000513
2001-02-01,Some college,33890985.74780005,1008252.4801000003,2.974987176834915,2.9305330780187675
2001-03-01,Some college,33776222.32230002,972992.8311000002,2.880703536989697,3.045239944705617
2001-04-01,Some college,32892295.715899937,964795.0449000001,2.9331946095620927,2.9296284411288993
2001-05-01,Some college,33374975.585,947124.9111000001,2.837829524962033,2.883909223837938
2001-06-01,Some college,33056664.768399984,1056577.6797999996,3.1962621976613286,2.989095444061815
2001-07-01,Some college,33857067.48870003,1093510.2845000003,3.229784401336486,3.0879587079866124
2001-08-01,Some college,33868654.868599996,1158432.5954,3.4203678885221853,3.2821381625066635
2001-09-01,Some college,34005082.29089986,1147569.9446999999,3.374701272248068,3.3416178540355763
2001-10-01,Some college,34031973.81149995,1331755.4663000004,3.9132477994854904,3.5694389867519116
2001-11-01,Some college,33994058.122099996,1357529.5063999996,3.993431738935139,3.760460270222896
2001-12-01,Some college,34037003.734,1397070.0603000007,4.104562408660106,4.003747315693576
2002-01-01,Some college,33522981.902200006,1569297.9207999995,4.681259934985114,4.259751360860117
2002-02-01,Some college,33677871.12510006,1541656.0495999996,4.577652915985553,4.454491753210255
2002-03-01,Some college,33597295.24170002,1528187.5519999997,4.548543390193077,4.6024854137212445
2002-04-01,Some college,33021552.60479995,1533738.9974999991,4.644660461171222,4.590285589116614
2002-05-01,Some college,32996359.099000085,1489812.7514000002,4.515082245680698,4.5694286990149955
2002-06-01,Some college,33214016.90850001,1533986.7627,4.618492147233862,4.592744951361923
2002-07-01,Some college,33755306.70770003,1543753.7526000002,4.573366096086604,4.568980163000384
2002-08-01,Some college,33715501.89989993,1515176.0858999998,4.494004242910283,4.561954162076913
2002-09-01,Some college,33882144.14799996,1529940.5755000007,4.515477440911343,4.527615926636073
2002-10-01,Some college,34339386.27589998,1501147.2985000005,4.371502992042505,4.460328225288039
2002-11-01,Some college,34192026.75189999,1542037.857800001,4.509934052722723,4.465638161892186
2002-12-01,Some college,34150124.619399965,1592476.9019999995,4.663165712418358,4.514867585727857
2003-01-01,Some college,34099569.612399995,1756393.7783000001,5.150779902105579,4.774626555748882
2003-02-01,Some college,34520923.94200006,1740013.8078999994,5.040461288995231,4.951468967839719
2003-03-01,Some college,34135318.87630008,1736152.6456000004,5.086088845080042,5.092443345393613
2003-04-01,Some college,33897281.98900007,1635076.360100001,4.823620845560998,4.983390326545419
2003-05-01,Some college,33710845.95290014,1572519.9833,4.664730115337601,4.858146601992876
2003-06-01,Some college,34024228.001100004,1675700.9499000001,4.925022692199878,4.804457884366155
2003-07-01,Some college,34490767.90390006,1783093.9623999991,5.169771712152501,4.919841506563323
2003-08-01,Some college,33949660.25230004,1655730.8431999995,4.877017416066266,4.990603940139544
2003-09-01,Some college,34009539.13880006,1606738.5441999994,4.724376115896668,4.923721748038474
2003-10-01,Some college,34015181.40890003,1559704.6124,4.585319106932369,4.728904212965097
2003-11-01,Some college,33736549.52979994,1543661.8960000002,4.5756365648373825,4.6284439292221355
2003-12-01,Some college,34158607.58690005,1461357.376399999,4.278152652101765,4.479702774623834
2004-01-01,Some college,33807208.37129997,1650285.2135000005,4.881459585113159,4.5784162673507645
2004-02-01,Some college,34380394.43679993,1584236.3011000003,4.607964297827464,4.589192178347458
2004-03-01,Some college,34471639.531099975,1692973.8461000002,4.911207790313007,4.800210557751206
2004-04-01,Some college,34431254.63150005,1399976.0851000003,4.066003693688255,4.528391927276238
2004-05-01,Some college,34267686.366000064,1291065.7069999997,3.7675893645419194,4.248266949514389
2004-06-01,Some college,34412889.66210009,1455938.227700001,4.230793292849999,4.0214621170267195
2004-07-01,Some college,35060119.10100005,1545122.9919000003,4.407067150710072,4.135149936033993
2004-08-01,Some college,34614472.551300034,1410212.1141,4.074053452670726,4.237304632076928
2004-09-01,Some college,34512961.05940004,1362449.7620999995,3.9476466819381155,4.1429224284396335
2004-10-01,Some college,34844326.03059994,1387029.0580000004,3.980645390534819,4.0007818417145495
2004-11-01,Some college,34609909.33879995,1466454.1573999994,4.237093322160221,4.055128464877714
2004-12-01,Some college,34423930.3403,1431188.0970000005,4.15753832537975,4.125092346024926
2005-01-01,Some college,34290128.46049999,1535770.6922999998,4.478754560715946,4.291128736085302
2005-02-01,Some college,35115514.61129999,1557526.4611999998,4.435436810311747,4.3572432321358106
2005-03-01,Some college,34898127.47039996,1437438.7219000012,4.118956591923776,4.344382654317152
2005-04-01,Some college,34807382.53010005,1339497.8056999994,3.8483152375552936,4.134236213263601
2005-05-01,Some college,34490694.94820007,1254654.7607000005,3.63766158549228,3.8683111383237794
2005-06-01,Some college,34616945.193299904,1371462.2585999998,3.961823468078419,3.815933430375327
2005-07-01,Some college,35434022.961399846,1393912.6250000005,3.933825483260716,3.8444368456104683
2005-08-01,Some college,35201911.549900025,1250315.0980000002,3.551838644408932,3.8158291985826853
2005-09-01,Some college,35235871.30759998,1232926.9735999992,3.499067648524618,3.6615772587314184
2005-10-01,Some college,35561144.53110005,1301498.4262999995,3.659889026242595,3.570265106392045
2005-11-01,Some college,35383083.408199936,1358281.2297999999,3.8387870670570834,3.6659145806080957
2005-12-01,Some college,35336403.05849999,1384884.2818,3.9191433251066936,3.8059398061354544
2006-01-01,Some college,35223153.417900056,1368624.5031,3.885581983140893,3.8811707917682203
2006-02-01,Some college,36013774.30219987,1425628.2070000004,3.958563729081062,3.9210963457762134
2006-03-01,Some college,35587545.49250009,1387644.4902999995,3.899241914822249,3.9144625423480655
2006-04-01,Some college,35358732.00950007,1311041.2508000005,3.7078288057607782,3.8552114832213604
2006-05-01,Some college,34839114.890000015,1227919.7793000008,3.524543557369348,3.7105380926507894
2006-06-01,Some college,34716315.23990002,1231464.9619000005,3.547222547641398,3.5931983035905053
2006-07-01,Some college,35816497.36200014,1367005.6579999998,3.816692749666632,3.6294862848924567
2006-08-01,Some college,35425794.57819995,1288317.0022,3.636663672726185,3.6668596566780693
2006-09-01,Some college,35485157.6966999,1239024.4695000004,3.4916696160412695,3.64834201281136
2006-10-01,Some college,36053984.72959998,1194416.7798999995,3.3128565090875925,3.4803965992850134
2006-11-01,Some college,35442642.60799989,1186429.8240999999,3.347464344637232,3.3839968232553623
2006-12-01,Some college,35543069.21420002,1204972.5035999992,3.39017572269362,3.3501655254728124
2007-01-01,Some college,34885445.11479984,1420319.8863,4.071382439369941,3.603007502233595
2007-02-01,Some college,34907423.42899996,1351413.9124999992,3.871422693939903,3.7776602853344854
2007-03-01,Some college,35469261.82789995,1320597.7299000002,3.72321740527801,3.888674179529282
2007-04-01,Some college,35716560.22569993,1261774.0481999994,3.5327423476017907,3.7091274822732316
2007-05-01,Some college,35836887.73669991,1154272.8115,3.220906960394136,3.4922889044246426
2007-06-01,Some college,36006826.042099945,1274678.5792999994,3.5401025844644516,3.4312506308201236
2007-07-01,Some college,36637274.72299988,1359016.1667999993,3.7093811618767765,3.490130235578452
2007-08-01,Some college,36047165.54459996,1352235.9016,3.751296062174219,3.6669266028384797
2007-09-01,Some college,36189526.24010002,1193246.1721999994,3.297214128428728,3.585963784159905
2007-10-01,Some college,36841502.969299965,1243061.7636999995,3.3740799465641866,3.4741967123890416
2007-11-01,Some college,36612785.8595,1176023.2839,3.2120562702137416,3.2944501150688823
2007-12-01,Some college,36366188.70280008,1367261.3279000008,3.75970476057813,3.448613659118683
2008-01-01,Some college,36138639.42999999,1443557.0000999998,3.994497365890457,3.6554194655607737
2008-02-01,Some college,36271826.21340008,1494828.0929,4.121182330620448,3.958461485696342
2008-03-01,Some college,36534435.95069985,1509911.464400001,4.1328446029316,4.082841433147499
2008-04-01,Some college,36693475.47349985,1434087.8066999991,3.908291019572954,4.054105984374998
2008-05-01,Some college,36633141.33730017,1488016.8456,4.061941704368358,4.034359108957635
2008-06-01,Some college,36818002.459000096,1595063.1968,4.332291515750305,4.100841413230537
2008-07-01,Some college,36893433.201000154,1771001.2150000003,4.800315561176859,4.398182927098506
2008-08-01,Some college,36871897.222500116,1880050.9633999988,5.098872325595296,4.743826467507485
2008-09-01,Some college,37123494.66829984,1834312.678999999,4.941109923485568,4.9467659367525725
2008-10-01,Some college,37100892.85919997,1878983.3241000012,5.064523194174467,5.0348351477517745
2008-11-01,Some college,37451713.39170001,1983323.5722000012,5.295681806214886,5.100438307958305
2008-12-01,Some college,36880403.49769995,2082037.9534000012,5.6453773710199435,5.335194123803096
2009-01-01,Some college,36380838.06389999,2536433.8193999995,6.971894971042063,5.970984716092295
2009-02-01,Some college,37240371.91109998,2868201.8813999994,7.701861539532838,6.773044627198279
2009-03-01,Some college,36819685.34729999,2868774.465899997,7.7914149424157575,7.488390484330218
2009-04-01,Some college,36933157.61829986,2763294.274099999,7.481879298429728,7.658385260126106
2009-05-01,Some college,36589940.67019992,2712887.1238,7.4142976843071695,7.562530641717551
2009-06-01,Some college,36602289.57099999,2947114.893799998,8.051722797513188,7.649299926750028
2009-07-01,Some college,36894213.21770011,3039605.346099999,8.238704883512026,7.9015751217774595
2009-08-01,Some college,36625177.28800006,3113515.7483000006,8.501025739253194,8.263817806759468
2009-09-01,Some college,36703018.07100005,3003636.6833999995,8.183623149435894,8.307784590733704
2009-10-01,Some college,37004002.27249996,3168831.7733999994,8.56348389037626,8.416044259688448
2009-11-01,Some college,37212006.592799954,3149820.480999996,8.464527364695904,8.403878134836019
2009-12-01,Some college,36790110.471799955,3166387.3932,8.606626489004626,8.544879248025595
2010-01-01,Some college,36608724.55410005,3296038.841099997,9.003424405647184,8.691526086449237
2010-02-01,Some college,36829664.06239993,3108047.7709999997,8.43897942086597,8.683010105172592
2010-03-01,Some college,36603964.690400064,3206112.7731,8.758922155612424,8.733775327375191
2010-04-01,Some college,36573991.853600055,2995564.0082000014,8.190421270368226,8.462774282282206
2010-05-01,Some college,36679605.320899986,2888637.4635999994,7.875323189353016,8.274888871777888
2010-06-01,Some college,36438042.370100036,2992794.1585999993,8.213378008078163,8.0930408225998
2010-07-01,Some college,36953079.1753,3189521.6109999996,8.631274259634429,8.239991819021867
2010-08-01,Some college,37144849.1454,3344134.577900002,9.002956412098223,8.615869559936936
2010-09-01,Some college,37066347.45520005,3262865.8408999997,8.80277142182309,8.812334031185244
2010-10-01,Some college,37503428.39990002,3041580.018600001,8.110138588311328,8.63862214074421
2010-11-01,Some college,37340047.42410014,3100421.5844999985,8.303207409690954,8.40537247327512
2010-12-01,Some college,36833694.601999976,2926976.2590000015,7.946463939137602,8.119936645713292
2011-01-01,Some college,36828998.26670012,3146646.7243,8.543937854386664,8.264536401071737
2011-02-01,Some college,37070074.21759989,3035226.9636999993,8.187809244414606,8.226070345979622
2011-03-01,Some college,36617453.52660011,2817810.792100001,7.695266930708472,8.142338009836578
2011-04-01,Some college,36566815.77400015,2644512.8057000004,7.232001884015041,7.7050260197127045
2011-05-01,Some college,36734314.736699894,2771739.268000001,7.545368105726112,7.490878973483206
2011-06-01,Some college,36563380.07189996,3079298.0907,8.42180915616861,7.733059715303253
2011-07-01,Some college,36733128.35169997,3154832.1264999993,8.588520139897089,8.185232467263935
2011-08-01,Some college,37196990.07390006,3179158.779699998,8.546817291893499,8.519048862653065
2011-09-01,Some college,37287243.685899794,3126093.0617999984,8.383813746421094,8.50638372607056
2011-10-01,Some college,37228101.6861999,3013015.6958000027,8.093390635915497,8.341340558076697
2011-11-01,Some college,37184371.091699824,2754305.584099997,7.407159253299309,7.961454545211967
2011-12-01,Some college,37158489.75540002,2767687.2815000005,7.448330919040619,7.649626936085141
2012-01-01,Some college,37322487.68029994,2830899.2207999993,7.584969268525589,7.480153146955172
2012-02-01,Some college,37623149.4867,2857983.5091999993,7.596343071199589,7.543214419588598
2012-03-01,Some college,37447421.66409996,2918354.616500001,7.793205745050706,7.658172694925295
2012-04-01,Some college,37060840.84320007,2744769.7644000016,7.4061184310760515,7.598555749108782
2012-05-01,Some college,36990279.63749994,2788458.706100001,7.538355301518516,7.5792264925484245
2012-06-01,Some college,37339305.49459995,2763254.5803999994,7.400390938711015,7.448288223768528
2012-07-01,Some college,37411137.49049989,2782645.9288999992,7.438014761263591,7.458920333831041
2012-08-01,Some college,37556919.13329993,2602662.772599999,6.929915532641072,7.256107077538559
2012-09-01,Some college,37926781.129399836,2459361.7108999994,6.484498915183623,6.9508097363627614
2012-10-01,Some college,38029276.55159995,2620509.2887999997,6.890768182887641,6.768394210237445
2012-11-01,Some college,37484191.27500005,2390927.2892999994,6.3784950614490645,6.584587386506776
2012-12-01,Some college,37387607.42110003,2514396.3022999996,6.725213180881368,6.66482547507269
2013-01-01,Some college,37240707.53870005,2763814.685799998,7.42148812003069,6.84173212078704
2013-02-01,Some college,37534279.783500016,2610710.1854000003,6.955535580964211,7.034078960625423
2013-03-01,Some college,37300518.02699997,2408063.3043,6.455844132129543,6.944289277708148
2013-04-01,Some college,37109349.750900224,2240652.1324000005,6.0379719597367645,6.48311722427684
2013-05-01,Some college,37342746.03859995,2377917.666,6.3678168272414295,6.287210973035912
2013-06-01,Some college,37151871.37859996,2410777.235999999,6.488979280297152,6.298256022425115
2013-07-01,Some college,37424526.97289998,2335131.8796999995,6.23957620463961,6.365457437392731
2013-08-01,Some college,37860363.86439992,2371039.5846999995,6.262590589969176,6.330382024968647
2013-09-01,Some college,37775426.87300001,2243650.669099998,5.939444911219912,6.147203901942901
2013-10-01,Some college,37591947.54989998,2410191.4329000004,6.411456681515861,6.204497394234984
2013-11-01,Some college,37471189.08950007,2316976.5354,6.18335470984359,6.178085434193122
2013-12-01,Some college,36965413.89209996,2213059.2075,5.986837355479908,6.193882915613121
2014-01-01,Some college,36817228.82719985,2341328.5911000017,6.359328677584431,6.176506914302645
2014-02-01,Some college,37332538.780900046,2406996.2129999995,6.447448503640099,6.264538178901481
2014-03-01,Some college,37179384.04540002,2293662.0472,6.169177102017591,6.325318094414041
2014-04-01,Some college,37334024.68560014,2029909.8827000004,5.437157927103808,6.017927844253833
2014-05-01,Some college,37150434.16139989,1977650.2685000014,5.323357083548765,5.643230704223389
2014-06-01,Some college,37403956.08690004,1914806.3616,5.119261602038457,5.293258870897011
2014-07-01,Some college,38028026.20289991,2110627.7486000005,5.550190108049968,5.330936264545731
2014-08-01,Some college,37926970.268399864,2098645.7216999996,5.533386154624002,5.4009459549041425
2014-09-01,Some college,37811050.6649999,2020301.7749,5.343151643152059,5.475575968608677
2014-10-01,Some college,37729105.31180017,1852178.5202999995,4.909150389316843,5.261896062364301
2014-11-01,Some college,37388283.33110008,1746490.9652,4.67122534012479,4.974509124197898
2014-12-01,Some college,37001700.9889999,1783730.1273,4.820670616819153,4.800348782086929
2015-01-01,Some college,37302642.44609994,2125363.9075000007,5.697622924625308,5.063172960523084
2015-02-01,Some college,37619872.025599875,2049288.8459999994,5.4473573025593565,5.321883614667939
2015-03-01,Some college,37597471.466599904,1865792.3157999988,4.962547328368863,5.369175851851176
2015-04-01,Some college,37896349.85080004,1693454.9543999995,4.468649252677956,4.959517961202059
2015-05-01,Some college,37624054.62619992,1578178.9496000004,4.194600941550351,4.54193250753239
2015-06-01,Some college,37909532.31959979,1570591.4829999995,4.142998836701502,4.268749676976603
2015-07-01,Some college,37844374.12589994,1715686.6209999998,4.533531497422276,4.290377091891377
2015-08-01,Some college,37215322.831599884,1682671.8012999995,4.521448890593062,4.399326408238948
2015-09-01,Some college,37369386.55150016,1590530.2754,4.256238654621827,4.437073014212388
2015-10-01,Some college,37568084.10120009,1632483.8072000006,4.345400747087478,4.374362764100789
2015-11-01,Some college,37546134.73090002,1616529.6360999995,4.305448876924247,4.3023627595445175
2015-12-01,Some college,37863498.910499915,1520861.1178,4.016694604465754,4.222514742825827
2016-01-01,Some college,38118410.6373,1756204.2769,4.607233742273351,4.309792407887785
2016-02-01,Some college,38304318.19699986,1767447.1165,4.6142241911472865,4.412717512628798
2016-03-01,Some college,38091647.99609995,1639315.3165999989,4.303608278559756,4.508355403993465
2016-04-01,Some college,38087858.08049996,1507934.5909999998,3.959095278639533,4.292309249448859
2016-05-01,Some college,37891074.51979992,1363059.7074000007,3.59731077747013,3.9533381115564734
2016-06-01,Some college,38081127.99339987,1530394.2013999997,4.018773292811189,3.858393116306951
2016-07-01,Some college,38137904.007900015,1680481.4533000002,4.406328813853796,4.007470961378372
2016-08-01,Some college,37474510.53639996,1666840.4348000002,4.447931169590474,4.291011092085154
2016-09-01,Some college,37878280.995299965,1568746.402400001,4.141545923360818,4.331935302268363
2016-10-01,Some college,38266690.48049995,1456765.2412000003,3.8068754389469417,4.132117510632745
2016-11-01,Some college,38175611.921599925,1462277.133499999,3.8303960562650112,3.9262724728575904
2016-12-01,Some college,38284133.220100015,1430838.5558999998,3.73741922710889,3.7915635741069473
2017-01-01,Some college,38086062.189599976,1563654.3528,4.105581577365017,3.8911322869129727
2017-02-01,Some college,37964227.68080006,1659725.6758999988,4.371814672103509,4.071605158859139
2017-03-01,Some college,37995127.50030015,1460363.4855,3.8435546386532424,4.106983629373923
2017-04-01,Some college,38088319.34150009,1328420.5773,3.487737448820919,3.9010355865258908
2017-05-01,Some college,37450797.81520003,1410391.6355,3.765985553791244,3.699092547088469
2017-06-01,Some college,37724475.70120004,1407712.7257000003,3.7315633936172112,3.661762132076459
2017-07-01,Some college,37703862.88030015,1465692.4260999993,3.8873800033518777,3.7949763169201116
2017-08-01,Some college,37232857.72999996,1471906.2705000006,3.953245494003616,3.8573962969909026
2017-09-01,Some college,37680057.97710004,1341459.9718999995,3.5601324518005484,3.8002526497186815
2017-10-01,Some college,38060003.57070013,1375252.9171000004,3.613380946077252,3.7089196306271397
2017-11-01,Some college,38185435.60970001,1335105.4792999998,3.4963735727578062,3.5566289902118697
2017-12-01,Some college,38022483.77729999,1311818.008,3.4501112964723664,3.5199552717691422
2018-01-01,Some college,37868142.78479996,1393400.405199999,3.6796111526211455,3.542032007283774
2018-02-01,Some college,37813534.19630004,1441007.407499999,3.8108244524813504,3.6468489671916218
2018-03-01,Some college,37674599.11990008,1389641.8901,3.6885379607555744,3.7263245219526913
2018-04-01,Some college,38307165.97049995,1258180.0756000006,3.284450947295123,3.5946044535106836
2018-05-01,Some college,38067402.7384,1140125.8320999998,2.9950187038894374,3.322669203980046
2018-06-01,Some college,38086105.955999956,1253735.9678,3.2918460323783525,3.1904385611876385
2018-07-01,Some college,37738508.57060003,1242546.7858000007,3.2925169352558874,3.1931272238412265
2018-08-01,Some college,37112076.21689999,1423958.3380999996,3.836913703716639,3.4737588904502936
2018-09-01,Some college,37532822.66039999,1183420.9394999999,3.153029416965753,3.427486685312761
2018-10-01,Some college,37956924.23550001,1120059.4082999998,2.950869784260445,3.3136043016476133
2018-11-01,Some college,37906927.634399906,1149447.7852000003,3.0322894967538745,3.045396232660025
2018-12-01,Some college,37395234.22550004,1195274.3559999997,3.1963280368623415,3.059829105958888
2019-01-01,Some college,37535949.47059992,1398098.2182999998,3.7246912307228626,3.317769588113027
2019-02-01,Some college,37456189.15730004,1302483.702500001,3.477352426404417,3.466123897996541
2019-03-01,Some college,37315041.98019998,1340112.6137,3.5913469276306524,3.5977968615859783
2019-04-01,Some college,37629393.33460002,1107014.4892999998,2.9418876872567226,3.336862347097265
2019-05-01,Some college,37752142.53980003,952933.8928000007,2.524184930154293,3.019139848347224
2019-06-01,Some college,37385485.75230008,1124078.4711999996,3.006724263655829,2.824265627022283
2019-07-01,Some college,37386373.8508999,1250651.5254999995,3.345206813818602,2.9587053358762425
2019-08-01,Some college,37581669.6265,1227543.6615999998,3.2663361521714314,3.206089076548622
2019-09-01,Some college,37651242.36639996,1070901.0967,2.8442649681479684,3.151935978046002
2019-10-01,Some college,38141777.930800006,1031993.1638000002,2.70567660918253,2.9387592431673113
2019-11-01,Some college,37836493.16330018,1057364.2822999998,2.7945620587417417,2.781501212024081
2019-12-01,Some college,37734927.72460014,985049.9221000003,2.6104460283829485,2.7035615654357414
2020-01-01,Some college,37369208.247900166,1149106.3360999995,3.0750085163085297,2.826672201144408
2020-02-01,Some college,37428569.27199994,1257707.7053,3.3602879558660628,3.0152475001858483
2020-03-01,Some college,37342127.47629996,1477889.216,3.9576995631488234,3.464332011774473
2020-04-01,Some college,36090186.42759994,5344930.356500002,14.80992725604895,7.375971591687946
2020-05-01,Some college,36433256.385299996,4738279.8665,13.00537019362285,10.590999004273542
2020-06-01,Some college,36812845.211200014,4010577.966199998,10.894506912439931,12.903268120703911
2020-07-01,Some college,36668304.696700014,3676634.4820000036,10.026737021007913,11.30887137569023
2020-08-01,Some college,36270067.63060001,2957057.1094999993,8.15288556838867,9.69137650061217
2020-09-01,Some college,36153751.912499994,2843546.3689,7.865148756295075,8.681590448563886
2020-10-01,Some college,36402600.93110001,2271381.1106000002,6.239612149964483,7.419215491549409
2020-11-01,Some college,36062087.48260006,2182007.0078,6.0506952318076905,6.718485379355748
2020-12-01,Some college,35935036.448700085,2184058.3214999996,6.077796316188253,6.1227012326534735
2021-01-01,Some college,35589779.4366001,2310010.522699999,6.490657034880111,6.2063828609586835
2021-02-01,Some college,35604606.20629999,2237767.0962000005,6.285049420948358,6.284500924005573
2021-03-01,Some college,35863921.78919992,2203639.0314999996,6.144445229533164,6.306717228453877
2021-04-01,Some college,35705048.75010004,2051077.0646000002,5.744501510011951,6.057998720164491
2021-05-01,Some college,35936037.44629998,2065318.0472000004,5.747205852304254,5.8787175306164565
2021-06-01,Some college,36182148.06110002,2136924.3418,5.906018454712588,5.7992419390095975
2021-07-01,Some college,35871781.0734,1909082.7335000006,5.321962490777027,5.658395599264622
2021-08-01,Some college,35670609.68980007,1916725.5212999987,5.373402747999797,5.53379456449647
2021-09-01,Some college,36015668.78579998,1592211.0339000009,4.420884263928391,5.0387498342350705
2021-10-01,Some college,35836183.81250003,1508184.8043,4.208553042899422,4.667613351609202
2021-11-01,Some college,35722317.92120004,1257718.3855,3.5208196407478507,4.050085649191888
2021-12-01,Some college,35601813.94440001,1194463.4668999997,3.3550635053747953,3.694812063007356
2022-01-01,Some college,35278795.71920004,1322513.9586000002,3.7487502950114555,3.541544480378034
2022-02-01,Some college,35391140.08909997,1416796.1598999994,4.003250972794614,3.7023549243936213
2022-03-01,Some college,35669562.750000045,1154508.1947000003,3.2366760500869862,3.662892439297685
2022-04-01,Some college,35689926.216600075,1061823.2445,2.9751343223739295,3.40502044841851
2022-05-01,Some college,35801567.913699955,1125862.9551,3.144730861547472,3.118847078002796
2022-06-01,Some college,35883910.91070005,1145054.4300000002,3.1909967473990184,3.1036206437734735
2022-07-01,Some college,35677422.93769999,1076576.0507,3.0175275063446145,3.117751705097035
2022-08-01,Some college,35492745.09269996,1146401.5389000003,3.229960195825452,3.146161483189695
2022-09-01,Some college,35835229.000600085,999103.1919000003,2.7880474598983858,3.0118450540228174
2022-10-01,Some college,36420172.957999915,1052464.0937,2.8897833486779745,2.9692636681339373
2022-11-01,Some college,36281887.4164999,1097812.2024000003,3.025785813724643,2.9012055407670005
2022-12-01,Some college,36003404.32399994,1023304.6221999999,2.8422440638977657,2.9192710754334605
2023-01-01,Some college,36155222.588799946,1097104.9304000002,3.0344300265485242,2.967486634723644
2023-02-01,Some college,36088192.36589991,1293204.8361999998,3.5834569464941164,3.1533770123134683
2023-03-01,Some college,36161932.548099965,1118797.4311999998,3.0938540956345655,3.2372470228924013
2023-04-01,Some college,35821580.25389999,973129.5831999998,2.7166014907844627,3.1313041776377144
2023-05-01,Some college,35361613.33960004,1096645.7596999998,3.101232257612835,2.9705626146772874
2023-06-01,Some college,35698615.82129991,1114089.2668999997,3.120819228613531,2.9795509923369425
2023-07-01,Some college,35764981.50610004,1220999.4156999998,3.413952319510489,3.2120012685789514
2023-08-01,Some college,35671782.66419995,1191423.5525,3.339960785575507,3.2915774445665087
2023-09-01,Some college,36122842.77159999,1060293.9842,2.93524513257193,3.229719412552642
2023-10-01,Some college,36335255.31739999,1104689.0631,3.0402677879932045,3.1051579020468805
2023-11-01,Some college,36226821.237299964,966984.1098999998,2.6692491277826242,2.881587349449253
2023-12-01,Some college,35843940.67489998,1062694.301000001,2.964780883437187,2.8914325997376724
2024-01-01,Some college,36224552.12440005,1266366.7721,3.4958797219938673,3.04330324440456
2024-02-01,Some college,36427308.98730008,1283800.1497,3.5242794084723097,3.3283133379677885
2024-03-01,Some college,36430262.04120004,1296283.4415999996,3.558259998607737,3.526139709691305
2024-04-01,Some college,36390598.9991999,1149300.5898000002,3.1582348777091283,3.4135914282630586
2024-05-01,Some college,35515244.694699995,1049255.1505999996,2.954379618160372,3.2236248314924123
2024-06-01,Some college,35612881.434600055,1242358.7783,3.488509573653801,3.2003746898411003
2024-07-01,Some college,35711341.72890004,1369918.23,3.8360872587751844,3.426325483529786
2024-08-01,Some college,35471505.8930001,1331271.5325999998,3.753073062688075,3.692556631705687
2024-09-01,Some college,36236257.872100055,1187177.1970000004,3.2762135681622415,3.621791296541834
2024-10-01,Some college,36262204.28400001,1206016.8843,3.325823424452251,3.4517033517675224
2024-11-01,Some college,35927863.52419998,1236194.2876,3.440767600242455,3.347601530952316
2024-12-01,Some college,35774815.11830004,1162861.8947999994,3.2505042750176383,3.339031766570782
2025-01-01,Some college,36376010.04759996,1344750.3332999996,3.6968054812507525,3.462692452170282
2025-02-01,Some college,36771035.02559997,1396588.6397999995,3.7980672527376385,3.5817923363353437
2025-03-01,Some college,36527053.79560001,1329472.8364000006,3.6396935921509956,3.7115221087131296
2025-04-01,Some college,36885679.04330009,1276722.6365999999,3.4612962800583262,3.6330190416489874
2025-05-01,Some college,36011943.78410001,1136304.1967000002,3.155353689077181,3.4187811870955014
2025-06-01,Some college,36341160.47389999,1178523.8777,3.242945085769644,3.2865316849683843
2025-07-01,Some college,36282804.267000005,1161050.4256999998,3.200001899401145,3.199433558082657
2025-08-01,Some college,36094021.37119991,1247913.9248000002,3.4573978664392704,3.300114950536687
2025-09-01,Some college,36955627.345700026,1231054.3672000002,3.3311689061158356,3.3295228906520844
2025-11-01,Some college,36577686.71929996,1212908.1306999999,3.315978235605636,3.368181669386915
2025-12-01,Some college,36494327.55959995,1328113.1446,3.6392317201379303,3.4287929539531348
2026-01-01,Some college,36004164.38629995,1376876.4220999992,3.8242143528927954,3.5931414362121217
2026-02-01,Some college,36626194.125300065,1404965.6003,3.835958482318806,3.7664681851165116
2026-03-01,Some college,36209472.03639999,1344184.7909000004,3.712246313751118,3.790806382987574
2026-04-01,Some college,35654855.59599994,1058731.5726999994,2.9693895964587127,3.5058647975095467
2026-05-01,Some college,35777431.137800016,1194855.6340999997,3.3396909618745543,3.3404422906947957
2026-06-01,Some college,35315535.710300006,1254423.2316000003,3.5520436158473436,3.287041391393538
2026-07-01,Some college,35932690.15600009,1372421.8682000006,3.819424212998513,3.5703862635734716
2026-08-01,Some college,35890711.83950001,1404499.4683,3.9132672391141017,3.761578355986654
1980-01-01,Bachelor's+,17581832.700000007,336773.3599999999,1.9154622032093376,NA
1980-02-01,Bachelor's+,17517887.809999995,364561.36,2.0810805729209663,NA
1980-03-01,Bachelor's+,17663687.589999974,332425.18999999994,1.8819693696813193,1.9595040486038744
1980-04-01,Bachelor's+,17592422.159999996,351769.33999999985,1.9995503564018606,1.987533433001382
1980-05-01,Bachelor's+,17684807.060000077,311978.38,1.7641039505918061,1.8818745588916619
1980-06-01,Bachelor's+,17597686.049999908,424367.06000000006,2.4114935270140374,2.0583826113359014
1980-07-01,Bachelor's+,17465038.979999993,522677.0800000001,2.992704915222584,2.389434130942809
1980-08-01,Bachelor's+,17550918.71000003,535067.0300000001,3.0486553942907486,2.8176179455091233
1980-09-01,Bachelor's+,17800489.509999946,412310.5900000001,2.3162879299941306,2.7858827465024874
1980-10-01,Bachelor's+,18086811.809999995,431773.95000000007,2.3872308427584628,2.5840580556811137
1980-11-01,Bachelor's+,18199910.150000002,410419.6199999999,2.255063989972499,2.3195275875750307
1980-12-01,Bachelor's+,17953246.44999997,345004.85,1.9216850331824,2.187993288637787
1981-01-01,Bachelor's+,18212258.799999952,466568.39000000025,2.5618370303413514,2.2461953511654165
1981-02-01,Bachelor's+,18040835.290000003,377937.19999999995,2.0948985671937805,2.1928068769058435
1981-03-01,Bachelor's+,18259220.899999976,385720.0399999999,2.1124671316069152,2.2564009097140154
1981-04-01,Bachelor's+,18356072.450000104,385141.88999999996,2.0981715508537215,2.1018457498848053
1981-05-01,Bachelor's+,18305844.9900001,391565.6799999998,2.13901996992709,2.116552884129242
1981-06-01,Bachelor's+,18289873.68999995,446209.53,2.439653425512537,2.2256149820977824
1981-07-01,Bachelor's+,18226366.80999996,495996.8799999998,2.721315142894355,2.4333295127779935
1981-08-01,Bachelor's+,18531962.900000013,539228.6799999998,2.9097224234136547,2.6902303306068482
1981-09-01,Bachelor's+,18989342.449999996,530549.88,2.7939349737726182,2.8083241800268754
1981-10-01,Bachelor's+,19183038.740000054,488478.1499999998,2.546406524120893,2.750021307102388
1981-11-01,Bachelor's+,19138220.580000088,488966.05000000005,2.5549190843321226,2.6317535274085437
1981-12-01,Bachelor's+,18982446.01999998,466941.31999999983,2.4598585425083184,2.5203947169871106
1982-01-01,Bachelor's+,19208381.48999999,517517.87,2.694229444940081,2.56966902392684
1982-02-01,Bachelor's+,19287360.620000023,524036.1399999998,2.7169924922573423,2.6236934932352463
1982-03-01,Bachelor's+,19473759.620000057,574429.1400000001,2.9497598368732376,2.78699392469022
1982-04-01,Bachelor's+,19698914.48000003,580121.62,2.94494207073688,2.8705647999558193
1982-05-01,Bachelor's+,19471412.85999998,572588.7199999997,2.9406634439777384,2.945121783862618
1982-06-01,Bachelor's+,19482777.369999997,615947.25,3.161496116813658,3.015700543842758
1982-07-01,Bachelor's+,19334814.069999926,652256.97,3.3734845736740127,3.1585480448218024
1982-08-01,Bachelor's+,19320099.669999987,636741.6199999999,3.2957470762364873,3.2769092555747186
1982-09-01,Bachelor's+,19948741.80000006,715955.59,3.588976172923336,3.419402607611278
1982-10-01,Bachelor's+,20009916.409999993,679997.7500000001,3.398303801310085,3.427675683489969
1982-11-01,Bachelor's+,20136482.279999975,702293.9500000002,3.4876694957665717,3.4916498233333306
1982-12-01,Bachelor's+,20261738.649999995,660988.02,3.2622472899185295,3.3827401956650616
1983-01-01,Bachelor's+,20556624.679999992,742570.8899999999,3.612319150441386,3.4540786453754957
1983-02-01,Bachelor's+,20703625.91999998,724171.5499999996,3.497800592023063,3.457455677460993
1983-03-01,Bachelor's+,20846527.720000047,715893.0000000002,3.434111472258165,3.5147437382408717
1983-04-01,Bachelor's+,20900721.810000017,704468.8000000005,3.370547708371226,3.4341532575508182
1983-05-01,Bachelor's+,20779573.740000002,670545.03,3.22694314325237,3.3438674412939204
1983-06-01,Bachelor's+,20233774.700000033,663433.7800000003,3.2788433687560987,3.2921114067932318
1983-07-01,Bachelor's+,20279359.160000045,714472.8700000003,3.523153095534005,3.342979869180825
1983-08-01,Bachelor's+,20384819.349999957,760855.7299999996,3.7324624610911807,3.5114863084604284
1983-09-01,Bachelor's+,20893132.42,682101.3000000003,3.2647153442011265,3.506776966942104
1983-10-01,Bachelor's+,20890733.580000002,593180.3200000002,2.8394422710358462,3.2788733587760515
1983-11-01,Bachelor's+,20839338.120000027,519298.51,2.4919146040517304,2.865357406429568
1983-12-01,Bachelor's+,21002638.04000005,525885.9799999997,2.50390440952435,2.6117537615373094
1984-01-01,Bachelor's+,21283710.44000003,637758.7699999999,2.9964642292887675,2.6640944142882828
1984-02-01,Bachelor's+,21776850.040000003,609787.1199999999,2.8001621854397443,2.766843608084288
1984-03-01,Bachelor's+,21862907.07999998,570156.3099999999,2.6078705266125133,2.801498980447009
1984-04-01,Bachelor's+,21667754.29999999,511759.46999999986,2.3618482234681797,2.589960311840146
1984-05-01,Bachelor's+,21794505.869999982,500623.19999999984,2.2970156010240403,2.422244783701578
1984-06-01,Bachelor's+,21305575.36000005,557968.7000000002,2.6188858576781415,2.4259165607234543
1984-07-01,Bachelor's+,21412133.939999927,650793.4199999999,3.039367406460386,2.651756288387523
1984-08-01,Bachelor's+,21487566.62999996,659266.4299999999,3.0681297764054967,2.9087943468480084
1984-09-01,Bachelor's+,21626044.689999998,527897.4599999998,2.4410263992661707,2.8495078607106845
1984-10-01,Bachelor's+,21591354.630000032,516392.43000000005,2.3916629542201138,2.6336063766305937
1984-11-01,Bachelor's+,21429199.790000066,508064.0399999999,2.370895996952196,2.401195116812827
1984-12-01,Bachelor's+,21760936.520000033,542348.9499999998,2.492305188710688,2.4182880466276657
1985-01-01,Bachelor's+,21893407.50000001,595578.2899999998,2.720354472002586,2.5278518858884897
1985-02-01,Bachelor's+,22277453.990000006,535806.2400000001,2.405150248500188,2.5392699697378203
1985-03-01,Bachelor's+,22642607.220000047,533481.46,2.356095545078306,2.493866755193693
1985-04-01,Bachelor's+,22820257.69000002,549391.18,2.4074714118620437,2.389572401813512
1985-05-01,Bachelor's+,22589773.580000043,512260.2600000001,2.267664428710928,2.343743795217092
1985-06-01,Bachelor's+,22295932.91000004,586373.3200000002,2.6299564246401346,2.435030755071035
1985-07-01,Bachelor's+,21881399.839999977,547688.4699999999,2.5029864359902874,2.466869096447116
1985-08-01,Bachelor's+,22011141.749999993,629905.52,2.8617575914706936,2.664900150700371
1985-09-01,Bachelor's+,22674153.02000003,534105.3100000002,2.3555689578741297,2.5734376617783696
1985-10-01,Bachelor's+,22602647.36000007,488932.0899999999,2.1631629349102863,2.4601631614183694
1985-11-01,Bachelor's+,22654349.279999986,452513.87999999983,1.997470218222044,2.172067370335486
1985-12-01,Bachelor's+,22753211.080000013,460673.63999999996,2.0246533044513013,2.0617621525278764
1986-01-01,Bachelor's+,22773962.730000034,491287.7200000001,2.1572342320242277,2.0597859182325235
1986-02-01,Bachelor's+,22848376.010000005,553649.4400000002,2.4231456964717557,2.2016777443157607
1986-03-01,Bachelor's+,23165298.110000085,515192.84999999986,2.223985409355036,2.2681217792836725
1986-04-01,Bachelor's+,23108549.440000013,506293.03999999986,2.190933884944011,2.2793549969236
1986-05-01,Bachelor's+,23153118.719999954,495813.5299999999,2.1414546178252434,2.185457970708096
1986-06-01,Bachelor's+,23233090.630000032,550098.44,2.3677368145315896,2.2333751057669473
1986-07-01,Bachelor's+,23037366.359999985,602691.8,2.6161488712809637,2.375113434545931
1986-08-01,Bachelor's+,23177834.72999998,618009.5499999999,2.66638172719424,2.55008913766893
1986-09-01,Bachelor's+,23523016.24999993,600999.0699999998,2.554940504281638,2.612490367585613
1986-10-01,Bachelor's+,23554999.9399999,544191.1100000001,2.310299772388802,2.510540667954892
1986-11-01,Bachelor's+,23634686.770000022,521658.82999999996,2.2071747134899704,2.3574716633868023
1986-12-01,Bachelor's+,23863083.940000087,491426.01000000007,2.0593566667058303,2.192277050861533
1987-01-01,Bachelor's+,23735850.499999918,534204.8200000001,2.2506243035192774,2.172385227905025
1987-02-01,Bachelor's+,23923107.66000004,592651.0700000001,2.477316402295533,2.262432457506879
1987-03-01,Bachelor's+,24118904.71000001,543027.9,2.2514616916864125,2.32646746583374
1987-04-01,Bachelor's+,23890476.770000093,538963.4000000003,2.2559759070057193,2.328251333662554
1987-05-01,Bachelor's+,23992317.429999918,530478.11,2.2110332257303824,2.239490274807504
1987-06-01,Bachelor's+,23979575.74000004,565207.2199999999,2.3570359464583213,2.2746816930648066
1987-07-01,Bachelor's+,24144880.60000003,584823.0900000002,2.422141155670074,2.330070109286258
1987-08-01,Bachelor's+,24315351.75999992,652133.04,2.681980694487811,2.4870525988720673
1987-09-01,Bachelor's+,24815347.45000004,577001.9000000001,2.3251816286779383,2.4764344929452733
1987-10-01,Bachelor's+,24766661.97999993,507991.41000000015,2.0511097151898126,2.3527573461185196
1987-11-01,Bachelor's+,24833290.59999995,462684.8700000001,1.8631637564777703,2.0798183667818395
1987-12-01,Bachelor's+,24837411.660000052,455235.46,1.83286191907486,1.9157117969141464
1988-01-01,Bachelor's+,24842295.02999995,554320.0399999999,2.2313559972240657,1.9757938909255641
1988-02-01,Bachelor's+,25020879.379999965,473196.91000000015,1.8912081498552062,1.9851420220513762
1988-03-01,Bachelor's+,25062577.240000002,438316.8399999999,1.7488897322995338,1.9571512931262676
1988-04-01,Bachelor's+,25108716.820000015,387695.6100000001,1.544067794381218,1.7280552255119848
1988-05-01,Bachelor's+,25064612.690000016,423110.78999999986,1.688080303625867,1.6603459434355383
1988-06-01,Bachelor's+,25106650.940000013,494562.56000000006,1.9698467994871474,1.7339982991647431
1988-07-01,Bachelor's+,25329693.43999996,581528.5000000002,2.2958371027170283,1.9845880686100132
1988-08-01,Bachelor's+,25532973.949999906,634848.64,2.48638737204368,2.2506904247492843
1988-09-01,Bachelor's+,26130345.140000015,576009.8799999997,2.204371495722231,2.328865323494312
1988-10-01,Bachelor's+,25979869.240000032,492301.2100000001,1.8949333634136467,2.195230743726518
1988-11-01,Bachelor's+,25976312.99000001,447947.63,1.7244465377840361,1.9412504656399703
1988-12-01,Bachelor's+,25766172.889999952,512931.1599999999,1.9907153545456198,1.8700317519144332
1989-01-01,Bachelor's+,26024893.16999991,547375.3199999998,2.103275953620377,1.939479281983343
1989-02-01,Bachelor's+,26247103.500000007,577984.0900000001,2.2020871369673225,2.0986928150444384
1989-03-01,Bachelor's+,26636424.44999999,555926.4299999999,2.0870910472370103,2.130818045941569
1989-04-01,Bachelor's+,26859406.050000053,563949.3699999999,2.0996345524178066,2.129604245540712
1989-05-01,Bachelor's+,26652377.689999998,501408.30999999994,1.8812892261695997,2.0226716086081376
1989-06-01,Bachelor's+,26384690.040000103,560576.1299999999,2.1246265510420894,2.035183443209831
1989-07-01,Bachelor's+,26347422.68999989,592976.2099999997,2.2506042316809327,2.0855066696308726
1989-08-01,Bachelor's+,26380170.570000056,650378.9400000001,2.4654083955758086,2.2802130594329424
1989-09-01,Bachelor's+,26652064.929999974,634244.0799999998,2.3797183507762094,2.365243659344316
1989-10-01,Bachelor's+,26804964.689999945,543932.7200000001,2.0292237885428874,2.2914501782983008
1989-11-01,Bachelor's+,26828099.230000135,551602.5299999998,2.056062657555621,2.155001598958238
1989-12-01,Bachelor's+,26721973.780000113,521362.85,1.9510641477771773,2.012116864625227
1990-01-01,Bachelor's+,26852843.81,593595.02,2.2105480678323732,2.072558291055056
1990-02-01,Bachelor's+,26996781.009999976,564287.2400000002,2.090201938486594,2.0839380513653802
1990-03-01,Bachelor's+,27143248.729999997,521261.05999999965,1.9204077786896503,2.0737192616695377
1990-04-01,Bachelor's+,27235759.69999996,567771.1599999998,2.0846532876408097,2.031754334939017
1990-05-01,Bachelor's+,27239620.57000003,497868.2099999998,1.8277354808250152,1.9442655157184905
1990-06-01,Bachelor's+,27121564.759999953,631101.7,2.32693690642354,2.0797752249631203
1990-07-01,Bachelor's+,26897760.519999854,659922.23,2.453446745164209,2.20270637747092
1990-08-01,Bachelor's+,27046982.919999994,699382.07,2.585804383685395,2.4553960117577134
1990-09-01,Bachelor's+,27315983.540000014,624782.89,2.2872428850497095,2.44216467129977
1990-10-01,Bachelor's+,27486723.309999958,587881.8700000001,2.138784835754222,2.3372773681631074
1990-11-01,Bachelor's+,27501775.690000024,649687.3799999997,2.3623470256003642,2.262791582134764
1990-12-01,Bachelor's+,27224490.329999886,651804.4700000002,2.3941842881141016,2.2984387164895614
1991-01-01,Bachelor's+,27329088.62999998,714217.6099999999,2.6133971010507144,2.4566428049217257
1991-02-01,Bachelor's+,27601849.009999923,710724.41,2.5749159403868576,2.5274991098505564
1991-03-01,Bachelor's+,27651399.690000013,771131.5900000003,2.7887615044632845,2.6590248486336177
1991-04-01,Bachelor's+,27967649.32,782540.53,2.7980203879358423,2.7205659442619936
1991-05-01,Bachelor's+,28084952.31,787512.3599999999,2.804036664572139,2.7969395189904205
1991-06-01,Bachelor's+,27618611.939999923,795469.25,2.8801927183310942,2.827416590279691
1991-07-01,Bachelor's+,27639304.44000006,871083.2400000002,3.1516105692564174,2.9452799840532156
1991-08-01,Bachelor's+,27646240.239999898,881940.9500000001,3.1900936342293873,3.073965640605632
1991-09-01,Bachelor's+,27585654.690000013,785910.9199999998,2.848984114503898,3.0635627726632335
1991-10-01,Bachelor's+,27844616.319999866,750328.9799999997,2.6947003735909383,2.9112593741080737
1991-11-01,Bachelor's+,27982275.949999973,740356.1600000001,2.6458039414767507,2.7298294765238613
1991-12-01,Bachelor's+,28200631.919999942,766772.48,2.7189904189920067,2.6864982446865646
1992-01-01,Bachelor's+,27728535.139999963,891445.4400000002,3.2149027545059177,2.859899038324891
1992-02-01,Bachelor's+,27905600.510000084,939087.2099999997,3.3652284589377466,3.0997072108118893
1992-03-01,Bachelor's+,27928998.369999968,803987.49,2.8786835795142798,3.152938264319314
1992-04-01,Bachelor's+,27872281.390000023,817486.9500000002,2.9329746588067134,3.0589622324195793
1992-05-01,Bachelor's+,28138786.210000023,819063.7500000002,2.910799861398853,2.907486033239948
1992-06-01,Bachelor's+,28141018.01999999,930821.7499999998,3.307704608761699,3.0504930429890877
1992-07-01,Bachelor's+,27961268.229999956,944284.7700000001,3.377117097238338,3.198540522466296
1992-08-01,Bachelor's+,28044597.679999918,964402.1799999996,3.4388162419165877,3.3745459826388746
1992-09-01,Bachelor's+,28269814.85000004,975722.7899999996,3.451465088035404,3.4224661423967766
1992-10-01,Bachelor's+,28442808.739999913,951665.83,3.3458925899313376,3.412057973294443
1992-11-01,Bachelor's+,28669711.63000001,938337.7999999996,3.272923746530196,3.356760474832312
1992-12-01,Bachelor's+,28725376.509999923,845504.5599999997,2.9434063630311735,3.1874075664975687
1993-01-01,Bachelor's+,28850575.180000044,927971.7699999998,3.216475804070948,3.1442686378774387
1993-02-01,Bachelor's+,28964822.779999934,930139.1999999995,3.211271848838157,3.123718005313426
1993-03-01,Bachelor's+,28894441.24000003,890018.1599999995,3.0802400801158343,3.1693292443416463
1993-04-01,Bachelor's+,28524922.859999917,817168.6199999996,2.8647531283805967,3.052088352444862
1993-05-01,Bachelor's+,28775145.049999926,750269.98,2.6073542937709777,2.8507825007558023
1993-06-01,Bachelor's+,28798906.88,862354.9000000001,2.9944015013947647,2.8221696411821124
1993-07-01,Bachelor's+,28438834.40999993,851168.12,2.992978220305345,2.864911338490362
1993-08-01,Bachelor's+,28754982.249999985,879680.98,3.059229779215045,3.015536500305051
1993-09-01,Bachelor's+,29018355.409999974,877767.2,3.0248688721260675,3.0256922905488186
1993-10-01,Bachelor's+,29255491.660000004,802293.0099999998,2.742367208604963,2.9421552866486915
1993-11-01,Bachelor's+,29655287.500000067,784849.3300000004,2.6465746791360516,2.80460358662236
1993-12-01,Bachelor's+,29560634.25,750899.1699999999,2.540199792905323,2.6430472268821124
1994-01-01,Bachelor's+,29686617.335000042,898119.0449999999,3.0253330477673925,2.7373691732695886
1994-02-01,Bachelor's+,29735663.120099835,848152.8256999997,2.8523084293576435,2.8059470900101195
1994-03-01,Bachelor's+,29773715.036800005,823801.9855,2.766876704777315,2.8815060606341167
1994-04-01,Bachelor's+,29934350.539899923,680342.8278000001,2.272782991878048,2.6306560420043357
1994-05-01,Bachelor's+,30076984.85000012,695643.7437000002,2.312877262030464,2.4508456528952753
1994-06-01,Bachelor's+,29681749.234200038,787181.3864,2.6520720870890933,2.4125774469992014
1994-07-01,Bachelor's+,29761920.99740008,845284.2740999998,2.840153611636297,2.6017009869186176
1994-08-01,Bachelor's+,29844616.21979998,897802.6264000003,3.0082565638902943,2.8334940875385612
1994-09-01,Bachelor's+,30506461.329399977,788014.9762000002,2.583108436246478,2.8105062039243562
1994-10-01,Bachelor's+,30424465.56050004,683081.3313000001,2.2451711762747997,2.6121787254705233
1994-11-01,Bachelor's+,30414462.614100017,632304.3022,2.078959310321223,2.302412974280833
1994-12-01,Bachelor's+,30571094.935200013,627873.5509,2.0538144028889755,2.1259816298283325
1995-01-01,Bachelor's+,30559884.193800047,755851.396,2.473345092562053,2.2020396019240835
1995-02-01,Bachelor's+,31132052.593699954,729229.9962000002,2.342376860649307,2.2898454520334446
1995-03-01,Bachelor's+,31197382.87929996,786817.7448,2.5220633020536734,2.4459284184216776
1995-04-01,Bachelor's+,30922443.81380002,769798.2464000001,2.489448282404044,2.451296148369008
1995-05-01,Bachelor's+,30945501.890799925,725968.1445000002,2.345956924731054,2.4524895030629232
1995-06-01,Bachelor's+,30807116.350300033,847989.1713999999,2.7525756119388993,2.529326939691332
1995-07-01,Bachelor's+,31053566.437300008,849404.8637,2.7352892474203445,2.611273928030099
1995-08-01,Bachelor's+,31038791.70830003,931879.0419000005,3.0023045054643935,2.830056454941212
1995-09-01,Bachelor's+,31512249.530799977,775600.2049999998,2.461265750773935,2.7329531678862238
1995-10-01,Bachelor's+,31846046.36749998,708263.1734999999,2.224022301942032,2.5625308527267863
1995-11-01,Bachelor's+,31742357.86340011,690673.3176,2.175872758325767,2.2870536036805773
1995-12-01,Bachelor's+,31589124.682400025,673456.2635999998,2.1319244213665027,2.1772731605447664
1996-01-01,Bachelor's+,31832181.762500048,800220.9345000002,2.513873979705349,2.273890386465872
1996-02-01,Bachelor's+,31966192.96819999,753751.183,2.357963564037271,2.33458732170304
1996-03-01,Bachelor's+,31937457.53980005,691864.6664000002,2.166311033174157,2.346049525638925
1996-04-01,Bachelor's+,31802478.24419989,666218.1502999997,2.094862372625014,2.2063789899454798
1996-05-01,Bachelor's+,32116722.659900002,708051.0145,2.2046178932947345,2.155263766364634
1996-06-01,Bachelor's+,31960808.82500007,756317.9739000001,2.3663918458421507,2.221957370587299
1996-07-01,Bachelor's+,32112066.20989999,813128.3862000001,2.532158413242548,2.36772271745981
1996-08-01,Bachelor's+,32111009.809199948,833256.3472000002,2.5949241464255306,2.497824801836742
1996-09-01,Bachelor's+,32267134.055500004,751553.6170000001,2.3291613556608883,2.485414638442988
1996-10-01,Bachelor's+,32688648.818199985,651173.2629999999,1.9920470455097175,2.3053775158653775
1996-11-01,Bachelor's+,32932738.75109987,697844.1434,2.1189982062354096,2.1467355358020037
1996-12-01,Bachelor's+,32632171.321199916,662350.5950000001,2.0297472346551926,2.046930828800105
1997-01-01,Bachelor's+,32597069.727100015,712432.6913,2.1855728053608128,2.111439415417137
1997-02-01,Bachelor's+,32764249.366499975,671094.5197000001,2.04825238690243,2.087857475639477
1997-03-01,Bachelor's+,32903961.52039998,654632.2628999997,1.9895241565187742,2.0744497829273376
1997-04-01,Bachelor's+,33186661.72620015,581780.0602,1.7530538774880668,1.9302768069697558
1997-05-01,Bachelor's+,32975922.48229994,686702.5803,2.082436300814913,1.9416714449405834
1997-06-01,Bachelor's+,32700716.81799993,718280.0819000001,2.1965270238499075,2.010672400717628
1997-07-01,Bachelor's+,32876696.232799985,781968.6811999998,2.3784892364575723,2.219150853707463
1997-08-01,Bachelor's+,32977779.805800077,843885.5369999999,2.5589519427004563,2.377989401002644
1997-09-01,Bachelor's+,33759392.03620002,728360.6684000001,2.157505288066156,2.364982155741393
1997-10-01,Bachelor's+,33749389.9287,599731.4420000002,1.7770141720102532,2.164490467592287
1997-11-01,Bachelor's+,33637499.00980009,541525.7583999999,1.609887103206542,1.8481355210943153
1997-12-01,Bachelor's+,33770909.58809998,544047.8068,1.6109954201284198,1.66596556511507
1998-01-01,Bachelor's+,33723113.71819997,669745.3241999999,1.9860127086620303,1.7356317439989954
1998-02-01,Bachelor's+,33933384.43800001,643730.2363000002,1.8970410613658815,1.8313497300521087
1998-03-01,Bachelor's+,34050987.303699955,619554.7865000003,1.8194914026257323,1.900848390884546
1998-04-01,Bachelor's+,34103655.79629991,504251.1852,1.4785839624111763,1.7317054754675947
1998-05-01,Bachelor's+,34085127.367899895,534801.8880000003,1.5690183059244096,1.622364556987104
1998-06-01,Bachelor's+,34076571.19590004,620459.9447,1.8207816189401456,1.6227946290919084
1998-07-01,Bachelor's+,34589402.27749998,655835.7819999999,1.8960598877610955,1.7619532708752148
1998-08-01,Bachelor's+,34636079.58769991,756566.7174,2.1843312707615867,1.9670575924876073
1998-09-01,Bachelor's+,35173178.51640003,612280.8104999999,1.7407605349471462,1.9403838978232741
1998-10-01,Bachelor's+,35190611.73790005,628004.3375999999,1.7845792004906906,1.9032236687331394
1998-11-01,Bachelor's+,34872579.17890002,604049.7930000001,1.732162653932652,1.7525007964568278
1998-12-01,Bachelor's+,34949849.67199999,578317.9983,1.6547081138472488,1.723816656090195
1999-01-01,Bachelor's+,34897116.82019994,658046.1620000004,1.8856748693321717,1.7575152123706888
1999-02-01,Bachelor's+,35257739.62449995,689321.2625000001,1.9550920445875763,1.8318250092556634
1999-03-01,Bachelor's+,35180060.60009995,646470.2303999998,1.8376040841673906,1.8927903326957107
1999-04-01,Bachelor's+,35439180.85079997,644507.8705,1.8186308346499251,1.870442321134962
1999-05-01,Bachelor's+,35673782.18379997,622508.6706999999,1.745003284184123,1.8004127343338105
1999-06-01,Bachelor's+,35526205.93929988,760434.2860999998,2.1404883127662964,1.9013741438667793
1999-07-01,Bachelor's+,35906441.856400184,728639.3713999998,2.0292720017038466,1.9715878662180863
1999-08-01,Bachelor's+,35954983.47290002,692298.6878999999,1.9254596193092375,2.031739977926458
1999-09-01,Bachelor's+,36063843.051900014,622098.1066,1.7249911655414243,1.8932409288515004
1999-10-01,Bachelor's+,36131520.721099965,577279.9913999998,1.5977185014050124,1.7493897620852223
1999-11-01,Bachelor's+,35375451.52409989,562024.7464000001,1.5887422553945776,1.6371506407803356
1999-12-01,Bachelor's+,35926717.464799955,560941.0550999998,1.5613479178819911,1.5826028915605246
2000-01-01,Bachelor's+,36552819.83379998,693288.3410000002,1.8966753978277875,1.6822551903681162
2000-02-01,Bachelor's+,36771269.58530003,611908.9252999998,1.6640951813766618,1.7073728323621442
2000-03-01,Bachelor's+,36531408.79280013,588413.4929999998,1.6107057254139308,1.7238254348727908
2000-04-01,Bachelor's+,36655274.8476998,513050.4837999997,1.3996634479803791,1.5581547849236548
2000-05-01,Bachelor's+,36608029.64659997,560092.5045000002,1.5299717299918096,1.5134469677953708
2000-06-01,Bachelor's+,36337616.67769997,609150.325,1.6763629007453023,1.535332692905828
2000-07-01,Bachelor's+,36527420.60350014,699663.9195000001,1.9154484711492514,1.7072610339621186
2000-08-01,Bachelor's+,36495250.07340002,800732.4021999999,2.1940729289141734,1.928628100269573
2000-09-01,Bachelor's+,36922491.76959999,706657.3776999998,1.9138940624853056,2.0078051541829076
2000-10-01,Bachelor's+,36867041.49990003,567224.9008,1.5385690788384472,1.8821786900793063
2000-11-01,Bachelor's+,36838456.15039994,526759.5226999999,1.429917476860064,1.6274602060612697
2000-12-01,Bachelor's+,37105882.001,518508.5654999998,1.3973756653622356,1.4552874070202464
2001-01-01,Bachelor's+,37126140.77020009,627427.8653999999,1.6899894585962871,1.5057608669395266
2001-02-01,Bachelor's+,37384967.20510002,583821.9179,1.5616488699777582,1.5496713313120913
2001-03-01,Bachelor's+,37209978.38870003,721735.6395,1.9396292896509113,1.7304225394083164
2001-04-01,Bachelor's+,36810090.569799975,740006.2250000001,2.010335246518306,1.8372044687156561
2001-05-01,Bachelor's+,37304535.09329998,730524.1974,1.9582718175496165,1.9694121179062754
2001-06-01,Bachelor's+,36518450.3845001,840943.0582000001,2.302789547052988,2.0904655370403007
2001-07-01,Bachelor's+,37270638.89720011,912640.8044000001,2.4486856984589034,2.2365823543538332
2001-08-01,Bachelor's+,37168418.028500095,1012591.4924999999,2.7243330392043115,2.491936094905398
2001-09-01,Bachelor's+,37632999.72659995,958151.3768,2.54604040007673,2.573019712579979
2001-10-01,Bachelor's+,37981935.29349995,979989.0957000002,2.5801452404341045,2.616839559905046
2001-11-01,Bachelor's+,37914412.40099999,1043177.3070999999,2.751400433341507,2.6258620246174442
2001-12-01,Bachelor's+,37679136.51200001,1068637.8793000001,2.836152784339051,2.7225661527048843
2002-01-01,Bachelor's+,37697729.33109995,1162437.7765000006,3.083575051139779,2.8903760896067756
2002-02-01,Bachelor's+,38603323.64700012,1119644.7102000003,2.9003842271156577,2.9400373541981595
2002-03-01,Bachelor's+,38585387.69499989,1048746.8492000003,2.717989663573868,2.9006496472764325
2002-04-01,Bachelor's+,39063084.35369996,1072090.1619000004,2.7445097580945492,2.7876278829280223
2002-05-01,Bachelor's+,39120980.68860003,1066767.6648000006,2.7268428501099917,2.729780757259467
2002-06-01,Bachelor's+,38580279.96919996,1189576.6776,3.083380106493997,2.8515775715661764
2002-07-01,Bachelor's+,38514196.15129991,1253179.8805,3.253812894281849,3.02134528362861
2002-08-01,Bachelor's+,38470254.15259987,1234547.1391999999,3.2090953553437016,3.182096118706513
2002-09-01,Bachelor's+,38756415.36939984,1169747.6923,3.0182040344824443,3.160370761369329
2002-10-01,Bachelor's+,38774370.46469997,1135184.8720000004,2.9276680920802263,3.0516558273021217
2002-11-01,Bachelor's+,38358539.86420001,1059211.4826000002,2.761344634988469,2.902405587183711
2002-12-01,Bachelor's+,38540954.97279997,1046201.5866000007,2.714519106592846,2.8011772778871777
2003-01-01,Bachelor's+,38786817.9636,1234209.3959000004,3.182033125424881,2.885965622335396
2003-02-01,Bachelor's+,39365869.774299994,1181013.8123999997,3.000095816937911,2.9655493496518766
2003-03-01,Bachelor's+,39655712.3087999,1175880.3344999994,2.9652230814652714,3.0491173412760184
2003-04-01,Bachelor's+,39664087.33659983,1157114.773,2.917285763265952,2.960868220556376
2003-05-01,Bachelor's+,39881295.50029999,1129964.6534000007,2.8333198288192545,2.9052762245168235
2003-06-01,Bachelor's+,39808542.46929984,1256666.7713999997,3.1567766450357615,2.9691274123736537
2003-07-01,Bachelor's+,39659762.62400006,1329478.1590999996,3.35220906817901,3.114101847344673
2003-08-01,Bachelor's+,39798146.138200045,1429908.554,3.5929024156919454,3.367296042968903
2003-09-01,Bachelor's+,39865641.314799935,1307225.9347,3.2790791558511776,3.408063546574042
2003-10-01,Bachelor's+,40703558.33980003,1224731.4510000004,3.0089051202249686,3.293628897256028
2003-11-01,Bachelor's+,40485902.37709992,1183307.1025,2.922763315186264,3.070249197087468
2003-12-01,Bachelor's+,40285353.81719999,1144722.8085000003,2.841535943048504,2.924401459486577
2004-01-01,Bachelor's+,40305571.29869992,1234636.0227999997,3.063189487255385,2.9424962484967154
2004-02-01,Bachelor's+,40137178.35709989,1170609.9724999997,2.9165228359729225,2.9404160887589352
2004-03-01,Bachelor's+,40494679.494799994,1125508.3962000003,2.7793982079658863,2.919703510398063
2004-04-01,Bachelor's+,40317013.38329989,1093310.1252999997,2.7117835215265984,2.802568188488467
2004-05-01,Bachelor's+,40330183.168300174,1077073.0757999998,2.6706376990784095,2.720606476190296
2004-06-01,Bachelor's+,39982147.758800104,1117369.7060999996,2.7946715440119534,2.7256975882056516
2004-07-01,Bachelor's+,39921742.49909994,1175098.694099999,2.943505519896814,2.8029382543290566
2004-08-01,Bachelor's+,39980260.5744001,1210625.0142000003,3.028056838066683,2.922077967325148
2004-09-01,Bachelor's+,40582539.45260006,1063655.8987000003,2.620969296271708,2.8641772180783995
2004-10-01,Bachelor's+,41093002.084200025,1009012.1209999998,2.45543540219457,2.7014871788443187
2004-11-01,Bachelor's+,41281964.9026998,999145.6753000002,2.4202958305278175,2.498900176331363
2004-12-01,Bachelor's+,40889566.5982,944907.2033000003,2.3108760544837765,2.395535762402053
2005-01-01,Bachelor's+,40800863.396399975,1040810.7949,2.5509528678058193,2.4273749176058024
2005-02-01,Bachelor's+,40660911.575199984,976079.2724999997,2.4005346527826807,2.4207878583574236
2005-03-01,Bachelor's+,40528950.08899987,960546.3335000004,2.37002520763721,2.4405042427419015
2005-04-01,Bachelor's+,41017449.74530004,955637.3658,2.3298312589741177,2.366797039798001
2005-05-01,Bachelor's+,41104667.04879987,941618.1278000002,2.2907815472196913,2.3302126712770046
2005-06-01,Bachelor's+,40827191.999299936,970083.2418000001,2.3760714227337365,2.33222807630918
2005-07-01,Bachelor's+,41081714.12370005,1095704.4709,2.6671342573504933,2.4446624091013054
2005-08-01,Bachelor's+,41178608.75899999,974827.8066000005,2.3673160312560153,2.4701739037800796
2005-09-01,Bachelor's+,41711915.09120007,998035.9869999993,2.3926880001022877,2.4757127629029303
2005-10-01,Bachelor's+,42006657.97620008,932942.2815000002,2.2209390759640577,2.3269810357741183
2005-11-01,Bachelor's+,41707788.51840003,915854.0278999999,2.195882496852972,2.2698365243064376
2005-12-01,Bachelor's+,42069864.90499993,858455.935,2.040548351981929,2.152456641599651
2006-01-01,Bachelor's+,41708169.10960011,925517.4209999999,2.219031524898489,2.1518207912444614
2006-02-01,Bachelor's+,41595302.05729988,930976.4101,2.2381768229919987,2.1659188999574703
2006-03-01,Bachelor's+,41832065.87800023,912583.4297000004,2.1815404296825185,2.2129162591910005
2006-04-01,Bachelor's+,42198774.41619995,885359.6076000001,2.098069481515828,2.1725955780634467
2006-05-01,Bachelor's+,42432821.09549975,842046.3853999999,1.9844223496356315,2.088010753611324
2006-06-01,Bachelor's+,42272523.21700002,893463.3737999998,2.113579473866587,2.06535710167268
2006-07-01,Bachelor's+,42588208.017400205,985491.8016999997,2.3140015689257427,2.137334464142652
2006-08-01,Bachelor's+,42397166.06330004,864873.75490000006,2.0399329370475416,2.155837993279955
2006-09-01,Bachelor's+,42982820.44440001,922502.8057000001,2.1462128268043603,2.1667157775925463
2006-10-01,Bachelor's+,43309720.78530002,802249.6898,1.852354795305667,2.012833519719188
2006-11-01,Bachelor's+,43593675.08319975,771917.5833000003,1.770710044121708,1.9230925554105764
2006-12-01,Bachelor's+,43764335.42430003,773267.1140000001,1.7668887382913292,1.7966511925728994
2007-01-01,Bachelor's+,43637902.87780014,952630.9539000001,2.183035597672204,1.9068781266950783
2007-02-01,Bachelor's+,43688499.53079987,828844.5083000003,1.8971686306499833,1.94903098887117
2007-03-01,Bachelor's+,43562000.74099976,773544.1845000002,1.7757315351495198,1.9519785878239002
2007-04-01,Bachelor's+,43620718.82699969,755515.4717000001,1.7320105950027642,1.8016369202674205
2007-05-01,Bachelor's+,44238372.83429996,838763.8438000001,1.8960097084530867,1.801250612868455
2007-06-01,Bachelor's+,44116851.79989986,901288.4973999996,2.042957420189365,1.8903259078817367
2007-07-01,Bachelor's+,44403361.6164998,1056712.1492000003,2.3798021382402226,2.106256422294223
2007-08-01,Bachelor's+,44443667.20750005,1027780.8622999995,2.3125473816133635,2.2451023133476484
2007-09-01,Bachelor's+,44261443.46050002,912504.5035000003,2.0616239149867344,2.251324478280105
2007-10-01,Bachelor's+,44578112.46829985,920918.8871,2.065854375855144,2.1466752241517457
2007-11-01,Bachelor's+,44643874.62980008,929670.2337999998,2.082413861944319,2.0699640509287307
2007-12-01,Bachelor's+,44730356.91339996,910902.9033000001,2.0364311088855165,2.0615664488949914
2008-01-01,Bachelor's+,44666394.892000064,991535.4571,2.21986900777969,2.1129046595365066
2008-02-01,Bachelor's+,45363621.73519987,954219.1667000001,2.1034898233435677,2.1199299800029228
2008-03-01,Bachelor's+,45403032.30199989,931851.4907,2.0523992417549484,2.1252526909594
2008-04-01,Bachelor's+,45266697.98309976,894444.2983000001,1.9759433273306999,2.0439441308097366
2008-05-01,Bachelor's+,44681378.53420037,951155.0662000002,2.1287504938370683,2.0523643543075702
2008-06-01,Bachelor's+,44830643.143900074,1080270.7941,2.4096705252085777,2.1714547821254464
2008-07-01,Bachelor's+,45076367.99039985,1259660.9418000001,2.794504078208512,2.4443083657513838
2008-08-01,Bachelor's+,45388617.588699885,1406250.3110999996,3.0982444185524276,2.7674730073231704
2008-09-01,Bachelor's+,45222366.57869981,1193250.7117999997,2.6386295147190126,2.843792670493315
2008-10-01,Bachelor's+,45677925.43639983,1396542.3111000003,3.0573680782514776,2.9314140038409704
2008-11-01,Bachelor's+,45390235.50409985,1386386.6922000004,3.054372106253504,2.9167898997413295
2008-12-01,Bachelor's+,45211769.19489989,1614955.9696,3.5719813631672146,3.227907182557397
2009-01-01,Bachelor's+,45134365.5857999,1899186.0627000006,4.207849247575376,3.611400905665363
2009-02-01,Bachelor's+,45010235.91500002,1903637.5081000004,4.229343546865521,4.003058052536035
2009-03-01,Bachelor's+,45211484.36870004,1933988.4581999993,4.277648666494351,4.2382804869784145
2009-04-01,Bachelor's+,45350494.9387,1828931.8834999981,4.032881859331756,4.179958024230541
2009-05-01,Bachelor's+,45384440.75789997,2070533.7586000003,4.562210581474637,4.29091370243358
2009-06-01,Bachelor's+,45315144.65630023,2211693.3524999986,4.880693572259188,4.491928671021859
2009-07-01,Bachelor's+,45796967.07719993,2423629.4696000004,5.292117850325086,4.911674001352969
2009-08-01,Bachelor's+,45895592.86629997,2380469.9885,5.1867071320652265,5.119839518216499
2009-09-01,Bachelor's+,45952017.93790001,2297929.8762999997,5.000715919386704,5.159846967259004
2009-10-01,Bachelor's+,46470541.07529996,2146047.7769,4.618082181187832,4.93516841087992
2009-11-01,Bachelor's+,45922250.90460017,2114616.9667999996,4.604776388668204,4.741191496414245
2009-12-01,Bachelor's+,45889943.91670011,2198563.9391,4.790949283117136,4.6712692843243895
2010-01-01,Bachelor's+,45967899.96850005,2349604.7111,5.1114032024740945,4.835709624753144
2010-02-01,Bachelor's+,45657280.94069973,2282143.3893000004,4.998421592963624,4.9669246928516175
2010-03-01,Bachelor's+,45785970.18950015,2192555.582899998,4.788706177515498,4.966176990984405
2010-04-01,Bachelor's+,45856963.0814999,2033028.8129999994,4.433413545914002,4.740180438797707
2010-05-01,Bachelor's+,45573575.26080008,2024424.3271999995,4.442101186082057,4.554740303170518
2010-06-01,Bachelor's+,45993931.03690013,2057697.7596000007,4.473846251474233,4.449786994490096
2010-07-01,Bachelor's+,46137682.54890013,2322711.5241,5.034304706653219,4.650084048069835
2010-08-01,Bachelor's+,45838371.38269977,2282125.355099999,4.978635335986902,4.828928764704783
2010-09-01,Bachelor's+,46658066.235199764,2099031.7805999992,4.498754341894368,4.837231461511494
2010-10-01,Bachelor's+,46521669.098299995,2083685.4894999997,4.478956860075646,4.652115512652304
2010-11-01,Bachelor's+,46310881.93710019,2236542.6399,4.8294105971414885,4.602373933037166
2010-12-01,Bachelor's+,46385689.597800046,2160847.4599,4.658435561993852,4.655601006403661
2011-01-01,Bachelor's+,46417374.766300164,2090797.1238000006,4.504341605544561,4.664062588226632
2011-02-01,Bachelor's+,46705146.57079992,2049176.8412999997,4.38747545346779,4.516750873668733
2011-03-01,Bachelor's+,47120684.284600034,2035090.8198000018,4.318890633057104,4.403569230689817
2011-04-01,Bachelor's+,47028185.23269999,1939175.8978000006,4.123433401065279,4.276599829196723
2011-05-01,Bachelor's+,46881360.01140003,2008521.192400001,4.284263920482669,4.242195984868349
2011-06-01,Bachelor's+,46708334.755600005,2051160.452500001,4.39142277975149,4.266373367099811
2011-07-01,Bachelor's+,46629713.28549994,2205130.8622000017,4.729025136180097,4.46823727880475
2011-08-01,Bachelor's+,46871628.51779996,2173550.267599998,4.637240770873944,4.585896228935176
2011-09-01,Bachelor's+,47100282.16819979,1998300.4626000014,4.242650724392418,4.536305543815485
2011-10-01,Bachelor's+,47423830.19090005,2014532.3624000011,4.247932641228461,4.375941378831606
2011-11-01,Bachelor's+,47231761.49649994,2002511.8373000002,4.239756837035168,4.243446734218682
2011-12-01,Bachelor's+,47196234.32700014,1891407.4504999998,4.007538901081264,4.165076126448297
2012-01-01,Bachelor's+,47573076.235600084,2116471.5355999996,4.4488851742914886,4.232060304135973
2012-02-01,Bachelor's+,47972220.75370003,2056525.8922000001,4.286909923888365,4.247777999753705
2012-03-01,Bachelor's+,48464446.00770001,2012371.3307999994,4.152263146638001,4.296019414939284
2012-04-01,Bachelor's+,48132241.004400164,1781682.6187000007,3.7016406913966926,4.046937920641018
2012-05-01,Bachelor's+,48313598.45729999,1808288.6321,3.7428150455366773,3.865572961190456
2012-06-01,Bachelor's+,47785066.59080016,1970185.4236000003,4.123014916922417,3.8558235512852614
2012-07-01,Bachelor's+,47653835.23610028,2160435.9845000003,4.533603588874116,4.133144517111069
2012-08-01,Bachelor's+,48482747.27429983,2183882.1253999993,4.504452095184076,4.387023533660202
2012-09-01,Bachelor's+,48670809.19660011,1946743.5828999989,3.9998175806700753,4.3459577549094215
2012-10-01,Bachelor's+,49028020.37579982,1779584.6834000004,3.6297298356317107,4.04466650382862
2012-11-01,Bachelor's+,48991600.1193002,1838199.0872999998,3.7520699116252025,3.793872442642329
2012-12-01,Bachelor's+,48787038.041900024,1881917.7771999997,3.8574134703232907,3.7464044058600674
2013-01-01,Bachelor's+,49003702.364900105,1931346.3876000002,3.9412254470457446,3.8502362763314117
2013-02-01,Bachelor's+,49635769.611899994,1954189.907099999,3.937059750215879,3.911899555861637
2013-03-01,Bachelor's+,49662679.004899934,1855838.1353000016,3.7368868786093814,3.8717240252903338
2013-04-01,Bachelor's+,49745255.37450016,1782996.0455999984,3.5842534773959107,3.752733368740389
2013-05-01,Bachelor's+,49536833.96269967,1772750.0514999996,3.5786502884597913,3.6332635481550266
2013-06-01,Bachelor's+,49384064.8695,1948358.8078,3.9453188249056477,3.7027408635871155
2013-07-01,Bachelor's+,49055245.76909953,2053551.3566000005,4.186201341780977,3.9033901517154717
2013-08-01,Bachelor's+,49143962.06790013,1853187.5171000017,3.770936324872486,3.96748549718637
2013-09-01,Bachelor's+,49343975.20349993,1807029.0261999997,3.662106708564957,3.8730814584061393
2013-10-01,Bachelor's+,49732074.44589968,1838151.607900001,3.6961088560655315,3.709717296500991
2013-11-01,Bachelor's+,49984182.04160015,1628905.9238,3.258842812400764,3.539019459010417
2013-12-01,Bachelor's+,49656721.54579976,1565097.4686000005,3.1518340717609963,3.3689285800757633
2014-01-01,Bachelor's+,50403944.095700055,1697067.767700001,3.3669344694094625,3.25920378452374
2014-02-01,Bachelor's+,50623724.856099956,1754664.154900001,3.4660905729234797,3.3282863713646456
2014-03-01,Bachelor's+,50469340.91840021,1715667.7866000005,3.3994257808397474,3.4108169410575626
2014-04-01,Bachelor's+,50455357.18199983,1525284.526,3.023037812413212,3.2961847220588125
2014-05-01,Bachelor's+,50429235.28890003,1488879.0983000011,2.9524126030674074,3.1249587321067884
2014-06-01,Bachelor's+,50264973.31260004,1693361.4036,3.368869596466136,3.1147733373155844
2014-07-01,Bachelor's+,50003483.02980007,1765731.0457000001,3.5312161047815316,3.2841661014383576
2014-08-01,Bachelor's+,49795212.66140002,1796678.432500001,3.608134871753928,3.5027401910005316
2014-09-01,Bachelor's+,50297235.02010017,1497145.3167000008,2.976595663959858,3.371982213498439
2014-10-01,Bachelor's+,50658029.33670013,1504786.6539999996,2.9704800476907414,3.185070194468176
2014-11-01,Bachelor's+,51472990.9348,1553553.3127000015,3.0181912581451935,2.988422323265264
2014-12-01,Bachelor's+,51939088.00949977,1397904.8783,2.691431312856938,2.89336753956429
2015-01-01,Bachelor's+,51772541.378900066,1515855.6876999997,2.9279143872929283,2.8791789860983528
2015-02-01,Bachelor's+,52148421.72090003,1448218.6198999998,2.777109205051134,2.7988183017336663
2015-03-01,Bachelor's+,51842830.836100206,1250457.2850000001,2.412015827131989,2.7056798064920167
2015-04-01,Bachelor's+,51544724.587499954,1313364.0618000003,2.5480086901434382,2.5790445741088535
2015-05-01,Bachelor's+,52278494.543899834,1332346.3528999998,2.5485553180594906,2.502859945111639
2015-06-01,Bachelor's+,51714764.82239999,1347582.8696999992,2.605799087219866,2.5674543651409314
2015-07-01,Bachelor's+,52024274.62669959,1483987.8825999997,2.852491251917227,2.668948552398861
2015-08-01,Bachelor's+,52089722.48330006,1436810.386,2.758337571217894,2.738875970118329
2015-09-01,Bachelor's+,52533127.161899984,1313978.6654000003,2.5012382403021545,2.7040223544790916
2015-10-01,Bachelor's+,52903636.73989987,1337305.7585999994,2.5278144207265902,2.5957967440822127
2015-11-01,Bachelor's+,53042362.98080018,1270773.7646999997,2.3957714047543157,2.47494135526102
2015-12-01,Bachelor's+,53473238.93649989,1257527.6886000005,2.3516953781186314,2.425093734533179
2016-01-01,Bachelor's+,52991675.20549983,1367110.9753000005,2.5798598930839476,2.4424422253189646
2016-02-01,Bachelor's+,53749036.05619998,1330122.1051999999,2.4746901578090155,2.4687484763371983
2016-03-01,Bachelor's+,53999621.21550008,1400985.9475000002,2.594436620044032,2.549662223645665
2016-04-01,Bachelor's+,53751742.29389994,1235507.4305999996,2.298543968760269,2.4558902488711056
2016-05-01,Bachelor's+,53611142.00190023,1203148.2607000005,2.2442130791717796,2.379064555992027
2016-06-01,Bachelor's+,53913199.961699635,1416933.7337000004,2.6281759099934736,2.3903109859751743
2016-07-01,Bachelor's+,53889519.51579991,1497593.778,2.7790074794801596,2.550465489548471
2016-08-01,Bachelor's+,53751969.48540005,1644041.7862999996,3.058570322240098,2.821917903904577
2016-09-01,Bachelor's+,54307947.234299876,1383849.3451999999,2.5481525553335342,2.7952434523512637
2016-10-01,Bachelor's+,54318339.70070025,1403027.5221000006,2.5829720308662405,2.729898302813291
2016-11-01,Bachelor's+,54074397.1426001,1199638.3458000002,2.2184960151038258,2.4498735337678665
2016-12-01,Bachelor's+,54202825.3100999,1267702.4282,2.338812452943818,2.3800934996379612
2017-01-01,Bachelor's+,54499461.29239989,1392259.1845,2.554629259599956,2.3706459092158663
2017-02-01,Bachelor's+,55357375.982799925,1303968.7687,2.355546565475133,2.416329426006302
2017-03-01,Bachelor's+,55116812.921800256,1332158.2141000004,2.4169725052681597,2.4423827767810824
2017-04-01,Bachelor's+,55189334.06449996,1241016.2339,2.2486523074361076,2.340390459393133
2017-05-01,Bachelor's+,55485661.34429975,1185308.6800000002,2.1362432226317356,2.2672893451120006
2017-06-01,Bachelor's+,55231996.699900016,1349090.1110999999,2.4425879774548185,2.2758278358408868
2017-07-01,Bachelor's+,55758875.61459999,1490795.1796000001,2.673646416230187,2.4174925387722466
2017-08-01,Bachelor's+,55390435.873699956,1535210.7124,2.771616955498515,2.629283783061173
2017-09-01,Bachelor's+,55869361.217800304,1257838.2794000003,2.251391911384957,2.5655517610378857
2017-10-01,Bachelor's+,55885313.282199845,1137016.4086999998,2.0345531623997415,2.3525206764277375
2017-11-01,Bachelor's+,55648863.462200046,1079386.6548999997,1.939638274253673,2.075194449346123
2017-12-01,Bachelor's+,55920349.39909995,1134587.5059,2.028934937087967,2.0010421245804597
2018-01-01,Bachelor's+,56016870.59780003,1254148.9732,2.2388772521849063,2.069150154508848
2018-02-01,Bachelor's+,57458133.29560007,1295569.2241,2.254805629404619,2.174205939559163
2018-03-01,Bachelor's+,57246908.27750009,1256970.2048999998,2.195699720248526,2.229794200612683
2018-04-01,Bachelor's+,57172324.43829991,1107494.3824999996,1.9371162417844356,2.1292071971458593
2018-05-01,Bachelor's+,57267123.09789997,1052788.8992000003,1.8383827268574748,1.9903995629634779
2018-06-01,Bachelor's+,56598312.16339997,1393059.3617,2.4613090186827864,2.078935995774898
2018-07-01,Bachelor's+,57070653.05870031,1464303.6817000003,2.565773481151308,2.2884884088971886
2018-08-01,Bachelor's+,57432090.05760001,1379976.1128,2.402796261490726,2.476626253774939
2018-09-01,Bachelor's+,57381528.07220004,1136711.7943999995,1.9809716342334718,2.316513792291834
2018-10-01,Bachelor's+,58220314.20669992,1157582.4676,1.9882793203249098,2.1240157386830347
2018-11-01,Bachelor's+,58758628.15889998,1217897.8022999996,2.072713132455133,2.0139880290045036
2018-12-01,Bachelor's+,59134572.31670017,1205143.1476999992,2.037967132400576,2.0329865283935384
2019-01-01,Bachelor's+,58588093.10420002,1470574.3912,2.510022622829789,2.2069009625618317
2019-02-01,Bachelor's+,59345356.02960007,1317966.0241,2.2208410434720953,2.256276932900819
2019-03-01,Bachelor's+,59059702.74390015,1220626.4132,2.0667669434317797,2.2658768699112204
2019-04-01,Bachelor's+,58497143.24560006,1109769.1707000001,1.8971339609536793,2.0615806492858506
2019-05-01,Bachelor's+,58334393.173699744,1145858.3378999997,1.9642928906246235,1.9760645983366931
2019-06-01,Bachelor's+,58273646.80870019,1302136.1636999995,2.2345197786825177,2.031982210086939
2019-07-01,Bachelor's+,58579674.1300001,1482705.2957000001,2.531091744227833,2.2433014711783237
2019-08-01,Bachelor's+,58581035.64870004,1433130.8967000004,2.44640758025213,2.4040063677208257
2019-09-01,Bachelor's+,59436324.51559992,1175660.898799999,1.9780174975177505,2.31850560733257
2019-10-01,Bachelor's+,60066650.42299983,1189949.5684000002,1.9810486518228798,2.1351579098642524
2019-11-01,Bachelor's+,60482362.79290013,1090797.1326999997,1.803496229859667,1.9208541264000978
2019-12-01,Bachelor's+,60629657.79860006,1081650.5979,1.7840288683354162,1.8561912500059865
2020-01-01,Bachelor's+,60453188.55639991,1236709.5712,2.0457309212833485,1.8777520064928093
2020-02-01,Bachelor's+,60654204.723300226,1191596.2711999996,1.9645732338524087,1.9314443411570565
2020-03-01,Bachelor's+,61030539.66219993,1506016.3047000002,2.467643761689971,2.1593159722752415
2020-04-01,Bachelor's+,60269342.00300007,4944343.8883,8.203746256353488,4.2119877506319545
2020-05-01,Bachelor's+,60524752.24910018,4349389.896299999,7.186134159458144,5.9525080591672
2020-06-01,Bachelor's+,61648987.95990017,4297009.691999999,6.97012203151657,7.453334149109399
2020-07-01,Bachelor's+,61697818.44080007,4293599.746699997,6.9590787084631955,7.038444966479301
2020-08-01,Bachelor's+,61663125.05040006,3404962.6665,5.5218782111950535,6.483692983724938
2020-09-01,Bachelor's+,60176739.10690002,2793775.2568000024,4.642616562916519,5.707857827524921
2020-10-01,Bachelor's+,60068825.82829991,2415968.2425999986,4.022000112846848,4.728831628986138
2020-11-01,Bachelor's+,60102219.51230013,2430290.1104999995,4.043594613011973,4.236070429591778
2020-12-01,Bachelor's+,60646173.7826998,2193691.5753,3.6171969944223954,3.8942639067604037
2021-01-01,Bachelor's+,60699975.441999994,2479476.597500001,4.084806590851406,3.9151993994285896
2021-02-01,Bachelor's+,61492855.03490007,2369059.450099999,3.8525767729526414,3.8515267860754796
2021-03-01,Bachelor's+,61442957.64309999,2257385.1916000005,3.6739526842316703,3.8704453493452378
2021-04-01,Bachelor's+,60785388.57320015,2055263.0756,3.3811794640828388,3.6359029737557154
2021-05-01,Bachelor's+,60655135.1730001,1840573.5734999995,3.034489278196034,3.3632071421701792
2021-06-01,Bachelor's+,60076734.50800009,2180770.725,3.6299754686393597,3.348548070306076
2021-07-01,Bachelor's+,60617886.54630003,2114816.749900001,3.4887668811823405,3.3844105426725766
2021-08-01,Bachelor's+,60540614.15980007,1912177.6347000003,3.158503859331042,3.425748736384246
2021-09-01,Bachelor's+,60916532.527900204,1523654.1841000011,2.501216206621998,3.0494956490451255
2021-10-01,Bachelor's+,61245548.01229994,1422073.0164000005,2.3219206335036886,2.660546899818908
2021-11-01,Bachelor's+,61667177.69129991,1320401.5357,2.1411739358493196,2.3214369253250005
2021-12-01,Bachelor's+,61454279.141699925,1177660.4869,1.916319747538778,2.1264714389639274
2022-01-01,Bachelor's+,61837374.081599906,1461447.6816999996,2.36337280391546,2.1402888291011846
2022-02-01,Bachelor's+,62788862.31510012,1376841.0056000003,2.1928108821122616,2.1575011445221652
2022-03-01,Bachelor's+,62031478.05899994,1183421.2762999996,1.9077753961858093,2.154653027404509
2022-04-01,Bachelor's+,61783135.95230001,1144067.4653999999,1.851747160071776,1.984111146123281
2022-05-01,Bachelor's+,62266929.072899975,1086694.4749,1.7452193179909925,1.834913958082858
2022-06-01,Bachelor's+,61707852.38369991,1413877.1251999997,2.2912434489025815,1.962736642321782
2022-07-01,Bachelor's+,63273179.33540003,1493434.2480999995,2.3602958849018263,2.1322528839317987
2022-08-01,Bachelor's+,63671307.321600005,1424901.1277999994,2.2379014782952518,2.296480270699885
2022-09-01,Bachelor's+,63882763.019100025,1115976.3493999997,1.7469130899462486,2.115036817714441
2022-10-01,Bachelor's+,63855971.35049969,1195532.4737999998,1.8722328523323677,1.952349140191288
2022-11-01,Bachelor's+,63422100.02060001,1225770.5812999997,1.9327183756164799,1.8506214392983642
2022-12-01,Bachelor's+,63455851.29670004,1115002.9624000003,1.7571318319985805,1.8540276866491414
2023-01-01,Bachelor's+,63270440.19039993,1360278.6652,2.1499434192436615,1.9465978756195728
2023-02-01,Bachelor's+,64217325.34410025,1328464.1566999997,2.068700540830058,1.9919252640240988
2023-03-01,Bachelor's+,64322414.28860003,1274820.5676999998,1.9819227586517045,2.0668555729084734
2023-04-01,Bachelor's+,64291782.010999784,1138663.6625000003,1.7710874187702317,1.9405702394173303
2023-05-01,Bachelor's+,64202043.866199866,1239470.3779000007,1.9305777561896882,1.8945293112038737
2023-06-01,Bachelor's+,63890525.60969998,1387480.461,2.1716529137292775,1.9577726962297313
2023-07-01,Bachelor's+,64626620.65289997,1536609.2430000007,2.3776722772693035,2.159967649062755
2023-08-01,Bachelor's+,64310041.91459997,1684473.4420999996,2.6193007996121094,2.389541996870229
2023-09-01,Bachelor's+,64552805.664400205,1361509.6203000003,2.109140890604001,2.3687046558284703
2023-10-01,Bachelor's+,64982402.85499979,1320243.8158,2.0316943630815887,2.2533786844325654
2023-11-01,Bachelor's+,64632192.27739979,1290492.3178999994,1.9966711207338257,2.045835458139804
2023-12-01,Bachelor's+,64408826.13859974,1253850.2188000001,1.9467055898548302,1.9916903578900806
2024-01-01,Bachelor's+,64084033.2626001,1431736.4364999998,2.234154692843859,2.0591771344775043
2024-02-01,Bachelor's+,64561567.372299865,1483175.7221000004,2.297304390934531,2.159388224544406
2024-03-01,Bachelor's+,64990243.15209992,1355350.3593,2.085467438747699,2.2056421741753622
2024-04-01,Bachelor's+,64659178.10230004,1278530.9759,1.977338737398087,2.120036855693438
2024-05-01,Bachelor's+,65188946.71359998,1301996.7226,1.997266083037314,2.020024086394366
2024-06-01,Bachelor's+,65176820.03379975,1678782.3223000001,2.575735240580022,2.1834466870051403
2024-07-01,Bachelor's+,65444574.710899934,1795779.4388000008,2.7439699115363188,2.4389904117178838
2024-08-01,Bachelor's+,65421174.808599934,1896909.8028000006,2.899534911058556,2.7397466877249648
2024-09-01,Bachelor's+,65906362.37179986,1483148.9921,2.250388185184702,2.6312976692598578
2024-10-01,Bachelor's+,66480304.834900275,1636122.4687,2.461063427376287,2.5369955078731805
2024-11-01,Bachelor's+,65893627.91859998,1567120.3446000004,2.3782577983654245,2.3632364703088036
2024-12-01,Bachelor's+,65780026.89299989,1463138.236500001,2.224289507938319,2.354536911226676
2025-01-01,Bachelor's+,66447064.35430003,1536305.7453999994,2.312074672265908,2.3048739928565496
2025-02-01,Bachelor's+,67030622.383,1704308.9076999999,2.542582549751528,2.359648909985251
2025-03-01,Bachelor's+,67459320.94429997,1759595.5978999992,2.6083802405198653,2.4876791541790997
2025-04-01,Bachelor's+,66943508.50360015,1574439.4028000003,2.3518925703084843,2.5009517868599587
2025-05-01,Bachelor's+,66986229.95389984,1631811.8824000005,2.4360407855808863,2.465437865469745
2025-06-01,Bachelor's+,66691149.47039993,1794611.8934000004,2.690929617574694,2.492954324488021
2025-07-01,Bachelor's+,67524601.88919994,2100234.8741,3.110325444859701,2.74576528267176
2025-08-01,Bachelor's+,67839005.05369973,2048197.9554000003,3.019204001855121,2.940153021429838
2025-09-01,Bachelor's+,67967339.97249995,1910078.1027999988,2.8102881524756294,2.979939199730149
2025-11-01,Bachelor's+,67534625.56860009,1895774.1919999998,2.807114389157776,2.8788688478295072
2025-12-01,Bachelor's+,67596542.79489991,1739139.7558999998,2.572823526162962,2.730075355932121
2026-01-01,Bachelor's+,67019736.542900145,2042458.6742000002,3.0475480501069976,2.8091619884759105
2026-02-01,Bachelor's+,67855286.72650012,2070827.6927000007,3.0518295516851186,2.890733709318358
2026-03-01,Bachelor's+,67901845.40269998,1904204.7250999995,2.804349003781689,2.9679088685246
2026-04-01,Bachelor's+,67555656.40789975,1737116.8548999992,2.5713862424951084,2.8091882659873035
2026-05-01,Bachelor's+,67394461.35890022,1662423.2375999996,2.4667060231359166,2.614147089804236
2026-06-01,Bachelor's+,66530322.27129996,1841693.8603000005,2.7682022233258827,2.602098162985634
2026-07-01,Bachelor's+,66578891.17810013,2072238.2880000004,3.112455391389312,2.7824545459503685
2026-08-01,Bachelor's+,67946813.73739997,2013399.4468,2.963199208400503,2.947952274371897
